park_name,park_status_final,month,park_status_key,total_attractions,open_attractions,closed_attractions,unknown_attractions,known_attractions,availability_pct,unknown_pct,availability_data_status
กุยบุรี,กุยบุรี,1,กุยบุรี,2.0,2.0,0.0,0.0,2.0,100.0,0.0,Known
กุยบุรี,กุยบุรี,2,กุยบุรี,2.0,2.0,0.0,0.0,2.0,100.0,0.0,Known
กุยบุรี,กุยบุรี,3,กุยบุรี,2.0,2.0,0.0,0.0,2.0,100.0,0.0,Known
กุยบุรี,กุยบุรี,4,กุยบุรี,2.0,2.0,0.0,0.0,2.0,100.0,0.0,Known
กุยบุรี,กุยบุรี,5,กุยบุรี,2.0,2.0,0.0,0.0,2.0,100.0,0.0,Known
กุยบุรี,กุยบุรี,6,กุยบุรี,2.0,2.0,0.0,0.0,2.0,100.0,0.0,Known
กุยบุรี,กุยบุรี,7,กุยบุรี,2.0,2.0,0.0,0.0,2.0,100.0,0.0,Known
กุยบุรี,กุยบุรี,8,กุยบุรี,2.0,2.0,0.0,0.0,2.0,100.0,0.0,Known
กุยบุรี,กุยบุรี,9,กุยบุรี,2.0,2.0,0.0,0.0,2.0,100.0,0.0,Known
กุยบุรี,กุยบุรี,10,กุยบุรี,2.0,2.0,0.0,0.0,2.0,100.0,0.0,Known
กุยบุรี,กุยบุรี,11,กุยบุรี,2.0,2.0,0.0,0.0,2.0,100.0,0.0,Known
กุยบุรี,กุยบุรี,12,กุยบุรี,2.0,2.0,0.0,0.0,2.0,100.0,0.0,Known
ขุนขาน,ขุนขาน,1,ขุนขาน,4.0,4.0,0.0,0.0,4.0,100.0,0.0,Known
ขุนขาน,ขุนขาน,2,ขุนขาน,4.0,4.0,0.0,0.0,4.0,100.0,0.0,Known
ขุนขาน,ขุนขาน,3,ขุนขาน,4.0,4.0,0.0,0.0,4.0,100.0,0.0,Known
ขุนขาน,ขุนขาน,4,ขุนขาน,4.0,4.0,0.0,0.0,4.0,100.0,0.0,Known
ขุนขาน,ขุนขาน,5,ขุนขาน,4.0,4.0,0.0,0.0,4.0,100.0,0.0,Known
ขุนขาน,ขุนขาน,6,ขุนขาน,4.0,4.0,0.0,0.0,4.0,100.0,0.0,Known
ขุนขาน,ขุนขาน,7,ขุนขาน,4.0,4.0,0.0,0.0,4.0,100.0,0.0,Known
ขุนขาน,ขุนขาน,8,ขุนขาน,4.0,3.0,1.0,0.0,4.0,75.0,0.0,Known
ขุนขาน,ขุนขาน,9,ขุนขาน,4.0,1.0,3.0,0.0,4.0,25.0,0.0,Known
ขุนขาน,ขุนขาน,10,ขุนขาน,4.0,4.0,0.0,0.0,4.0,100.0,0.0,Known
ขุนขาน,ขุนขาน,11,ขุนขาน,4.0,4.0,0.0,0.0,4.0,100.0,0.0,Known
ขุนขาน,ขุนขาน,12,ขุนขาน,4.0,4.0,0.0,0.0,4.0,100.0,0.0,Known
ขุนน่าน,ขุนน่าน,1,ขุนน่าน,4.0,4.0,0.0,0.0,4.0,100.0,0.0,Known
ขุนน่าน,ขุนน่าน,2,ขุนน่าน,4.0,3.0,1.0,0.0,4.0,75.0,0.0,Known
ขุนน่าน,ขุนน่าน,3,ขุนน่าน,4.0,3.0,1.0,0.0,4.0,75.0,0.0,Known
ขุนน่าน,ขุนน่าน,4,ขุนน่าน,4.0,3.0,1.0,0.0,4.0,75.0,0.0,Known
ขุนน่าน,ขุนน่าน,5,ขุนน่าน,4.0,3.0,1.0,0.0,4.0,75.0,0.0,Known
ขุนน่าน,ขุนน่าน,6,ขุนน่าน,4.0,3.0,1.0,0.0,4.0,75.0,0.0,Known
ขุนน่าน,ขุนน่าน,7,ขุนน่าน,4.0,3.0,1.0,0.0,4.0,75.0,0.0,Known
ขุนน่าน,ขุนน่าน,8,ขุนน่าน,4.0,4.0,0.0,0.0,4.0,100.0,0.0,Known
ขุนน่าน,ขุนน่าน,9,ขุนน่าน,4.0,4.0,0.0,0.0,4.0,100.0,0.0,Known
ขุนน่าน,ขุนน่าน,10,ขุนน่าน,4.0,4.0,0.0,0.0,4.0,100.0,0.0,Known
ขุนน่าน,ขุนน่าน,11,ขุนน่าน,4.0,4.0,0.0,0.0,4.0,100.0,0.0,Known
ขุนน่าน,ขุนน่าน,12,ขุนน่าน,4.0,4.0,0.0,0.0,4.0,100.0,0.0,Known
ขุนพะวอ,ขุนพะวอ,1,ขุนพะวอ,8.0,5.0,0.0,3.0,5.0,100.0,37.5,Known
ขุนพะวอ,ขุนพะวอ,2,ขุนพะวอ,8.0,5.0,0.0,3.0,5.0,100.0,37.5,Known
ขุนพะวอ,ขุนพะวอ,3,ขุนพะวอ,8.0,5.0,0.0,3.0,5.0,100.0,37.5,Known
ขุนพะวอ,ขุนพะวอ,4,ขุนพะวอ,8.0,5.0,0.0,3.0,5.0,100.0,37.5,Known
ขุนพะวอ,ขุนพะวอ,5,ขุนพะวอ,8.0,5.0,0.0,3.0,5.0,100.0,37.5,Known
ขุนพะวอ,ขุนพะวอ,6,ขุนพะวอ,8.0,5.0,0.0,3.0,5.0,100.0,37.5,Known
ขุนพะวอ,ขุนพะวอ,7,ขุนพะวอ,8.0,5.0,0.0,3.0,5.0,100.0,37.5,Known
ขุนพะวอ,ขุนพะวอ,8,ขุนพะวอ,8.0,5.0,0.0,3.0,5.0,100.0,37.5,Known
ขุนพะวอ,ขุนพะวอ,9,ขุนพะวอ,8.0,5.0,0.0,3.0,5.0,100.0,37.5,Known
ขุนพะวอ,ขุนพะวอ,10,ขุนพะวอ,8.0,5.0,0.0,3.0,5.0,100.0,37.5,Known
ขุนพะวอ,ขุนพะวอ,11,ขุนพะวอ,8.0,5.0,0.0,3.0,5.0,100.0,37.5,Known
ขุนพะวอ,ขุนพะวอ,12,ขุนพะวอ,8.0,5.0,0.0,3.0,5.0,100.0,37.5,Known
ขุนสถาน,ขุนสถาน,1,ขุนสถาน,4.0,4.0,0.0,0.0,4.0,100.0,0.0,Known
ขุนสถาน,ขุนสถาน,2,ขุนสถาน,4.0,4.0,0.0,0.0,4.0,100.0,0.0,Known
ขุนสถาน,ขุนสถาน,3,ขุนสถาน,4.0,0.0,4.0,0.0,4.0,0.0,0.0,Known
ขุนสถาน,ขุนสถาน,4,ขุนสถาน,4.0,0.0,4.0,0.0,4.0,0.0,0.0,Known
ขุนสถาน,ขุนสถาน,5,ขุนสถาน,4.0,0.0,4.0,0.0,4.0,0.0,0.0,Known
ขุนสถาน,ขุนสถาน,6,ขุนสถาน,4.0,4.0,0.0,0.0,4.0,100.0,0.0,Known
ขุนสถาน,ขุนสถาน,7,ขุนสถาน,4.0,4.0,0.0,0.0,4.0,100.0,0.0,Known
ขุนสถาน,ขุนสถาน,8,ขุนสถาน,4.0,4.0,0.0,0.0,4.0,100.0,0.0,Known
ขุนสถาน,ขุนสถาน,9,ขุนสถาน,4.0,4.0,0.0,0.0,4.0,100.0,0.0,Known
ขุนสถาน,ขุนสถาน,10,ขุนสถาน,4.0,4.0,0.0,0.0,4.0,100.0,0.0,Known
ขุนสถาน,ขุนสถาน,11,ขุนสถาน,4.0,4.0,0.0,0.0,4.0,100.0,0.0,Known
ขุนสถาน,ขุนสถาน,12,ขุนสถาน,4.0,4.0,0.0,0.0,4.0,100.0,0.0,Known
ขุนแจ,ขุนแจ,1,ขุนแจ,7.0,7.0,0.0,0.0,7.0,100.0,0.0,Known
ขุนแจ,ขุนแจ,2,ขุนแจ,7.0,7.0,0.0,0.0,7.0,100.0,0.0,Known
ขุนแจ,ขุนแจ,3,ขุนแจ,7.0,4.0,3.0,0.0,7.0,57.14285714285714,0.0,Known
ขุนแจ,ขุนแจ,4,ขุนแจ,7.0,4.0,3.0,0.0,7.0,57.14285714285714,0.0,Known
ขุนแจ,ขุนแจ,5,ขุนแจ,7.0,4.0,3.0,0.0,7.0,57.14285714285714,0.0,Known
ขุนแจ,ขุนแจ,6,ขุนแจ,7.0,0.0,7.0,0.0,7.0,0.0,0.0,Known
ขุนแจ,ขุนแจ,7,ขุนแจ,7.0,0.0,7.0,0.0,7.0,0.0,0.0,Known
ขุนแจ,ขุนแจ,8,ขุนแจ,7.0,0.0,7.0,0.0,7.0,0.0,0.0,Known
ขุนแจ,ขุนแจ,9,ขุนแจ,7.0,0.0,7.0,0.0,7.0,0.0,0.0,Known
ขุนแจ,ขุนแจ,10,ขุนแจ,7.0,4.0,3.0,0.0,7.0,57.14285714285714,0.0,Known
ขุนแจ,ขุนแจ,11,ขุนแจ,7.0,7.0,0.0,0.0,7.0,100.0,0.0,Known
ขุนแจ,ขุนแจ,12,ขุนแจ,7.0,7.0,0.0,0.0,7.0,100.0,0.0,Known
คลองพนม,คลองพนม,1,คลองพนม,10.0,7.0,0.0,3.0,7.0,100.0,30.0,Known
คลองพนม,คลองพนม,2,คลองพนม,10.0,7.0,0.0,3.0,7.0,100.0,30.0,Known
คลองพนม,คลองพนม,3,คลองพนม,10.0,7.0,0.0,3.0,7.0,100.0,30.0,Known
คลองพนม,คลองพนม,4,คลองพนม,10.0,7.0,0.0,3.0,7.0,100.0,30.0,Known
คลองพนม,คลองพนม,5,คลองพนม,10.0,6.0,1.0,3.0,7.0,85.71428571428571,30.0,Known
คลองพนม,คลองพนม,6,คลองพนม,10.0,6.0,1.0,3.0,7.0,85.71428571428571,30.0,Known
คลองพนม,คลองพนม,7,คลองพนม,10.0,6.0,1.0,3.0,7.0,85.71428571428571,30.0,Known
คลองพนม,คลองพนม,8,คลองพนม,10.0,6.0,1.0,3.0,7.0,85.71428571428571,30.0,Known
คลองพนม,คลองพนม,9,คลองพนม,10.0,6.0,1.0,3.0,7.0,85.71428571428571,30.0,Known
คลองพนม,คลองพนม,10,คลองพนม,10.0,6.0,1.0,3.0,7.0,85.71428571428571,30.0,Known
คลองพนม,คลองพนม,11,คลองพนม,10.0,7.0,0.0,3.0,7.0,100.0,30.0,Known
คลองพนม,คลองพนม,12,คลองพนม,10.0,7.0,0.0,3.0,7.0,100.0,30.0,Known
คลองลาน,คลองลาน,1,คลองลาน,10.0,10.0,0.0,0.0,10.0,100.0,0.0,Known
คลองลาน,คลองลาน,2,คลองลาน,10.0,10.0,0.0,0.0,10.0,100.0,0.0,Known
คลองลาน,คลองลาน,3,คลองลาน,10.0,10.0,0.0,0.0,10.0,100.0,0.0,Known
คลองลาน,คลองลาน,4,คลองลาน,10.0,10.0,0.0,0.0,10.0,100.0,0.0,Known
คลองลาน,คลองลาน,5,คลองลาน,10.0,10.0,0.0,0.0,10.0,100.0,0.0,Known
คลองลาน,คลองลาน,6,คลองลาน,10.0,10.0,0.0,0.0,10.0,100.0,0.0,Known
คลองลาน,คลองลาน,7,คลองลาน,10.0,10.0,0.0,0.0,10.0,100.0,0.0,Known
คลองลาน,คลองลาน,8,คลองลาน,10.0,10.0,0.0,0.0,10.0,100.0,0.0,Known
คลองลาน,คลองลาน,9,คลองลาน,10.0,10.0,0.0,0.0,10.0,100.0,0.0,Known
คลองลาน,คลองลาน,10,คลองลาน,10.0,10.0,0.0,0.0,10.0,100.0,0.0,Known
คลองลาน,คลองลาน,11,คลองลาน,10.0,10.0,0.0,0.0,10.0,100.0,0.0,Known
คลองลาน,คลองลาน,12,คลองลาน,10.0,10.0,0.0,0.0,10.0,100.0,0.0,Known
คลองวังเจ้า,คลองวังเจ้า,1,คลองวังเจ้า,11.0,11.0,0.0,0.0,11.0,100.0,0.0,Known
คลองวังเจ้า,คลองวังเจ้า,2,คลองวังเจ้า,11.0,11.0,0.0,0.0,11.0,100.0,0.0,Known
คลองวังเจ้า,คลองวังเจ้า,3,คลองวังเจ้า,11.0,9.0,2.0,0.0,11.0,81.81818181818183,0.0,Known
คลองวังเจ้า,คลองวังเจ้า,4,คลองวังเจ้า,11.0,9.0,2.0,0.0,11.0,81.81818181818183,0.0,Known
คลองวังเจ้า,คลองวังเจ้า,5,คลองวังเจ้า,11.0,9.0,2.0,0.0,11.0,81.81818181818183,0.0,Known
คลองวังเจ้า,คลองวังเจ้า,6,คลองวังเจ้า,11.0,9.0,2.0,0.0,11.0,81.81818181818183,0.0,Known
คลองวังเจ้า,คลองวังเจ้า,7,คลองวังเจ้า,11.0,9.0,2.0,0.0,11.0,81.81818181818183,0.0,Known
คลองวังเจ้า,คลองวังเจ้า,8,คลองวังเจ้า,11.0,9.0,2.0,0.0,11.0,81.81818181818183,0.0,Known
คลองวังเจ้า,คลองวังเจ้า,9,คลองวังเจ้า,11.0,7.0,4.0,0.0,11.0,63.63636363636363,0.0,Known
คลองวังเจ้า,คลองวังเจ้า,10,คลองวังเจ้า,11.0,9.0,2.0,0.0,11.0,81.81818181818183,0.0,Known
คลองวังเจ้า,คลองวังเจ้า,11,คลองวังเจ้า,11.0,11.0,0.0,0.0,11.0,100.0,0.0,Known
คลองวังเจ้า,คลองวังเจ้า,12,คลองวังเจ้า,11.0,11.0,0.0,0.0,11.0,100.0,0.0,Known
ดอยขุนตาล,ดอยขุนตาล,1,ดอยขุนตาล,14.0,14.0,0.0,0.0,14.0,100.0,0.0,Known
ดอยขุนตาล,ดอยขุนตาล,2,ดอยขุนตาล,14.0,14.0,0.0,0.0,14.0,100.0,0.0,Known
ดอยขุนตาล,ดอยขุนตาล,3,ดอยขุนตาล,14.0,0.0,14.0,0.0,14.0,0.0,0.0,Known
ดอยขุนตาล,ดอยขุนตาล,4,ดอยขุนตาล,14.0,0.0,14.0,0.0,14.0,0.0,0.0,Known
ดอยขุนตาล,ดอยขุนตาล,5,ดอยขุนตาล,14.0,14.0,0.0,0.0,14.0,100.0,0.0,Known
ดอยขุนตาล,ดอยขุนตาล,6,ดอยขุนตาล,14.0,14.0,0.0,0.0,14.0,100.0,0.0,Known
ดอยขุนตาล,ดอยขุนตาล,7,ดอยขุนตาล,14.0,14.0,0.0,0.0,14.0,100.0,0.0,Known
ดอยขุนตาล,ดอยขุนตาล,8,ดอยขุนตาล,14.0,14.0,0.0,0.0,14.0,100.0,0.0,Known
ดอยขุนตาล,ดอยขุนตาล,9,ดอยขุนตาล,14.0,14.0,0.0,0.0,14.0,100.0,0.0,Known
ดอยขุนตาล,ดอยขุนตาล,10,ดอยขุนตาล,14.0,14.0,0.0,0.0,14.0,100.0,0.0,Known
ดอยขุนตาล,ดอยขุนตาล,11,ดอยขุนตาล,14.0,14.0,0.0,0.0,14.0,100.0,0.0,Known
ดอยขุนตาล,ดอยขุนตาล,12,ดอยขุนตาล,14.0,14.0,0.0,0.0,14.0,100.0,0.0,Known
ดอยจง,ดอยจง,1,ดอยจง,3.0,3.0,0.0,0.0,3.0,100.0,0.0,Known
ดอยจง,ดอยจง,2,ดอยจง,3.0,2.0,1.0,0.0,3.0,66.66666666666666,0.0,Known
ดอยจง,ดอยจง,3,ดอยจง,3.0,2.0,1.0,0.0,3.0,66.66666666666666,0.0,Known
ดอยจง,ดอยจง,4,ดอยจง,3.0,2.0,1.0,0.0,3.0,66.66666666666666,0.0,Known
ดอยจง,ดอยจง,5,ดอยจง,3.0,2.0,1.0,0.0,3.0,66.66666666666666,0.0,Known
ดอยจง,ดอยจง,6,ดอยจง,3.0,2.0,1.0,0.0,3.0,66.66666666666666,0.0,Known
ดอยจง,ดอยจง,7,ดอยจง,3.0,2.0,1.0,0.0,3.0,66.66666666666666,0.0,Known
ดอยจง,ดอยจง,8,ดอยจง,3.0,3.0,0.0,0.0,3.0,100.0,0.0,Known
ดอยจง,ดอยจง,9,ดอยจง,3.0,3.0,0.0,0.0,3.0,100.0,0.0,Known
ดอยจง,ดอยจง,10,ดอยจง,3.0,3.0,0.0,0.0,3.0,100.0,0.0,Known
ดอยจง,ดอยจง,11,ดอยจง,3.0,3.0,0.0,0.0,3.0,100.0,0.0,Known
ดอยจง,ดอยจง,12,ดอยจง,3.0,3.0,0.0,0.0,3.0,100.0,0.0,Known
ดอยผากลอง,ดอยผากลอง,1,ดอยผากลอง,6.0,6.0,0.0,0.0,6.0,100.0,0.0,Known
ดอยผากลอง,ดอยผากลอง,2,ดอยผากลอง,6.0,6.0,0.0,0.0,6.0,100.0,0.0,Known
ดอยผากลอง,ดอยผากลอง,3,ดอยผากลอง,6.0,6.0,0.0,0.0,6.0,100.0,0.0,Known
ดอยผากลอง,ดอยผากลอง,4,ดอยผากลอง,6.0,6.0,0.0,0.0,6.0,100.0,0.0,Known
ดอยผากลอง,ดอยผากลอง,5,ดอยผากลอง,6.0,6.0,0.0,0.0,6.0,100.0,0.0,Known
ดอยผากลอง,ดอยผากลอง,6,ดอยผากลอง,6.0,6.0,0.0,0.0,6.0,100.0,0.0,Known
ดอยผากลอง,ดอยผากลอง,7,ดอยผากลอง,6.0,6.0,0.0,0.0,6.0,100.0,0.0,Known
ดอยผากลอง,ดอยผากลอง,8,ดอยผากลอง,6.0,1.0,5.0,0.0,6.0,16.666666666666664,0.0,Known
ดอยผากลอง,ดอยผากลอง,9,ดอยผากลอง,6.0,1.0,5.0,0.0,6.0,16.666666666666664,0.0,Known
ดอยผากลอง,ดอยผากลอง,10,ดอยผากลอง,6.0,6.0,0.0,0.0,6.0,100.0,0.0,Known
ดอยผากลอง,ดอยผากลอง,11,ดอยผากลอง,6.0,6.0,0.0,0.0,6.0,100.0,0.0,Known
ดอยผากลอง,ดอยผากลอง,12,ดอยผากลอง,6.0,6.0,0.0,0.0,6.0,100.0,0.0,Known
ดอยผ้าห่มปก,ดอยผ้าห่มปก,1,ดอยผ้าห่มปก,10.0,9.0,0.0,1.0,9.0,100.0,10.0,Known
ดอยผ้าห่มปก,ดอยผ้าห่มปก,2,ดอยผ้าห่มปก,10.0,9.0,0.0,1.0,9.0,100.0,10.0,Known
ดอยผ้าห่มปก,ดอยผ้าห่มปก,3,ดอยผ้าห่มปก,10.0,4.0,5.0,1.0,9.0,44.44444444444444,10.0,Known
ดอยผ้าห่มปก,ดอยผ้าห่มปก,4,ดอยผ้าห่มปก,10.0,4.0,5.0,1.0,9.0,44.44444444444444,10.0,Known
ดอยผ้าห่มปก,ดอยผ้าห่มปก,5,ดอยผ้าห่มปก,10.0,4.0,5.0,1.0,9.0,44.44444444444444,10.0,Known
ดอยผ้าห่มปก,ดอยผ้าห่มปก,6,ดอยผ้าห่มปก,10.0,4.0,5.0,1.0,9.0,44.44444444444444,10.0,Known
ดอยผ้าห่มปก,ดอยผ้าห่มปก,7,ดอยผ้าห่มปก,10.0,4.0,5.0,1.0,9.0,44.44444444444444,10.0,Known
ดอยผ้าห่มปก,ดอยผ้าห่มปก,8,ดอยผ้าห่มปก,10.0,4.0,5.0,1.0,9.0,44.44444444444444,10.0,Known
ดอยผ้าห่มปก,ดอยผ้าห่มปก,9,ดอยผ้าห่มปก,10.0,4.0,5.0,1.0,9.0,44.44444444444444,10.0,Known
ดอยผ้าห่มปก,ดอยผ้าห่มปก,10,ดอยผ้าห่มปก,10.0,4.0,5.0,1.0,9.0,44.44444444444444,10.0,Known
ดอยผ้าห่มปก,ดอยผ้าห่มปก,11,ดอยผ้าห่มปก,10.0,9.0,0.0,1.0,9.0,100.0,10.0,Known
ดอยผ้าห่มปก,ดอยผ้าห่มปก,12,ดอยผ้าห่มปก,10.0,9.0,0.0,1.0,9.0,100.0,10.0,Known
ดอยภูคา,ดอยภูคา,1,ดอยภูคา,14.0,14.0,0.0,0.0,14.0,100.0,0.0,Known
ดอยภูคา,ดอยภูคา,2,ดอยภูคา,14.0,13.0,1.0,0.0,14.0,92.85714285714286,0.0,Known
ดอยภูคา,ดอยภูคา,3,ดอยภูคา,14.0,11.0,3.0,0.0,14.0,78.57142857142857,0.0,Known
ดอยภูคา,ดอยภูคา,4,ดอยภูคา,14.0,11.0,3.0,0.0,14.0,78.57142857142857,0.0,Known
ดอยภูคา,ดอยภูคา,5,ดอยภูคา,14.0,10.0,4.0,0.0,14.0,71.42857142857143,0.0,Known
ดอยภูคา,ดอยภูคา,6,ดอยภูคา,14.0,7.0,7.0,0.0,14.0,50.0,0.0,Known
ดอยภูคา,ดอยภูคา,7,ดอยภูคา,14.0,7.0,7.0,0.0,14.0,50.0,0.0,Known
ดอยภูคา,ดอยภูคา,8,ดอยภูคา,14.0,8.0,6.0,0.0,14.0,57.14285714285714,0.0,Known
ดอยภูคา,ดอยภูคา,9,ดอยภูคา,14.0,8.0,6.0,0.0,14.0,57.14285714285714,0.0,Known
ดอยภูคา,ดอยภูคา,10,ดอยภูคา,14.0,14.0,0.0,0.0,14.0,100.0,0.0,Known
ดอยภูคา,ดอยภูคา,11,ดอยภูคา,14.0,14.0,0.0,0.0,14.0,100.0,0.0,Known
ดอยภูคา,ดอยภูคา,12,ดอยภูคา,14.0,14.0,0.0,0.0,14.0,100.0,0.0,Known
ดอยภูนาง,ดอยภูนาง,1,ดอยภูนาง,7.0,7.0,0.0,0.0,7.0,100.0,0.0,Known
ดอยภูนาง,ดอยภูนาง,2,ดอยภูนาง,7.0,7.0,0.0,0.0,7.0,100.0,0.0,Known
ดอยภูนาง,ดอยภูนาง,3,ดอยภูนาง,7.0,7.0,0.0,0.0,7.0,100.0,0.0,Known
ดอยภูนาง,ดอยภูนาง,4,ดอยภูนาง,7.0,7.0,0.0,0.0,7.0,100.0,0.0,Known
ดอยภูนาง,ดอยภูนาง,5,ดอยภูนาง,7.0,7.0,0.0,0.0,7.0,100.0,0.0,Known
ดอยภูนาง,ดอยภูนาง,6,ดอยภูนาง,7.0,7.0,0.0,0.0,7.0,100.0,0.0,Known
ดอยภูนาง,ดอยภูนาง,7,ดอยภูนาง,7.0,0.0,7.0,0.0,7.0,0.0,0.0,Known
ดอยภูนาง,ดอยภูนาง,8,ดอยภูนาง,7.0,0.0,7.0,0.0,7.0,0.0,0.0,Known
ดอยภูนาง,ดอยภูนาง,9,ดอยภูนาง,7.0,0.0,7.0,0.0,7.0,0.0,0.0,Known
ดอยภูนาง,ดอยภูนาง,10,ดอยภูนาง,7.0,7.0,0.0,0.0,7.0,100.0,0.0,Known
ดอยภูนาง,ดอยภูนาง,11,ดอยภูนาง,7.0,7.0,0.0,0.0,7.0,100.0,0.0,Known
ดอยภูนาง,ดอยภูนาง,12,ดอยภูนาง,7.0,7.0,0.0,0.0,7.0,100.0,0.0,Known
ดอยสุเทพ-ปุย,ดอยสุเทพ-ปุย,1,ดอยสุเทพ-ปุย,17.0,17.0,0.0,0.0,17.0,100.0,0.0,Known
ดอยสุเทพ-ปุย,ดอยสุเทพ-ปุย,2,ดอยสุเทพ-ปุย,17.0,17.0,0.0,0.0,17.0,100.0,0.0,Known
ดอยสุเทพ-ปุย,ดอยสุเทพ-ปุย,3,ดอยสุเทพ-ปุย,17.0,17.0,0.0,0.0,17.0,100.0,0.0,Known
ดอยสุเทพ-ปุย,ดอยสุเทพ-ปุย,4,ดอยสุเทพ-ปุย,17.0,17.0,0.0,0.0,17.0,100.0,0.0,Known
ดอยสุเทพ-ปุย,ดอยสุเทพ-ปุย,5,ดอยสุเทพ-ปุย,17.0,15.0,2.0,0.0,17.0,88.23529411764706,0.0,Known
ดอยสุเทพ-ปุย,ดอยสุเทพ-ปุย,6,ดอยสุเทพ-ปุย,17.0,15.0,2.0,0.0,17.0,88.23529411764706,0.0,Known
ดอยสุเทพ-ปุย,ดอยสุเทพ-ปุย,7,ดอยสุเทพ-ปุย,17.0,15.0,2.0,0.0,17.0,88.23529411764706,0.0,Known
ดอยสุเทพ-ปุย,ดอยสุเทพ-ปุย,8,ดอยสุเทพ-ปุย,17.0,15.0,2.0,0.0,17.0,88.23529411764706,0.0,Known
ดอยสุเทพ-ปุย,ดอยสุเทพ-ปุย,9,ดอยสุเทพ-ปุย,17.0,15.0,2.0,0.0,17.0,88.23529411764706,0.0,Known
ดอยสุเทพ-ปุย,ดอยสุเทพ-ปุย,10,ดอยสุเทพ-ปุย,17.0,17.0,0.0,0.0,17.0,100.0,0.0,Known
ดอยสุเทพ-ปุย,ดอยสุเทพ-ปุย,11,ดอยสุเทพ-ปุย,17.0,17.0,0.0,0.0,17.0,100.0,0.0,Known
ดอยสุเทพ-ปุย,ดอยสุเทพ-ปุย,12,ดอยสุเทพ-ปุย,17.0,17.0,0.0,0.0,17.0,100.0,0.0,Known
ดอยหลวง,ดอยหลวง,1,ดอยหลวง,8.0,7.0,0.0,1.0,7.0,100.0,12.5,Known
ดอยหลวง,ดอยหลวง,2,ดอยหลวง,8.0,7.0,0.0,1.0,7.0,100.0,12.5,Known
ดอยหลวง,ดอยหลวง,3,ดอยหลวง,8.0,7.0,0.0,1.0,7.0,100.0,12.5,Known
ดอยหลวง,ดอยหลวง,4,ดอยหลวง,8.0,7.0,0.0,1.0,7.0,100.0,12.5,Known
ดอยหลวง,ดอยหลวง,5,ดอยหลวง,8.0,7.0,0.0,1.0,7.0,100.0,12.5,Known
ดอยหลวง,ดอยหลวง,6,ดอยหลวง,8.0,7.0,0.0,1.0,7.0,100.0,12.5,Known
ดอยหลวง,ดอยหลวง,7,ดอยหลวง,8.0,0.0,7.0,1.0,7.0,0.0,12.5,Known
ดอยหลวง,ดอยหลวง,8,ดอยหลวง,8.0,0.0,7.0,1.0,7.0,0.0,12.5,Known
ดอยหลวง,ดอยหลวง,9,ดอยหลวง,8.0,0.0,7.0,1.0,7.0,0.0,12.5,Known
ดอยหลวง,ดอยหลวง,10,ดอยหลวง,8.0,7.0,0.0,1.0,7.0,100.0,12.5,Known
ดอยหลวง,ดอยหลวง,11,ดอยหลวง,8.0,7.0,0.0,1.0,7.0,100.0,12.5,Known
ดอยหลวง,ดอยหลวง,12,ดอยหลวง,8.0,7.0,0.0,1.0,7.0,100.0,12.5,Known
ดอยอินทนนท์,ดอยอินทนนท์,1,ดอยอินทนนท์,18.0,16.0,0.0,2.0,16.0,100.0,11.11111111111111,Known
ดอยอินทนนท์,ดอยอินทนนท์,2,ดอยอินทนนท์,18.0,16.0,0.0,2.0,16.0,100.0,11.11111111111111,Known
ดอยอินทนนท์,ดอยอินทนนท์,3,ดอยอินทนนท์,18.0,16.0,0.0,2.0,16.0,100.0,11.11111111111111,Known
ดอยอินทนนท์,ดอยอินทนนท์,4,ดอยอินทนนท์,18.0,16.0,0.0,2.0,16.0,100.0,11.11111111111111,Known
ดอยอินทนนท์,ดอยอินทนนท์,5,ดอยอินทนนท์,18.0,16.0,0.0,2.0,16.0,100.0,11.11111111111111,Known
ดอยอินทนนท์,ดอยอินทนนท์,6,ดอยอินทนนท์,18.0,14.0,2.0,2.0,16.0,87.5,11.11111111111111,Known
ดอยอินทนนท์,ดอยอินทนนท์,7,ดอยอินทนนท์,18.0,14.0,2.0,2.0,16.0,87.5,11.11111111111111,Known
ดอยอินทนนท์,ดอยอินทนนท์,8,ดอยอินทนนท์,18.0,14.0,2.0,2.0,16.0,87.5,11.11111111111111,Known
ดอยอินทนนท์,ดอยอินทนนท์,9,ดอยอินทนนท์,18.0,14.0,2.0,2.0,16.0,87.5,11.11111111111111,Known
ดอยอินทนนท์,ดอยอินทนนท์,10,ดอยอินทนนท์,18.0,14.0,2.0,2.0,16.0,87.5,11.11111111111111,Known
ดอยอินทนนท์,ดอยอินทนนท์,11,ดอยอินทนนท์,18.0,16.0,0.0,2.0,16.0,100.0,11.11111111111111,Known
ดอยอินทนนท์,ดอยอินทนนท์,12,ดอยอินทนนท์,18.0,16.0,0.0,2.0,16.0,100.0,11.11111111111111,Known
ดอยเวียงผา,ดอยเวียงผา,1,ดอยเวียงผา,2.0,2.0,0.0,0.0,2.0,100.0,0.0,Known
ดอยเวียงผา,ดอยเวียงผา,2,ดอยเวียงผา,2.0,1.0,1.0,0.0,2.0,50.0,0.0,Known
ดอยเวียงผา,ดอยเวียงผา,3,ดอยเวียงผา,2.0,1.0,1.0,0.0,2.0,50.0,0.0,Known
ดอยเวียงผา,ดอยเวียงผา,4,ดอยเวียงผา,2.0,1.0,1.0,0.0,2.0,50.0,0.0,Known
ดอยเวียงผา,ดอยเวียงผา,5,ดอยเวียงผา,2.0,1.0,1.0,0.0,2.0,50.0,0.0,Known
ดอยเวียงผา,ดอยเวียงผา,6,ดอยเวียงผา,2.0,1.0,1.0,0.0,2.0,50.0,0.0,Known
ดอยเวียงผา,ดอยเวียงผา,7,ดอยเวียงผา,2.0,1.0,1.0,0.0,2.0,50.0,0.0,Known
ดอยเวียงผา,ดอยเวียงผา,8,ดอยเวียงผา,2.0,1.0,1.0,0.0,2.0,50.0,0.0,Known
ดอยเวียงผา,ดอยเวียงผา,9,ดอยเวียงผา,2.0,1.0,1.0,0.0,2.0,50.0,0.0,Known
ดอยเวียงผา,ดอยเวียงผา,10,ดอยเวียงผา,2.0,1.0,1.0,0.0,2.0,50.0,0.0,Known
ดอยเวียงผา,ดอยเวียงผา,11,ดอยเวียงผา,2.0,2.0,0.0,0.0,2.0,100.0,0.0,Known
ดอยเวียงผา,ดอยเวียงผา,12,ดอยเวียงผา,2.0,2.0,0.0,0.0,2.0,100.0,0.0,Known
ตะรุเตา,ตะรุเตา,1,ตะรุเตา,39.0,35.0,0.0,4.0,35.0,100.0,10.256410256410255,Known
ตะรุเตา,ตะรุเตา,2,ตะรุเตา,39.0,35.0,0.0,4.0,35.0,100.0,10.256410256410255,Known
ตะรุเตา,ตะรุเตา,3,ตะรุเตา,39.0,35.0,0.0,4.0,35.0,100.0,10.256410256410255,Known
ตะรุเตา,ตะรุเตา,4,ตะรุเตา,39.0,35.0,0.0,4.0,35.0,100.0,10.256410256410255,Known
ตะรุเตา,ตะรุเตา,5,ตะรุเตา,39.0,35.0,0.0,4.0,35.0,100.0,10.256410256410255,Known
ตะรุเตา,ตะรุเตา,6,ตะรุเตา,39.0,23.0,12.0,4.0,35.0,65.71428571428571,10.256410256410255,Known
ตะรุเตา,ตะรุเตา,7,ตะรุเตา,39.0,23.0,12.0,4.0,35.0,65.71428571428571,10.256410256410255,Known
ตะรุเตา,ตะรุเตา,8,ตะรุเตา,39.0,26.0,9.0,4.0,35.0,74.28571428571429,10.256410256410255,Known
ตะรุเตา,ตะรุเตา,9,ตะรุเตา,39.0,26.0,9.0,4.0,35.0,74.28571428571429,10.256410256410255,Known
ตะรุเตา,ตะรุเตา,10,ตะรุเตา,39.0,33.0,2.0,4.0,35.0,94.28571428571428,10.256410256410255,Known
ตะรุเตา,ตะรุเตา,11,ตะรุเตา,39.0,33.0,2.0,4.0,35.0,94.28571428571428,10.256410256410255,Known
ตะรุเตา,ตะรุเตา,12,ตะรุเตา,39.0,33.0,2.0,4.0,35.0,94.28571428571428,10.256410256410255,Known
ตากสินมหาราช,ตากสินมหาราช,1,ตากสินมหาราช,6.0,6.0,0.0,0.0,6.0,100.0,0.0,Known
ตากสินมหาราช,ตากสินมหาราช,2,ตากสินมหาราช,6.0,5.0,1.0,0.0,6.0,83.33333333333334,0.0,Known
ตากสินมหาราช,ตากสินมหาราช,3,ตากสินมหาราช,6.0,5.0,1.0,0.0,6.0,83.33333333333334,0.0,Known
ตากสินมหาราช,ตากสินมหาราช,4,ตากสินมหาราช,6.0,5.0,1.0,0.0,6.0,83.33333333333334,0.0,Known
ตากสินมหาราช,ตากสินมหาราช,5,ตากสินมหาราช,6.0,5.0,1.0,0.0,6.0,83.33333333333334,0.0,Known
ตากสินมหาราช,ตากสินมหาราช,6,ตากสินมหาราช,6.0,3.0,3.0,0.0,6.0,50.0,0.0,Known
ตากสินมหาราช,ตากสินมหาราช,7,ตากสินมหาราช,6.0,3.0,3.0,0.0,6.0,50.0,0.0,Known
ตากสินมหาราช,ตากสินมหาราช,8,ตากสินมหาราช,6.0,3.0,3.0,0.0,6.0,50.0,0.0,Known
ตากสินมหาราช,ตากสินมหาราช,9,ตากสินมหาราช,6.0,5.0,1.0,0.0,6.0,83.33333333333334,0.0,Known
ตากสินมหาราช,ตากสินมหาราช,10,ตากสินมหาราช,6.0,5.0,1.0,0.0,6.0,83.33333333333334,0.0,Known
ตากสินมหาราช,ตากสินมหาราช,11,ตากสินมหาราช,6.0,6.0,0.0,0.0,6.0,100.0,0.0,Known
ตากสินมหาราช,ตากสินมหาราช,12,ตากสินมหาราช,6.0,6.0,0.0,0.0,6.0,100.0,0.0,Known
ตาดหมอก,ตาดหมอก,1,ตาดหมอก,6.0,6.0,0.0,0.0,6.0,100.0,0.0,Known
ตาดหมอก,ตาดหมอก,2,ตาดหมอก,6.0,6.0,0.0,0.0,6.0,100.0,0.0,Known
ตาดหมอก,ตาดหมอก,3,ตาดหมอก,6.0,6.0,0.0,0.0,6.0,100.0,0.0,Known
ตาดหมอก,ตาดหมอก,4,ตาดหมอก,6.0,6.0,0.0,0.0,6.0,100.0,0.0,Known
ตาดหมอก,ตาดหมอก,5,ตาดหมอก,6.0,6.0,0.0,0.0,6.0,100.0,0.0,Known
ตาดหมอก,ตาดหมอก,6,ตาดหมอก,6.0,6.0,0.0,0.0,6.0,100.0,0.0,Known
ตาดหมอก,ตาดหมอก,7,ตาดหมอก,6.0,4.0,2.0,0.0,6.0,66.66666666666666,0.0,Known
ตาดหมอก,ตาดหมอก,8,ตาดหมอก,6.0,4.0,2.0,0.0,6.0,66.66666666666666,0.0,Known
ตาดหมอก,ตาดหมอก,9,ตาดหมอก,6.0,4.0,2.0,0.0,6.0,66.66666666666666,0.0,Known
ตาดหมอก,ตาดหมอก,10,ตาดหมอก,6.0,6.0,0.0,0.0,6.0,100.0,0.0,Known
ตาดหมอก,ตาดหมอก,11,ตาดหมอก,6.0,6.0,0.0,0.0,6.0,100.0,0.0,Known
ตาดหมอก,ตาดหมอก,12,ตาดหมอก,6.0,6.0,0.0,0.0,6.0,100.0,0.0,Known
ตาดโตน,ตาดโตน,1,ตาดโตน,9.0,9.0,0.0,0.0,9.0,100.0,0.0,Known
ตาดโตน,ตาดโตน,2,ตาดโตน,9.0,9.0,0.0,0.0,9.0,100.0,0.0,Known
ตาดโตน,ตาดโตน,3,ตาดโตน,9.0,9.0,0.0,0.0,9.0,100.0,0.0,Known
ตาดโตน,ตาดโตน,4,ตาดโตน,9.0,9.0,0.0,0.0,9.0,100.0,0.0,Known
ตาดโตน,ตาดโตน,5,ตาดโตน,9.0,9.0,0.0,0.0,9.0,100.0,0.0,Known
ตาดโตน,ตาดโตน,6,ตาดโตน,9.0,9.0,0.0,0.0,9.0,100.0,0.0,Known
ตาดโตน,ตาดโตน,7,ตาดโตน,9.0,9.0,0.0,0.0,9.0,100.0,0.0,Known
ตาดโตน,ตาดโตน,8,ตาดโตน,9.0,9.0,0.0,0.0,9.0,100.0,0.0,Known
ตาดโตน,ตาดโตน,9,ตาดโตน,9.0,9.0,0.0,0.0,9.0,100.0,0.0,Known
ตาดโตน,ตาดโตน,10,ตาดโตน,9.0,9.0,0.0,0.0,9.0,100.0,0.0,Known
ตาดโตน,ตาดโตน,11,ตาดโตน,9.0,9.0,0.0,0.0,9.0,100.0,0.0,Known
ตาดโตน,ตาดโตน,12,ตาดโตน,9.0,9.0,0.0,0.0,9.0,100.0,0.0,Known
ตาพระยา,ตาพระยา,1,ตาพระยา,11.0,11.0,0.0,0.0,11.0,100.0,0.0,Known
ตาพระยา,ตาพระยา,2,ตาพระยา,11.0,11.0,0.0,0.0,11.0,100.0,0.0,Known
ตาพระยา,ตาพระยา,3,ตาพระยา,11.0,11.0,0.0,0.0,11.0,100.0,0.0,Known
ตาพระยา,ตาพระยา,4,ตาพระยา,11.0,11.0,0.0,0.0,11.0,100.0,0.0,Known
ตาพระยา,ตาพระยา,5,ตาพระยา,11.0,11.0,0.0,0.0,11.0,100.0,0.0,Known
ตาพระยา,ตาพระยา,6,ตาพระยา,11.0,11.0,0.0,0.0,11.0,100.0,0.0,Known
ตาพระยา,ตาพระยา,7,ตาพระยา,11.0,11.0,0.0,0.0,11.0,100.0,0.0,Known
ตาพระยา,ตาพระยา,8,ตาพระยา,11.0,11.0,0.0,0.0,11.0,100.0,0.0,Known
ตาพระยา,ตาพระยา,9,ตาพระยา,11.0,11.0,0.0,0.0,11.0,100.0,0.0,Known
ตาพระยา,ตาพระยา,10,ตาพระยา,11.0,11.0,0.0,0.0,11.0,100.0,0.0,Known
ตาพระยา,ตาพระยา,11,ตาพระยา,11.0,11.0,0.0,0.0,11.0,100.0,0.0,Known
ตาพระยา,ตาพระยา,12,ตาพระยา,11.0,11.0,0.0,0.0,11.0,100.0,0.0,Known
ต้นสักใหญ่,ต้นสักใหญ่,1,ต้นสักใหญ่,5.0,5.0,0.0,0.0,5.0,100.0,0.0,Known
ต้นสักใหญ่,ต้นสักใหญ่,2,ต้นสักใหญ่,5.0,4.0,1.0,0.0,5.0,80.0,0.0,Known
ต้นสักใหญ่,ต้นสักใหญ่,3,ต้นสักใหญ่,5.0,4.0,1.0,0.0,5.0,80.0,0.0,Known
ต้นสักใหญ่,ต้นสักใหญ่,4,ต้นสักใหญ่,5.0,4.0,1.0,0.0,5.0,80.0,0.0,Known
ต้นสักใหญ่,ต้นสักใหญ่,5,ต้นสักใหญ่,5.0,2.0,3.0,0.0,5.0,40.0,0.0,Known
ต้นสักใหญ่,ต้นสักใหญ่,6,ต้นสักใหญ่,5.0,2.0,3.0,0.0,5.0,40.0,0.0,Known
ต้นสักใหญ่,ต้นสักใหญ่,7,ต้นสักใหญ่,5.0,2.0,3.0,0.0,5.0,40.0,0.0,Known
ต้นสักใหญ่,ต้นสักใหญ่,8,ต้นสักใหญ่,5.0,2.0,3.0,0.0,5.0,40.0,0.0,Known
ต้นสักใหญ่,ต้นสักใหญ่,9,ต้นสักใหญ่,5.0,2.0,3.0,0.0,5.0,40.0,0.0,Known
ต้นสักใหญ่,ต้นสักใหญ่,10,ต้นสักใหญ่,5.0,4.0,1.0,0.0,5.0,80.0,0.0,Known
ต้นสักใหญ่,ต้นสักใหญ่,11,ต้นสักใหญ่,5.0,5.0,0.0,0.0,5.0,100.0,0.0,Known
ต้นสักใหญ่,ต้นสักใหญ่,12,ต้นสักใหญ่,5.0,5.0,0.0,0.0,5.0,100.0,0.0,Known
ถ้ำปลา-น้ำตกผาเสื่อ,ถ้ำปลา-ผาเสื่อ,1,ถ้ำปลา-ผาเสื่อ,8.0,6.0,0.0,2.0,6.0,100.0,25.0,Known
ถ้ำปลา-น้ำตกผาเสื่อ,ถ้ำปลา-ผาเสื่อ,2,ถ้ำปลา-ผาเสื่อ,8.0,6.0,0.0,2.0,6.0,100.0,25.0,Known
ถ้ำปลา-น้ำตกผาเสื่อ,ถ้ำปลา-ผาเสื่อ,3,ถ้ำปลา-ผาเสื่อ,8.0,6.0,0.0,2.0,6.0,100.0,25.0,Known
ถ้ำปลา-น้ำตกผาเสื่อ,ถ้ำปลา-ผาเสื่อ,4,ถ้ำปลา-ผาเสื่อ,8.0,6.0,0.0,2.0,6.0,100.0,25.0,Known
ถ้ำปลา-น้ำตกผาเสื่อ,ถ้ำปลา-ผาเสื่อ,5,ถ้ำปลา-ผาเสื่อ,8.0,4.0,2.0,2.0,6.0,66.66666666666666,25.0,Known
ถ้ำปลา-น้ำตกผาเสื่อ,ถ้ำปลา-ผาเสื่อ,6,ถ้ำปลา-ผาเสื่อ,8.0,4.0,2.0,2.0,6.0,66.66666666666666,25.0,Known
ถ้ำปลา-น้ำตกผาเสื่อ,ถ้ำปลา-ผาเสื่อ,7,ถ้ำปลา-ผาเสื่อ,8.0,2.0,4.0,2.0,6.0,33.33333333333333,25.0,Known
ถ้ำปลา-น้ำตกผาเสื่อ,ถ้ำปลา-ผาเสื่อ,8,ถ้ำปลา-ผาเสื่อ,8.0,2.0,4.0,2.0,6.0,33.33333333333333,25.0,Known
ถ้ำปลา-น้ำตกผาเสื่อ,ถ้ำปลา-ผาเสื่อ,9,ถ้ำปลา-ผาเสื่อ,8.0,2.0,4.0,2.0,6.0,33.33333333333333,25.0,Known
ถ้ำปลา-น้ำตกผาเสื่อ,ถ้ำปลา-ผาเสื่อ,10,ถ้ำปลา-ผาเสื่อ,8.0,6.0,0.0,2.0,6.0,100.0,25.0,Known
ถ้ำปลา-น้ำตกผาเสื่อ,ถ้ำปลา-ผาเสื่อ,11,ถ้ำปลา-ผาเสื่อ,8.0,6.0,0.0,2.0,6.0,100.0,25.0,Known
ถ้ำปลา-น้ำตกผาเสื่อ,ถ้ำปลา-ผาเสื่อ,12,ถ้ำปลา-ผาเสื่อ,8.0,6.0,0.0,2.0,6.0,100.0,25.0,Known
ถ้ำผาไท,ถ้ำผาไท,1,ถ้ำผาไท,9.0,9.0,0.0,0.0,9.0,100.0,0.0,Known
ถ้ำผาไท,ถ้ำผาไท,2,ถ้ำผาไท,9.0,9.0,0.0,0.0,9.0,100.0,0.0,Known
ถ้ำผาไท,ถ้ำผาไท,3,ถ้ำผาไท,9.0,9.0,0.0,0.0,9.0,100.0,0.0,Known
ถ้ำผาไท,ถ้ำผาไท,4,ถ้ำผาไท,9.0,9.0,0.0,0.0,9.0,100.0,0.0,Known
ถ้ำผาไท,ถ้ำผาไท,5,ถ้ำผาไท,9.0,9.0,0.0,0.0,9.0,100.0,0.0,Known
ถ้ำผาไท,ถ้ำผาไท,6,ถ้ำผาไท,9.0,9.0,0.0,0.0,9.0,100.0,0.0,Known
ถ้ำผาไท,ถ้ำผาไท,7,ถ้ำผาไท,9.0,9.0,0.0,0.0,9.0,100.0,0.0,Known
ถ้ำผาไท,ถ้ำผาไท,8,ถ้ำผาไท,9.0,9.0,0.0,0.0,9.0,100.0,0.0,Known
ถ้ำผาไท,ถ้ำผาไท,9,ถ้ำผาไท,9.0,9.0,0.0,0.0,9.0,100.0,0.0,Known
ถ้ำผาไท,ถ้ำผาไท,10,ถ้ำผาไท,9.0,9.0,0.0,0.0,9.0,100.0,0.0,Known
ถ้ำผาไท,ถ้ำผาไท,11,ถ้ำผาไท,9.0,9.0,0.0,0.0,9.0,100.0,0.0,Known
ถ้ำผาไท,ถ้ำผาไท,12,ถ้ำผาไท,9.0,9.0,0.0,0.0,9.0,100.0,0.0,Known
ถ้ำสะเกิน,ถ้ำสะเกิน,1,ถ้ำสะเกิน,8.0,8.0,0.0,0.0,8.0,100.0,0.0,Known
ถ้ำสะเกิน,ถ้ำสะเกิน,2,ถ้ำสะเกิน,8.0,8.0,0.0,0.0,8.0,100.0,0.0,Known
ถ้ำสะเกิน,ถ้ำสะเกิน,3,ถ้ำสะเกิน,8.0,8.0,0.0,0.0,8.0,100.0,0.0,Known
ถ้ำสะเกิน,ถ้ำสะเกิน,4,ถ้ำสะเกิน,8.0,8.0,0.0,0.0,8.0,100.0,0.0,Known
ถ้ำสะเกิน,ถ้ำสะเกิน,5,ถ้ำสะเกิน,8.0,8.0,0.0,0.0,8.0,100.0,0.0,Known
ถ้ำสะเกิน,ถ้ำสะเกิน,6,ถ้ำสะเกิน,8.0,0.0,8.0,0.0,8.0,0.0,0.0,Known
ถ้ำสะเกิน,ถ้ำสะเกิน,7,ถ้ำสะเกิน,8.0,0.0,8.0,0.0,8.0,0.0,0.0,Known
ถ้ำสะเกิน,ถ้ำสะเกิน,8,ถ้ำสะเกิน,8.0,0.0,8.0,0.0,8.0,0.0,0.0,Known
ถ้ำสะเกิน,ถ้ำสะเกิน,9,ถ้ำสะเกิน,8.0,8.0,0.0,0.0,8.0,100.0,0.0,Known
ถ้ำสะเกิน,ถ้ำสะเกิน,10,ถ้ำสะเกิน,8.0,8.0,0.0,0.0,8.0,100.0,0.0,Known
ถ้ำสะเกิน,ถ้ำสะเกิน,11,ถ้ำสะเกิน,8.0,8.0,0.0,0.0,8.0,100.0,0.0,Known
ถ้ำสะเกิน,ถ้ำสะเกิน,12,ถ้ำสะเกิน,8.0,8.0,0.0,0.0,8.0,100.0,0.0,Known
ทองผาภูมิ,ทองผาภูมิ,1,ทองผาภูมิ,6.0,6.0,0.0,0.0,6.0,100.0,0.0,Known
ทองผาภูมิ,ทองผาภูมิ,2,ทองผาภูมิ,6.0,5.0,1.0,0.0,6.0,83.33333333333334,0.0,Known
ทองผาภูมิ,ทองผาภูมิ,3,ทองผาภูมิ,6.0,5.0,1.0,0.0,6.0,83.33333333333334,0.0,Known
ทองผาภูมิ,ทองผาภูมิ,4,ทองผาภูมิ,6.0,5.0,1.0,0.0,6.0,83.33333333333334,0.0,Known
ทองผาภูมิ,ทองผาภูมิ,5,ทองผาภูมิ,6.0,5.0,1.0,0.0,6.0,83.33333333333334,0.0,Known
ทองผาภูมิ,ทองผาภูมิ,6,ทองผาภูมิ,6.0,5.0,1.0,0.0,6.0,83.33333333333334,0.0,Known
ทองผาภูมิ,ทองผาภูมิ,7,ทองผาภูมิ,6.0,5.0,1.0,0.0,6.0,83.33333333333334,0.0,Known
ทองผาภูมิ,ทองผาภูมิ,8,ทองผาภูมิ,6.0,5.0,1.0,0.0,6.0,83.33333333333334,0.0,Known
ทองผาภูมิ,ทองผาภูมิ,9,ทองผาภูมิ,6.0,5.0,1.0,0.0,6.0,83.33333333333334,0.0,Known
ทองผาภูมิ,ทองผาภูมิ,10,ทองผาภูมิ,6.0,5.0,1.0,0.0,6.0,83.33333333333334,0.0,Known
ทองผาภูมิ,ทองผาภูมิ,11,ทองผาภูมิ,6.0,6.0,0.0,0.0,6.0,100.0,0.0,Known
ทองผาภูมิ,ทองผาภูมิ,12,ทองผาภูมิ,6.0,6.0,0.0,0.0,6.0,100.0,0.0,Known
ทะเลบัน,ทะเลบัน,1,ทะเลบัน,6.0,6.0,0.0,0.0,6.0,100.0,0.0,Known
ทะเลบัน,ทะเลบัน,2,ทะเลบัน,6.0,6.0,0.0,0.0,6.0,100.0,0.0,Known
ทะเลบัน,ทะเลบัน,3,ทะเลบัน,6.0,6.0,0.0,0.0,6.0,100.0,0.0,Known
ทะเลบัน,ทะเลบัน,4,ทะเลบัน,6.0,6.0,0.0,0.0,6.0,100.0,0.0,Known
ทะเลบัน,ทะเลบัน,5,ทะเลบัน,6.0,6.0,0.0,0.0,6.0,100.0,0.0,Known
ทะเลบัน,ทะเลบัน,6,ทะเลบัน,6.0,6.0,0.0,0.0,6.0,100.0,0.0,Known
ทะเลบัน,ทะเลบัน,7,ทะเลบัน,6.0,6.0,0.0,0.0,6.0,100.0,0.0,Known
ทะเลบัน,ทะเลบัน,8,ทะเลบัน,6.0,6.0,0.0,0.0,6.0,100.0,0.0,Known
ทะเลบัน,ทะเลบัน,9,ทะเลบัน,6.0,6.0,0.0,0.0,6.0,100.0,0.0,Known
ทะเลบัน,ทะเลบัน,10,ทะเลบัน,6.0,6.0,0.0,0.0,6.0,100.0,0.0,Known
ทะเลบัน,ทะเลบัน,11,ทะเลบัน,6.0,6.0,0.0,0.0,6.0,100.0,0.0,Known
ทะเลบัน,ทะเลบัน,12,ทะเลบัน,6.0,6.0,0.0,0.0,6.0,100.0,0.0,Known
ทับลาน,ทับลาน,1,ทับลาน,13.0,13.0,0.0,0.0,13.0,100.0,0.0,Known
ทับลาน,ทับลาน,2,ทับลาน,13.0,13.0,0.0,0.0,13.0,100.0,0.0,Known
ทับลาน,ทับลาน,3,ทับลาน,13.0,10.0,3.0,0.0,13.0,76.92307692307693,0.0,Known
ทับลาน,ทับลาน,4,ทับลาน,13.0,10.0,3.0,0.0,13.0,76.92307692307693,0.0,Known
ทับลาน,ทับลาน,5,ทับลาน,13.0,10.0,3.0,0.0,13.0,76.92307692307693,0.0,Known
ทับลาน,ทับลาน,6,ทับลาน,13.0,13.0,0.0,0.0,13.0,100.0,0.0,Known
ทับลาน,ทับลาน,7,ทับลาน,13.0,11.0,2.0,0.0,13.0,84.61538461538461,0.0,Known
ทับลาน,ทับลาน,8,ทับลาน,13.0,11.0,2.0,0.0,13.0,84.61538461538461,0.0,Known
ทับลาน,ทับลาน,9,ทับลาน,13.0,11.0,2.0,0.0,13.0,84.61538461538461,0.0,Known
ทับลาน,ทับลาน,10,ทับลาน,13.0,13.0,0.0,0.0,13.0,100.0,0.0,Known
ทับลาน,ทับลาน,11,ทับลาน,13.0,13.0,0.0,0.0,13.0,100.0,0.0,Known
ทับลาน,ทับลาน,12,ทับลาน,13.0,13.0,0.0,0.0,13.0,100.0,0.0,Known
ทุ่งแสลงหลวง,ทุ่งแสลงหลวง,1,ทุ่งแสลงหลวง,12.0,12.0,0.0,0.0,12.0,100.0,0.0,Known
ทุ่งแสลงหลวง,ทุ่งแสลงหลวง,2,ทุ่งแสลงหลวง,12.0,10.0,2.0,0.0,12.0,83.33333333333334,0.0,Known
ทุ่งแสลงหลวง,ทุ่งแสลงหลวง,3,ทุ่งแสลงหลวง,12.0,10.0,2.0,0.0,12.0,83.33333333333334,0.0,Known
ทุ่งแสลงหลวง,ทุ่งแสลงหลวง,4,ทุ่งแสลงหลวง,12.0,10.0,2.0,0.0,12.0,83.33333333333334,0.0,Known
ทุ่งแสลงหลวง,ทุ่งแสลงหลวง,5,ทุ่งแสลงหลวง,12.0,10.0,2.0,0.0,12.0,83.33333333333334,0.0,Known
ทุ่งแสลงหลวง,ทุ่งแสลงหลวง,6,ทุ่งแสลงหลวง,12.0,8.0,4.0,0.0,12.0,66.66666666666666,0.0,Known
ทุ่งแสลงหลวง,ทุ่งแสลงหลวง,7,ทุ่งแสลงหลวง,12.0,8.0,4.0,0.0,12.0,66.66666666666666,0.0,Known
ทุ่งแสลงหลวง,ทุ่งแสลงหลวง,8,ทุ่งแสลงหลวง,12.0,8.0,4.0,0.0,12.0,66.66666666666666,0.0,Known
ทุ่งแสลงหลวง,ทุ่งแสลงหลวง,9,ทุ่งแสลงหลวง,12.0,10.0,2.0,0.0,12.0,83.33333333333334,0.0,Known
ทุ่งแสลงหลวง,ทุ่งแสลงหลวง,10,ทุ่งแสลงหลวง,12.0,12.0,0.0,0.0,12.0,100.0,0.0,Known
ทุ่งแสลงหลวง,ทุ่งแสลงหลวง,11,ทุ่งแสลงหลวง,12.0,12.0,0.0,0.0,12.0,100.0,0.0,Known
ทุ่งแสลงหลวง,ทุ่งแสลงหลวง,12,ทุ่งแสลงหลวง,12.0,12.0,0.0,0.0,12.0,100.0,0.0,Known
ธารเสด็จ-เกาะพะงัน,ธารเสด็จ-เกาะพะงัน,1,ธารเสด็จ-เกาะพะงัน,3.0,3.0,0.0,0.0,3.0,100.0,0.0,Known
ธารเสด็จ-เกาะพะงัน,ธารเสด็จ-เกาะพะงัน,2,ธารเสด็จ-เกาะพะงัน,3.0,3.0,0.0,0.0,3.0,100.0,0.0,Known
ธารเสด็จ-เกาะพะงัน,ธารเสด็จ-เกาะพะงัน,3,ธารเสด็จ-เกาะพะงัน,3.0,3.0,0.0,0.0,3.0,100.0,0.0,Known
ธารเสด็จ-เกาะพะงัน,ธารเสด็จ-เกาะพะงัน,4,ธารเสด็จ-เกาะพะงัน,3.0,3.0,0.0,0.0,3.0,100.0,0.0,Known
ธารเสด็จ-เกาะพะงัน,ธารเสด็จ-เกาะพะงัน,5,ธารเสด็จ-เกาะพะงัน,3.0,2.0,1.0,0.0,3.0,66.66666666666666,0.0,Known
ธารเสด็จ-เกาะพะงัน,ธารเสด็จ-เกาะพะงัน,6,ธารเสด็จ-เกาะพะงัน,3.0,2.0,1.0,0.0,3.0,66.66666666666666,0.0,Known
ธารเสด็จ-เกาะพะงัน,ธารเสด็จ-เกาะพะงัน,7,ธารเสด็จ-เกาะพะงัน,3.0,2.0,1.0,0.0,3.0,66.66666666666666,0.0,Known
ธารเสด็จ-เกาะพะงัน,ธารเสด็จ-เกาะพะงัน,8,ธารเสด็จ-เกาะพะงัน,3.0,2.0,1.0,0.0,3.0,66.66666666666666,0.0,Known
ธารเสด็จ-เกาะพะงัน,ธารเสด็จ-เกาะพะงัน,9,ธารเสด็จ-เกาะพะงัน,3.0,2.0,1.0,0.0,3.0,66.66666666666666,0.0,Known
ธารเสด็จ-เกาะพะงัน,ธารเสด็จ-เกาะพะงัน,10,ธารเสด็จ-เกาะพะงัน,3.0,2.0,1.0,0.0,3.0,66.66666666666666,0.0,Known
ธารเสด็จ-เกาะพะงัน,ธารเสด็จ-เกาะพะงัน,11,ธารเสด็จ-เกาะพะงัน,3.0,2.0,1.0,0.0,3.0,66.66666666666666,0.0,Known
ธารเสด็จ-เกาะพะงัน,ธารเสด็จ-เกาะพะงัน,12,ธารเสด็จ-เกาะพะงัน,3.0,3.0,0.0,0.0,3.0,100.0,0.0,Known
ธารโบกขรณี,ธารโบกขรณี,1,ธารโบกขรณี,6.0,6.0,0.0,0.0,6.0,100.0,0.0,Known
ธารโบกขรณี,ธารโบกขรณี,2,ธารโบกขรณี,6.0,6.0,0.0,0.0,6.0,100.0,0.0,Known
ธารโบกขรณี,ธารโบกขรณี,3,ธารโบกขรณี,6.0,6.0,0.0,0.0,6.0,100.0,0.0,Known
ธารโบกขรณี,ธารโบกขรณี,4,ธารโบกขรณี,6.0,6.0,0.0,0.0,6.0,100.0,0.0,Known
ธารโบกขรณี,ธารโบกขรณี,5,ธารโบกขรณี,6.0,6.0,0.0,0.0,6.0,100.0,0.0,Known
ธารโบกขรณี,ธารโบกขรณี,6,ธารโบกขรณี,6.0,6.0,0.0,0.0,6.0,100.0,0.0,Known
ธารโบกขรณี,ธารโบกขรณี,7,ธารโบกขรณี,6.0,6.0,0.0,0.0,6.0,100.0,0.0,Known
ธารโบกขรณี,ธารโบกขรณี,8,ธารโบกขรณี,6.0,6.0,0.0,0.0,6.0,100.0,0.0,Known
ธารโบกขรณี,ธารโบกขรณี,9,ธารโบกขรณี,6.0,6.0,0.0,0.0,6.0,100.0,0.0,Known
ธารโบกขรณี,ธารโบกขรณี,10,ธารโบกขรณี,6.0,6.0,0.0,0.0,6.0,100.0,0.0,Known
ธารโบกขรณี,ธารโบกขรณี,11,ธารโบกขรณี,6.0,6.0,0.0,0.0,6.0,100.0,0.0,Known
ธารโบกขรณี,ธารโบกขรณี,12,ธารโบกขรณี,6.0,6.0,0.0,0.0,6.0,100.0,0.0,Known
นันทบุรี,นันทบุรี,1,นันทบุรี,3.0,3.0,0.0,0.0,3.0,100.0,0.0,Known
นันทบุรี,นันทบุรี,2,นันทบุรี,3.0,3.0,0.0,0.0,3.0,100.0,0.0,Known
นันทบุรี,นันทบุรี,3,นันทบุรี,3.0,3.0,0.0,0.0,3.0,100.0,0.0,Known
นันทบุรี,นันทบุรี,4,นันทบุรี,3.0,3.0,0.0,0.0,3.0,100.0,0.0,Known
นันทบุรี,นันทบุรี,5,นันทบุรี,3.0,3.0,0.0,0.0,3.0,100.0,0.0,Known
นันทบุรี,นันทบุรี,6,นันทบุรี,3.0,2.0,1.0,0.0,3.0,66.66666666666666,0.0,Known
นันทบุรี,นันทบุรี,7,นันทบุรี,3.0,2.0,1.0,0.0,3.0,66.66666666666666,0.0,Known
นันทบุรี,นันทบุรี,8,นันทบุรี,3.0,3.0,0.0,0.0,3.0,100.0,0.0,Known
นันทบุรี,นันทบุรี,9,นันทบุรี,3.0,3.0,0.0,0.0,3.0,100.0,0.0,Known
นันทบุรี,นันทบุรี,10,นันทบุรี,3.0,3.0,0.0,0.0,3.0,100.0,0.0,Known
นันทบุรี,นันทบุรี,11,นันทบุรี,3.0,3.0,0.0,0.0,3.0,100.0,0.0,Known
นันทบุรี,นันทบุรี,12,นันทบุรี,3.0,3.0,0.0,0.0,3.0,100.0,0.0,Known
นายูง-น้ำโสม,นายูง-น้ำโสม,1,นายูง-น้ำโสม,3.0,3.0,0.0,0.0,3.0,100.0,0.0,Known
นายูง-น้ำโสม,นายูง-น้ำโสม,2,นายูง-น้ำโสม,3.0,3.0,0.0,0.0,3.0,100.0,0.0,Known
นายูง-น้ำโสม,นายูง-น้ำโสม,3,นายูง-น้ำโสม,3.0,3.0,0.0,0.0,3.0,100.0,0.0,Known
นายูง-น้ำโสม,นายูง-น้ำโสม,4,นายูง-น้ำโสม,3.0,0.0,3.0,0.0,3.0,0.0,0.0,Known
นายูง-น้ำโสม,นายูง-น้ำโสม,5,นายูง-น้ำโสม,3.0,0.0,3.0,0.0,3.0,0.0,0.0,Known
นายูง-น้ำโสม,นายูง-น้ำโสม,6,นายูง-น้ำโสม,3.0,3.0,0.0,0.0,3.0,100.0,0.0,Known
นายูง-น้ำโสม,นายูง-น้ำโสม,7,นายูง-น้ำโสม,3.0,3.0,0.0,0.0,3.0,100.0,0.0,Known
นายูง-น้ำโสม,นายูง-น้ำโสม,8,นายูง-น้ำโสม,3.0,3.0,0.0,0.0,3.0,100.0,0.0,Known
นายูง-น้ำโสม,นายูง-น้ำโสม,9,นายูง-น้ำโสม,3.0,3.0,0.0,0.0,3.0,100.0,0.0,Known
นายูง-น้ำโสม,นายูง-น้ำโสม,10,นายูง-น้ำโสม,3.0,3.0,0.0,0.0,3.0,100.0,0.0,Known
นายูง-น้ำโสม,นายูง-น้ำโสม,11,นายูง-น้ำโสม,3.0,3.0,0.0,0.0,3.0,100.0,0.0,Known
นายูง-น้ำโสม,นายูง-น้ำโสม,12,นายูง-น้ำโสม,3.0,3.0,0.0,0.0,3.0,100.0,0.0,Known
น้ำตกคลองแก้ว,น้ำตกคลองแก้ว,1,น้ำตกคลองแก้ว,5.0,5.0,0.0,0.0,5.0,100.0,0.0,Known
น้ำตกคลองแก้ว,น้ำตกคลองแก้ว,2,น้ำตกคลองแก้ว,5.0,5.0,0.0,0.0,5.0,100.0,0.0,Known
น้ำตกคลองแก้ว,น้ำตกคลองแก้ว,3,น้ำตกคลองแก้ว,5.0,5.0,0.0,0.0,5.0,100.0,0.0,Known
น้ำตกคลองแก้ว,น้ำตกคลองแก้ว,4,น้ำตกคลองแก้ว,5.0,5.0,0.0,0.0,5.0,100.0,0.0,Known
น้ำตกคลองแก้ว,น้ำตกคลองแก้ว,5,น้ำตกคลองแก้ว,5.0,5.0,0.0,0.0,5.0,100.0,0.0,Known
น้ำตกคลองแก้ว,น้ำตกคลองแก้ว,6,น้ำตกคลองแก้ว,5.0,5.0,0.0,0.0,5.0,100.0,0.0,Known
น้ำตกคลองแก้ว,น้ำตกคลองแก้ว,7,น้ำตกคลองแก้ว,5.0,5.0,0.0,0.0,5.0,100.0,0.0,Known
น้ำตกคลองแก้ว,น้ำตกคลองแก้ว,8,น้ำตกคลองแก้ว,5.0,5.0,0.0,0.0,5.0,100.0,0.0,Known
น้ำตกคลองแก้ว,น้ำตกคลองแก้ว,9,น้ำตกคลองแก้ว,5.0,5.0,0.0,0.0,5.0,100.0,0.0,Known
น้ำตกคลองแก้ว,น้ำตกคลองแก้ว,10,น้ำตกคลองแก้ว,5.0,5.0,0.0,0.0,5.0,100.0,0.0,Known
น้ำตกคลองแก้ว,น้ำตกคลองแก้ว,11,น้ำตกคลองแก้ว,5.0,5.0,0.0,0.0,5.0,100.0,0.0,Known
น้ำตกคลองแก้ว,น้ำตกคลองแก้ว,12,น้ำตกคลองแก้ว,5.0,5.0,0.0,0.0,5.0,100.0,0.0,Known
น้ำตกชาติตระการ,น้ำตกชาติตระการ,1,น้ำตกชาติตระการ,7.0,7.0,0.0,0.0,7.0,100.0,0.0,Known
น้ำตกชาติตระการ,น้ำตกชาติตระการ,2,น้ำตกชาติตระการ,7.0,7.0,0.0,0.0,7.0,100.0,0.0,Known
น้ำตกชาติตระการ,น้ำตกชาติตระการ,3,น้ำตกชาติตระการ,7.0,7.0,0.0,0.0,7.0,100.0,0.0,Known
น้ำตกชาติตระการ,น้ำตกชาติตระการ,4,น้ำตกชาติตระการ,7.0,7.0,0.0,0.0,7.0,100.0,0.0,Known
น้ำตกชาติตระการ,น้ำตกชาติตระการ,5,น้ำตกชาติตระการ,7.0,7.0,0.0,0.0,7.0,100.0,0.0,Known
น้ำตกชาติตระการ,น้ำตกชาติตระการ,6,น้ำตกชาติตระการ,7.0,7.0,0.0,0.0,7.0,100.0,0.0,Known
น้ำตกชาติตระการ,น้ำตกชาติตระการ,7,น้ำตกชาติตระการ,7.0,7.0,0.0,0.0,7.0,100.0,0.0,Known
น้ำตกชาติตระการ,น้ำตกชาติตระการ,8,น้ำตกชาติตระการ,7.0,7.0,0.0,0.0,7.0,100.0,0.0,Known
น้ำตกชาติตระการ,น้ำตกชาติตระการ,9,น้ำตกชาติตระการ,7.0,7.0,0.0,0.0,7.0,100.0,0.0,Known
น้ำตกชาติตระการ,น้ำตกชาติตระการ,10,น้ำตกชาติตระการ,7.0,7.0,0.0,0.0,7.0,100.0,0.0,Known
น้ำตกชาติตระการ,น้ำตกชาติตระการ,11,น้ำตกชาติตระการ,7.0,7.0,0.0,0.0,7.0,100.0,0.0,Known
น้ำตกชาติตระการ,น้ำตกชาติตระการ,12,น้ำตกชาติตระการ,7.0,7.0,0.0,0.0,7.0,100.0,0.0,Known
น้ำตกซีโป,น้ำตกซีโป,1,น้ำตกซีโป,1.0,1.0,0.0,0.0,1.0,100.0,0.0,Known
น้ำตกซีโป,น้ำตกซีโป,2,น้ำตกซีโป,1.0,1.0,0.0,0.0,1.0,100.0,0.0,Known
น้ำตกซีโป,น้ำตกซีโป,3,น้ำตกซีโป,1.0,1.0,0.0,0.0,1.0,100.0,0.0,Known
น้ำตกซีโป,น้ำตกซีโป,4,น้ำตกซีโป,1.0,1.0,0.0,0.0,1.0,100.0,0.0,Known
น้ำตกซีโป,น้ำตกซีโป,5,น้ำตกซีโป,1.0,1.0,0.0,0.0,1.0,100.0,0.0,Known
น้ำตกซีโป,น้ำตกซีโป,6,น้ำตกซีโป,1.0,1.0,0.0,0.0,1.0,100.0,0.0,Known
น้ำตกซีโป,น้ำตกซีโป,7,น้ำตกซีโป,1.0,1.0,0.0,0.0,1.0,100.0,0.0,Known
น้ำตกซีโป,น้ำตกซีโป,8,น้ำตกซีโป,1.0,1.0,0.0,0.0,1.0,100.0,0.0,Known
น้ำตกซีโป,น้ำตกซีโป,9,น้ำตกซีโป,1.0,1.0,0.0,0.0,1.0,100.0,0.0,Known
น้ำตกซีโป,น้ำตกซีโป,10,น้ำตกซีโป,1.0,1.0,0.0,0.0,1.0,100.0,0.0,Known
น้ำตกซีโป,น้ำตกซีโป,11,น้ำตกซีโป,1.0,0.0,1.0,0.0,1.0,0.0,0.0,Known
น้ำตกซีโป,น้ำตกซีโป,12,น้ำตกซีโป,1.0,0.0,1.0,0.0,1.0,0.0,0.0,Known
น้ำตกทรายขาว,น้ำตกทรายขาว,1,น้ำตกทรายขาว,7.0,7.0,0.0,0.0,7.0,100.0,0.0,Known
น้ำตกทรายขาว,น้ำตกทรายขาว,2,น้ำตกทรายขาว,7.0,7.0,0.0,0.0,7.0,100.0,0.0,Known
น้ำตกทรายขาว,น้ำตกทรายขาว,3,น้ำตกทรายขาว,7.0,7.0,0.0,0.0,7.0,100.0,0.0,Known
น้ำตกทรายขาว,น้ำตกทรายขาว,4,น้ำตกทรายขาว,7.0,7.0,0.0,0.0,7.0,100.0,0.0,Known
น้ำตกทรายขาว,น้ำตกทรายขาว,5,น้ำตกทรายขาว,7.0,7.0,0.0,0.0,7.0,100.0,0.0,Known
น้ำตกทรายขาว,น้ำตกทรายขาว,6,น้ำตกทรายขาว,7.0,7.0,0.0,0.0,7.0,100.0,0.0,Known
น้ำตกทรายขาว,น้ำตกทรายขาว,7,น้ำตกทรายขาว,7.0,7.0,0.0,0.0,7.0,100.0,0.0,Known
น้ำตกทรายขาว,น้ำตกทรายขาว,8,น้ำตกทรายขาว,7.0,7.0,0.0,0.0,7.0,100.0,0.0,Known
น้ำตกทรายขาว,น้ำตกทรายขาว,9,น้ำตกทรายขาว,7.0,7.0,0.0,0.0,7.0,100.0,0.0,Known
น้ำตกทรายขาว,น้ำตกทรายขาว,10,น้ำตกทรายขาว,7.0,0.0,7.0,0.0,7.0,0.0,0.0,Known
น้ำตกทรายขาว,น้ำตกทรายขาว,11,น้ำตกทรายขาว,7.0,0.0,7.0,0.0,7.0,0.0,0.0,Known
น้ำตกทรายขาว,น้ำตกทรายขาว,12,น้ำตกทรายขาว,7.0,0.0,7.0,0.0,7.0,0.0,0.0,Known
น้ำตกพลิ้ว,น้ำตกพลิ้ว,1,น้ำตกพลิ้ว,12.0,12.0,0.0,0.0,12.0,100.0,0.0,Known
น้ำตกพลิ้ว,น้ำตกพลิ้ว,2,น้ำตกพลิ้ว,12.0,12.0,0.0,0.0,12.0,100.0,0.0,Known
น้ำตกพลิ้ว,น้ำตกพลิ้ว,3,น้ำตกพลิ้ว,12.0,12.0,0.0,0.0,12.0,100.0,0.0,Known
น้ำตกพลิ้ว,น้ำตกพลิ้ว,4,น้ำตกพลิ้ว,12.0,12.0,0.0,0.0,12.0,100.0,0.0,Known
น้ำตกพลิ้ว,น้ำตกพลิ้ว,5,น้ำตกพลิ้ว,12.0,12.0,0.0,0.0,12.0,100.0,0.0,Known
น้ำตกพลิ้ว,น้ำตกพลิ้ว,6,น้ำตกพลิ้ว,12.0,12.0,0.0,0.0,12.0,100.0,0.0,Known
น้ำตกพลิ้ว,น้ำตกพลิ้ว,7,น้ำตกพลิ้ว,12.0,12.0,0.0,0.0,12.0,100.0,0.0,Known
น้ำตกพลิ้ว,น้ำตกพลิ้ว,8,น้ำตกพลิ้ว,12.0,12.0,0.0,0.0,12.0,100.0,0.0,Known
น้ำตกพลิ้ว,น้ำตกพลิ้ว,9,น้ำตกพลิ้ว,12.0,12.0,0.0,0.0,12.0,100.0,0.0,Known
น้ำตกพลิ้ว,น้ำตกพลิ้ว,10,น้ำตกพลิ้ว,12.0,12.0,0.0,0.0,12.0,100.0,0.0,Known
น้ำตกพลิ้ว,น้ำตกพลิ้ว,11,น้ำตกพลิ้ว,12.0,12.0,0.0,0.0,12.0,100.0,0.0,Known
น้ำตกพลิ้ว,น้ำตกพลิ้ว,12,น้ำตกพลิ้ว,12.0,12.0,0.0,0.0,12.0,100.0,0.0,Known
น้ำตกพาเจริญ,น้ำตกพาเจริญ,1,น้ำตกพาเจริญ,3.0,3.0,0.0,0.0,3.0,100.0,0.0,Known
น้ำตกพาเจริญ,น้ำตกพาเจริญ,2,น้ำตกพาเจริญ,3.0,3.0,0.0,0.0,3.0,100.0,0.0,Known
น้ำตกพาเจริญ,น้ำตกพาเจริญ,3,น้ำตกพาเจริญ,3.0,3.0,0.0,0.0,3.0,100.0,0.0,Known
น้ำตกพาเจริญ,น้ำตกพาเจริญ,4,น้ำตกพาเจริญ,3.0,2.0,1.0,0.0,3.0,66.66666666666666,0.0,Known
น้ำตกพาเจริญ,น้ำตกพาเจริญ,5,น้ำตกพาเจริญ,3.0,1.0,2.0,0.0,3.0,33.33333333333333,0.0,Known
น้ำตกพาเจริญ,น้ำตกพาเจริญ,6,น้ำตกพาเจริญ,3.0,1.0,2.0,0.0,3.0,33.33333333333333,0.0,Known
น้ำตกพาเจริญ,น้ำตกพาเจริญ,7,น้ำตกพาเจริญ,3.0,3.0,0.0,0.0,3.0,100.0,0.0,Known
น้ำตกพาเจริญ,น้ำตกพาเจริญ,8,น้ำตกพาเจริญ,3.0,3.0,0.0,0.0,3.0,100.0,0.0,Known
น้ำตกพาเจริญ,น้ำตกพาเจริญ,9,น้ำตกพาเจริญ,3.0,3.0,0.0,0.0,3.0,100.0,0.0,Known
น้ำตกพาเจริญ,น้ำตกพาเจริญ,10,น้ำตกพาเจริญ,3.0,3.0,0.0,0.0,3.0,100.0,0.0,Known
น้ำตกพาเจริญ,น้ำตกพาเจริญ,11,น้ำตกพาเจริญ,3.0,3.0,0.0,0.0,3.0,100.0,0.0,Known
น้ำตกพาเจริญ,น้ำตกพาเจริญ,12,น้ำตกพาเจริญ,3.0,3.0,0.0,0.0,3.0,100.0,0.0,Known
น้ำตกสามหลั่น,น้ำตกสามหลั่น,1,น้ำตกสามหลั่น,9.0,9.0,0.0,0.0,9.0,100.0,0.0,Known
น้ำตกสามหลั่น,น้ำตกสามหลั่น,2,น้ำตกสามหลั่น,9.0,0.0,9.0,0.0,9.0,0.0,0.0,Known
น้ำตกสามหลั่น,น้ำตกสามหลั่น,3,น้ำตกสามหลั่น,9.0,9.0,0.0,0.0,9.0,100.0,0.0,Known
น้ำตกสามหลั่น,น้ำตกสามหลั่น,4,น้ำตกสามหลั่น,9.0,9.0,0.0,0.0,9.0,100.0,0.0,Known
น้ำตกสามหลั่น,น้ำตกสามหลั่น,5,น้ำตกสามหลั่น,9.0,9.0,0.0,0.0,9.0,100.0,0.0,Known
น้ำตกสามหลั่น,น้ำตกสามหลั่น,6,น้ำตกสามหลั่น,9.0,9.0,0.0,0.0,9.0,100.0,0.0,Known
น้ำตกสามหลั่น,น้ำตกสามหลั่น,7,น้ำตกสามหลั่น,9.0,9.0,0.0,0.0,9.0,100.0,0.0,Known
น้ำตกสามหลั่น,น้ำตกสามหลั่น,8,น้ำตกสามหลั่น,9.0,9.0,0.0,0.0,9.0,100.0,0.0,Known
น้ำตกสามหลั่น,น้ำตกสามหลั่น,9,น้ำตกสามหลั่น,9.0,9.0,0.0,0.0,9.0,100.0,0.0,Known
น้ำตกสามหลั่น,น้ำตกสามหลั่น,10,น้ำตกสามหลั่น,9.0,9.0,0.0,0.0,9.0,100.0,0.0,Known
น้ำตกสามหลั่น,น้ำตกสามหลั่น,11,น้ำตกสามหลั่น,9.0,9.0,0.0,0.0,9.0,100.0,0.0,Known
น้ำตกสามหลั่น,น้ำตกสามหลั่น,12,น้ำตกสามหลั่น,9.0,9.0,0.0,0.0,9.0,100.0,0.0,Known
น้ำตกสี่ขีด,น้ำตกสี่ขีด,1,น้ำตกสี่ขีด,5.0,5.0,0.0,0.0,5.0,100.0,0.0,Known
น้ำตกสี่ขีด,น้ำตกสี่ขีด,2,น้ำตกสี่ขีด,5.0,5.0,0.0,0.0,5.0,100.0,0.0,Known
น้ำตกสี่ขีด,น้ำตกสี่ขีด,3,น้ำตกสี่ขีด,5.0,5.0,0.0,0.0,5.0,100.0,0.0,Known
น้ำตกสี่ขีด,น้ำตกสี่ขีด,4,น้ำตกสี่ขีด,5.0,5.0,0.0,0.0,5.0,100.0,0.0,Known
น้ำตกสี่ขีด,น้ำตกสี่ขีด,5,น้ำตกสี่ขีด,5.0,5.0,0.0,0.0,5.0,100.0,0.0,Known
น้ำตกสี่ขีด,น้ำตกสี่ขีด,6,น้ำตกสี่ขีด,5.0,5.0,0.0,0.0,5.0,100.0,0.0,Known
น้ำตกสี่ขีด,น้ำตกสี่ขีด,7,น้ำตกสี่ขีด,5.0,5.0,0.0,0.0,5.0,100.0,0.0,Known
น้ำตกสี่ขีด,น้ำตกสี่ขีด,8,น้ำตกสี่ขีด,5.0,5.0,0.0,0.0,5.0,100.0,0.0,Known
น้ำตกสี่ขีด,น้ำตกสี่ขีด,9,น้ำตกสี่ขีด,5.0,5.0,0.0,0.0,5.0,100.0,0.0,Known
น้ำตกสี่ขีด,น้ำตกสี่ขีด,10,น้ำตกสี่ขีด,5.0,0.0,5.0,0.0,5.0,0.0,0.0,Known
น้ำตกสี่ขีด,น้ำตกสี่ขีด,11,น้ำตกสี่ขีด,5.0,0.0,5.0,0.0,5.0,0.0,0.0,Known
น้ำตกสี่ขีด,น้ำตกสี่ขีด,12,น้ำตกสี่ขีด,5.0,0.0,5.0,0.0,5.0,0.0,0.0,Known
น้ำตกหงาว,น้ำตกหงาว,1,น้ำตกหงาว,5.0,3.0,0.0,2.0,3.0,100.0,40.0,Known
น้ำตกหงาว,น้ำตกหงาว,2,น้ำตกหงาว,5.0,0.0,3.0,2.0,3.0,0.0,40.0,Known
น้ำตกหงาว,น้ำตกหงาว,3,น้ำตกหงาว,5.0,0.0,3.0,2.0,3.0,0.0,40.0,Known
น้ำตกหงาว,น้ำตกหงาว,4,น้ำตกหงาว,5.0,3.0,0.0,2.0,3.0,100.0,40.0,Known
น้ำตกหงาว,น้ำตกหงาว,5,น้ำตกหงาว,5.0,3.0,0.0,2.0,3.0,100.0,40.0,Known
น้ำตกหงาว,น้ำตกหงาว,6,น้ำตกหงาว,5.0,3.0,0.0,2.0,3.0,100.0,40.0,Known
น้ำตกหงาว,น้ำตกหงาว,7,น้ำตกหงาว,5.0,3.0,0.0,2.0,3.0,100.0,40.0,Known
น้ำตกหงาว,น้ำตกหงาว,8,น้ำตกหงาว,5.0,3.0,0.0,2.0,3.0,100.0,40.0,Known
น้ำตกหงาว,น้ำตกหงาว,9,น้ำตกหงาว,5.0,3.0,0.0,2.0,3.0,100.0,40.0,Known
น้ำตกหงาว,น้ำตกหงาว,10,น้ำตกหงาว,5.0,3.0,0.0,2.0,3.0,100.0,40.0,Known
น้ำตกหงาว,น้ำตกหงาว,11,น้ำตกหงาว,5.0,3.0,0.0,2.0,3.0,100.0,40.0,Known
น้ำตกหงาว,น้ำตกหงาว,12,น้ำตกหงาว,5.0,3.0,0.0,2.0,3.0,100.0,40.0,Known
น้ำตกห้วยยาง,น้ำตกห้วยยาง,1,น้ำตกห้วยยาง,8.0,8.0,0.0,0.0,8.0,100.0,0.0,Known
น้ำตกห้วยยาง,น้ำตกห้วยยาง,2,น้ำตกห้วยยาง,8.0,8.0,0.0,0.0,8.0,100.0,0.0,Known
น้ำตกห้วยยาง,น้ำตกห้วยยาง,3,น้ำตกห้วยยาง,8.0,8.0,0.0,0.0,8.0,100.0,0.0,Known
น้ำตกห้วยยาง,น้ำตกห้วยยาง,4,น้ำตกห้วยยาง,8.0,8.0,0.0,0.0,8.0,100.0,0.0,Known
น้ำตกห้วยยาง,น้ำตกห้วยยาง,5,น้ำตกห้วยยาง,8.0,8.0,0.0,0.0,8.0,100.0,0.0,Known
น้ำตกห้วยยาง,น้ำตกห้วยยาง,6,น้ำตกห้วยยาง,8.0,8.0,0.0,0.0,8.0,100.0,0.0,Known
น้ำตกห้วยยาง,น้ำตกห้วยยาง,7,น้ำตกห้วยยาง,8.0,8.0,0.0,0.0,8.0,100.0,0.0,Known
น้ำตกห้วยยาง,น้ำตกห้วยยาง,8,น้ำตกห้วยยาง,8.0,8.0,0.0,0.0,8.0,100.0,0.0,Known
น้ำตกห้วยยาง,น้ำตกห้วยยาง,9,น้ำตกห้วยยาง,8.0,8.0,0.0,0.0,8.0,100.0,0.0,Known
น้ำตกห้วยยาง,น้ำตกห้วยยาง,10,น้ำตกห้วยยาง,8.0,8.0,0.0,0.0,8.0,100.0,0.0,Known
น้ำตกห้วยยาง,น้ำตกห้วยยาง,11,น้ำตกห้วยยาง,8.0,8.0,0.0,0.0,8.0,100.0,0.0,Known
น้ำตกห้วยยาง,น้ำตกห้วยยาง,12,น้ำตกห้วยยาง,8.0,8.0,0.0,0.0,8.0,100.0,0.0,Known
น้ำตกเจ็ดสาวน้อย,น้ำตกเจ็ดสาวน้อย,1,น้ำตกเจ็ดสาวน้อย,5.0,5.0,0.0,0.0,5.0,100.0,0.0,Known
น้ำตกเจ็ดสาวน้อย,น้ำตกเจ็ดสาวน้อย,2,น้ำตกเจ็ดสาวน้อย,5.0,5.0,0.0,0.0,5.0,100.0,0.0,Known
น้ำตกเจ็ดสาวน้อย,น้ำตกเจ็ดสาวน้อย,3,น้ำตกเจ็ดสาวน้อย,5.0,5.0,0.0,0.0,5.0,100.0,0.0,Known
น้ำตกเจ็ดสาวน้อย,น้ำตกเจ็ดสาวน้อย,4,น้ำตกเจ็ดสาวน้อย,5.0,5.0,0.0,0.0,5.0,100.0,0.0,Known
น้ำตกเจ็ดสาวน้อย,น้ำตกเจ็ดสาวน้อย,5,น้ำตกเจ็ดสาวน้อย,5.0,5.0,0.0,0.0,5.0,100.0,0.0,Known
น้ำตกเจ็ดสาวน้อย,น้ำตกเจ็ดสาวน้อย,6,น้ำตกเจ็ดสาวน้อย,5.0,5.0,0.0,0.0,5.0,100.0,0.0,Known
น้ำตกเจ็ดสาวน้อย,น้ำตกเจ็ดสาวน้อย,7,น้ำตกเจ็ดสาวน้อย,5.0,5.0,0.0,0.0,5.0,100.0,0.0,Known
น้ำตกเจ็ดสาวน้อย,น้ำตกเจ็ดสาวน้อย,8,น้ำตกเจ็ดสาวน้อย,5.0,5.0,0.0,0.0,5.0,100.0,0.0,Known
น้ำตกเจ็ดสาวน้อย,น้ำตกเจ็ดสาวน้อย,9,น้ำตกเจ็ดสาวน้อย,5.0,5.0,0.0,0.0,5.0,100.0,0.0,Known
น้ำตกเจ็ดสาวน้อย,น้ำตกเจ็ดสาวน้อย,10,น้ำตกเจ็ดสาวน้อย,5.0,5.0,0.0,0.0,5.0,100.0,0.0,Known
น้ำตกเจ็ดสาวน้อย,น้ำตกเจ็ดสาวน้อย,11,น้ำตกเจ็ดสาวน้อย,5.0,5.0,0.0,0.0,5.0,100.0,0.0,Known
น้ำตกเจ็ดสาวน้อย,น้ำตกเจ็ดสาวน้อย,12,น้ำตกเจ็ดสาวน้อย,5.0,5.0,0.0,0.0,5.0,100.0,0.0,Known
น้ำตกแม่สุรินทร์,น้ำตกแม่สุรินทร์,1,น้ำตกแม่สุรินทร์,10.0,10.0,0.0,0.0,10.0,100.0,0.0,Known
น้ำตกแม่สุรินทร์,น้ำตกแม่สุรินทร์,2,น้ำตกแม่สุรินทร์,10.0,10.0,0.0,0.0,10.0,100.0,0.0,Known
น้ำตกแม่สุรินทร์,น้ำตกแม่สุรินทร์,3,น้ำตกแม่สุรินทร์,10.0,9.0,1.0,0.0,10.0,90.0,0.0,Known
น้ำตกแม่สุรินทร์,น้ำตกแม่สุรินทร์,4,น้ำตกแม่สุรินทร์,10.0,9.0,1.0,0.0,10.0,90.0,0.0,Known
น้ำตกแม่สุรินทร์,น้ำตกแม่สุรินทร์,5,น้ำตกแม่สุรินทร์,10.0,9.0,1.0,0.0,10.0,90.0,0.0,Known
น้ำตกแม่สุรินทร์,น้ำตกแม่สุรินทร์,6,น้ำตกแม่สุรินทร์,10.0,7.0,3.0,0.0,10.0,70.0,0.0,Known
น้ำตกแม่สุรินทร์,น้ำตกแม่สุรินทร์,7,น้ำตกแม่สุรินทร์,10.0,8.0,2.0,0.0,10.0,80.0,0.0,Known
น้ำตกแม่สุรินทร์,น้ำตกแม่สุรินทร์,8,น้ำตกแม่สุรินทร์,10.0,8.0,2.0,0.0,10.0,80.0,0.0,Known
น้ำตกแม่สุรินทร์,น้ำตกแม่สุรินทร์,9,น้ำตกแม่สุรินทร์,10.0,8.0,2.0,0.0,10.0,80.0,0.0,Known
น้ำตกแม่สุรินทร์,น้ำตกแม่สุรินทร์,10,น้ำตกแม่สุรินทร์,10.0,10.0,0.0,0.0,10.0,100.0,0.0,Known
น้ำตกแม่สุรินทร์,น้ำตกแม่สุรินทร์,11,น้ำตกแม่สุรินทร์,10.0,10.0,0.0,0.0,10.0,100.0,0.0,Known
น้ำตกแม่สุรินทร์,น้ำตกแม่สุรินทร์,12,น้ำตกแม่สุรินทร์,10.0,10.0,0.0,0.0,10.0,100.0,0.0,Known
น้ำตกโยง,น้ำตกโยง,1,น้ำตกโยง,10.0,10.0,0.0,0.0,10.0,100.0,0.0,Known
น้ำตกโยง,น้ำตกโยง,2,น้ำตกโยง,10.0,10.0,0.0,0.0,10.0,100.0,0.0,Known
น้ำตกโยง,น้ำตกโยง,3,น้ำตกโยง,10.0,10.0,0.0,0.0,10.0,100.0,0.0,Known
น้ำตกโยง,น้ำตกโยง,4,น้ำตกโยง,10.0,10.0,0.0,0.0,10.0,100.0,0.0,Known
น้ำตกโยง,น้ำตกโยง,5,น้ำตกโยง,10.0,10.0,0.0,0.0,10.0,100.0,0.0,Known
น้ำตกโยง,น้ำตกโยง,6,น้ำตกโยง,10.0,10.0,0.0,0.0,10.0,100.0,0.0,Known
น้ำตกโยง,น้ำตกโยง,7,น้ำตกโยง,10.0,9.0,1.0,0.0,10.0,90.0,0.0,Known
น้ำตกโยง,น้ำตกโยง,8,น้ำตกโยง,10.0,9.0,1.0,0.0,10.0,90.0,0.0,Known
น้ำตกโยง,น้ำตกโยง,9,น้ำตกโยง,10.0,9.0,1.0,0.0,10.0,90.0,0.0,Known
น้ำตกโยง,น้ำตกโยง,10,น้ำตกโยง,10.0,9.0,1.0,0.0,10.0,90.0,0.0,Known
น้ำตกโยง,น้ำตกโยง,11,น้ำตกโยง,10.0,9.0,1.0,0.0,10.0,90.0,0.0,Known
น้ำตกโยง,น้ำตกโยง,12,น้ำตกโยง,10.0,10.0,0.0,0.0,10.0,100.0,0.0,Known
น้ำพอง,น้ำพอง,1,น้ำพอง,11.0,6.0,1.0,4.0,7.0,85.71428571428571,36.36363636363637,Known
น้ำพอง,น้ำพอง,2,น้ำพอง,11.0,6.0,1.0,4.0,7.0,85.71428571428571,36.36363636363637,Known
น้ำพอง,น้ำพอง,3,น้ำพอง,11.0,6.0,1.0,4.0,7.0,85.71428571428571,36.36363636363637,Known
น้ำพอง,น้ำพอง,4,น้ำพอง,11.0,6.0,1.0,4.0,7.0,85.71428571428571,36.36363636363637,Known
น้ำพอง,น้ำพอง,5,น้ำพอง,11.0,6.0,1.0,4.0,7.0,85.71428571428571,36.36363636363637,Known
น้ำพอง,น้ำพอง,6,น้ำพอง,11.0,6.0,1.0,4.0,7.0,85.71428571428571,36.36363636363637,Known
น้ำพอง,น้ำพอง,7,น้ำพอง,11.0,6.0,1.0,4.0,7.0,85.71428571428571,36.36363636363637,Known
น้ำพอง,น้ำพอง,8,น้ำพอง,11.0,7.0,0.0,4.0,7.0,100.0,36.36363636363637,Known
น้ำพอง,น้ำพอง,9,น้ำพอง,11.0,7.0,0.0,4.0,7.0,100.0,36.36363636363637,Known
น้ำพอง,น้ำพอง,10,น้ำพอง,11.0,7.0,0.0,4.0,7.0,100.0,36.36363636363637,Known
น้ำพอง,น้ำพอง,11,น้ำพอง,11.0,7.0,0.0,4.0,7.0,100.0,36.36363636363637,Known
น้ำพอง,น้ำพอง,12,น้ำพอง,11.0,6.0,1.0,4.0,7.0,85.71428571428571,36.36363636363637,Known
น้ำหนาว,น้ำหนาว,1,น้ำหนาว,15.0,13.0,0.0,2.0,13.0,100.0,13.333333333333334,Known
น้ำหนาว,น้ำหนาว,2,น้ำหนาว,15.0,13.0,0.0,2.0,13.0,100.0,13.333333333333334,Known
น้ำหนาว,น้ำหนาว,3,น้ำหนาว,15.0,13.0,0.0,2.0,13.0,100.0,13.333333333333334,Known
น้ำหนาว,น้ำหนาว,4,น้ำหนาว,15.0,13.0,0.0,2.0,13.0,100.0,13.333333333333334,Known
น้ำหนาว,น้ำหนาว,5,น้ำหนาว,15.0,13.0,0.0,2.0,13.0,100.0,13.333333333333334,Known
น้ำหนาว,น้ำหนาว,6,น้ำหนาว,15.0,0.0,13.0,2.0,13.0,0.0,13.333333333333334,Known
น้ำหนาว,น้ำหนาว,7,น้ำหนาว,15.0,13.0,0.0,2.0,13.0,100.0,13.333333333333334,Known
น้ำหนาว,น้ำหนาว,8,น้ำหนาว,15.0,13.0,0.0,2.0,13.0,100.0,13.333333333333334,Known
น้ำหนาว,น้ำหนาว,9,น้ำหนาว,15.0,13.0,0.0,2.0,13.0,100.0,13.333333333333334,Known
น้ำหนาว,น้ำหนาว,10,น้ำหนาว,15.0,13.0,0.0,2.0,13.0,100.0,13.333333333333334,Known
น้ำหนาว,น้ำหนาว,11,น้ำหนาว,15.0,13.0,0.0,2.0,13.0,100.0,13.333333333333334,Known
น้ำหนาว,น้ำหนาว,12,น้ำหนาว,15.0,13.0,0.0,2.0,13.0,100.0,13.333333333333334,Known
บางลาง,บางลาง,1,บางลาง,6.0,6.0,0.0,0.0,6.0,100.0,0.0,Known
บางลาง,บางลาง,2,บางลาง,6.0,6.0,0.0,0.0,6.0,100.0,0.0,Known
บางลาง,บางลาง,3,บางลาง,6.0,6.0,0.0,0.0,6.0,100.0,0.0,Known
บางลาง,บางลาง,4,บางลาง,6.0,6.0,0.0,0.0,6.0,100.0,0.0,Known
บางลาง,บางลาง,5,บางลาง,6.0,6.0,0.0,0.0,6.0,100.0,0.0,Known
บางลาง,บางลาง,6,บางลาง,6.0,6.0,0.0,0.0,6.0,100.0,0.0,Known
บางลาง,บางลาง,7,บางลาง,6.0,6.0,0.0,0.0,6.0,100.0,0.0,Known
บางลาง,บางลาง,8,บางลาง,6.0,6.0,0.0,0.0,6.0,100.0,0.0,Known
บางลาง,บางลาง,9,บางลาง,6.0,6.0,0.0,0.0,6.0,100.0,0.0,Known
บางลาง,บางลาง,10,บางลาง,6.0,6.0,0.0,0.0,6.0,100.0,0.0,Known
บางลาง,บางลาง,11,บางลาง,6.0,3.0,3.0,0.0,6.0,50.0,0.0,Known
บางลาง,บางลาง,12,บางลาง,6.0,3.0,3.0,0.0,6.0,50.0,0.0,Known
บูโด-สุไหงปาดี,บูโด-สุไหงปาดี,1,บูโด-สุไหงปาดี,5.0,5.0,0.0,0.0,5.0,100.0,0.0,Known
บูโด-สุไหงปาดี,บูโด-สุไหงปาดี,2,บูโด-สุไหงปาดี,5.0,5.0,0.0,0.0,5.0,100.0,0.0,Known
บูโด-สุไหงปาดี,บูโด-สุไหงปาดี,3,บูโด-สุไหงปาดี,5.0,5.0,0.0,0.0,5.0,100.0,0.0,Known
บูโด-สุไหงปาดี,บูโด-สุไหงปาดี,4,บูโด-สุไหงปาดี,5.0,5.0,0.0,0.0,5.0,100.0,0.0,Known
บูโด-สุไหงปาดี,บูโด-สุไหงปาดี,5,บูโด-สุไหงปาดี,5.0,5.0,0.0,0.0,5.0,100.0,0.0,Known
บูโด-สุไหงปาดี,บูโด-สุไหงปาดี,6,บูโด-สุไหงปาดี,5.0,5.0,0.0,0.0,5.0,100.0,0.0,Known
บูโด-สุไหงปาดี,บูโด-สุไหงปาดี,7,บูโด-สุไหงปาดี,5.0,5.0,0.0,0.0,5.0,100.0,0.0,Known
บูโด-สุไหงปาดี,บูโด-สุไหงปาดี,8,บูโด-สุไหงปาดี,5.0,5.0,0.0,0.0,5.0,100.0,0.0,Known
บูโด-สุไหงปาดี,บูโด-สุไหงปาดี,9,บูโด-สุไหงปาดี,5.0,5.0,0.0,0.0,5.0,100.0,0.0,Known
บูโด-สุไหงปาดี,บูโด-สุไหงปาดี,10,บูโด-สุไหงปาดี,5.0,5.0,0.0,0.0,5.0,100.0,0.0,Known
บูโด-สุไหงปาดี,บูโด-สุไหงปาดี,11,บูโด-สุไหงปาดี,5.0,0.0,5.0,0.0,5.0,0.0,0.0,Known
บูโด-สุไหงปาดี,บูโด-สุไหงปาดี,12,บูโด-สุไหงปาดี,5.0,0.0,5.0,0.0,5.0,0.0,0.0,Known
ปางสีดา,ปางสีดา,1,ปางสีดา,16.0,7.0,5.0,4.0,12.0,58.333333333333336,25.0,Known
ปางสีดา,ปางสีดา,2,ปางสีดา,16.0,7.0,5.0,4.0,12.0,58.333333333333336,25.0,Known
ปางสีดา,ปางสีดา,3,ปางสีดา,16.0,7.0,5.0,4.0,12.0,58.333333333333336,25.0,Known
ปางสีดา,ปางสีดา,4,ปางสีดา,16.0,7.0,5.0,4.0,12.0,58.333333333333336,25.0,Known
ปางสีดา,ปางสีดา,5,ปางสีดา,16.0,7.0,5.0,4.0,12.0,58.333333333333336,25.0,Known
ปางสีดา,ปางสีดา,6,ปางสีดา,16.0,7.0,5.0,4.0,12.0,58.333333333333336,25.0,Known
ปางสีดา,ปางสีดา,7,ปางสีดา,16.0,7.0,5.0,4.0,12.0,58.333333333333336,25.0,Known
ปางสีดา,ปางสีดา,8,ปางสีดา,16.0,7.0,5.0,4.0,12.0,58.333333333333336,25.0,Known
ปางสีดา,ปางสีดา,9,ปางสีดา,16.0,12.0,0.0,4.0,12.0,100.0,25.0,Known
ปางสีดา,ปางสีดา,10,ปางสีดา,16.0,12.0,0.0,4.0,12.0,100.0,25.0,Known
ปางสีดา,ปางสีดา,11,ปางสีดา,16.0,12.0,0.0,4.0,12.0,100.0,25.0,Known
ปางสีดา,ปางสีดา,12,ปางสีดา,16.0,12.0,0.0,4.0,12.0,100.0,25.0,Known
ป่าหินงาม,ป่าหินงาม,1,ป่าหินงาม,8.0,8.0,0.0,0.0,8.0,100.0,0.0,Known
ป่าหินงาม,ป่าหินงาม,2,ป่าหินงาม,8.0,8.0,0.0,0.0,8.0,100.0,0.0,Known
ป่าหินงาม,ป่าหินงาม,3,ป่าหินงาม,8.0,8.0,0.0,0.0,8.0,100.0,0.0,Known
ป่าหินงาม,ป่าหินงาม,4,ป่าหินงาม,8.0,8.0,0.0,0.0,8.0,100.0,0.0,Known
ป่าหินงาม,ป่าหินงาม,5,ป่าหินงาม,8.0,8.0,0.0,0.0,8.0,100.0,0.0,Known
ป่าหินงาม,ป่าหินงาม,6,ป่าหินงาม,8.0,8.0,0.0,0.0,8.0,100.0,0.0,Known
ป่าหินงาม,ป่าหินงาม,7,ป่าหินงาม,8.0,8.0,0.0,0.0,8.0,100.0,0.0,Known
ป่าหินงาม,ป่าหินงาม,8,ป่าหินงาม,8.0,8.0,0.0,0.0,8.0,100.0,0.0,Known
ป่าหินงาม,ป่าหินงาม,9,ป่าหินงาม,8.0,8.0,0.0,0.0,8.0,100.0,0.0,Known
ป่าหินงาม,ป่าหินงาม,10,ป่าหินงาม,8.0,8.0,0.0,0.0,8.0,100.0,0.0,Known
ป่าหินงาม,ป่าหินงาม,11,ป่าหินงาม,8.0,8.0,0.0,0.0,8.0,100.0,0.0,Known
ป่าหินงาม,ป่าหินงาม,12,ป่าหินงาม,8.0,8.0,0.0,0.0,8.0,100.0,0.0,Known
ผาแดง,ผาแดง,1,ผาแดง,10.0,8.0,0.0,2.0,8.0,100.0,20.0,Known
ผาแดง,ผาแดง,2,ผาแดง,10.0,8.0,0.0,2.0,8.0,100.0,20.0,Known
ผาแดง,ผาแดง,3,ผาแดง,10.0,7.0,1.0,2.0,8.0,87.5,20.0,Known
ผาแดง,ผาแดง,4,ผาแดง,10.0,7.0,1.0,2.0,8.0,87.5,20.0,Known
ผาแดง,ผาแดง,5,ผาแดง,10.0,7.0,1.0,2.0,8.0,87.5,20.0,Known
ผาแดง,ผาแดง,6,ผาแดง,10.0,7.0,1.0,2.0,8.0,87.5,20.0,Known
ผาแดง,ผาแดง,7,ผาแดง,10.0,6.0,2.0,2.0,8.0,75.0,20.0,Known
ผาแดง,ผาแดง,8,ผาแดง,10.0,6.0,2.0,2.0,8.0,75.0,20.0,Known
ผาแดง,ผาแดง,9,ผาแดง,10.0,6.0,2.0,2.0,8.0,75.0,20.0,Known
ผาแดง,ผาแดง,10,ผาแดง,10.0,6.0,2.0,2.0,8.0,75.0,20.0,Known
ผาแดง,ผาแดง,11,ผาแดง,10.0,8.0,0.0,2.0,8.0,100.0,20.0,Known
ผาแดง,ผาแดง,12,ผาแดง,10.0,8.0,0.0,2.0,8.0,100.0,20.0,Known
ผาแต้ม,ผาแต้ม,1,ผาแต้ม,27.0,26.0,1.0,0.0,27.0,96.29629629629629,0.0,Known
ผาแต้ม,ผาแต้ม,2,ผาแต้ม,27.0,26.0,1.0,0.0,27.0,96.29629629629629,0.0,Known
ผาแต้ม,ผาแต้ม,3,ผาแต้ม,27.0,19.0,8.0,0.0,27.0,70.37037037037037,0.0,Known
ผาแต้ม,ผาแต้ม,4,ผาแต้ม,27.0,19.0,8.0,0.0,27.0,70.37037037037037,0.0,Known
ผาแต้ม,ผาแต้ม,5,ผาแต้ม,27.0,19.0,8.0,0.0,27.0,70.37037037037037,0.0,Known
ผาแต้ม,ผาแต้ม,6,ผาแต้ม,27.0,26.0,1.0,0.0,27.0,96.29629629629629,0.0,Known
ผาแต้ม,ผาแต้ม,7,ผาแต้ม,27.0,27.0,0.0,0.0,27.0,100.0,0.0,Known
ผาแต้ม,ผาแต้ม,8,ผาแต้ม,27.0,27.0,0.0,0.0,27.0,100.0,0.0,Known
ผาแต้ม,ผาแต้ม,9,ผาแต้ม,27.0,27.0,0.0,0.0,27.0,100.0,0.0,Known
ผาแต้ม,ผาแต้ม,10,ผาแต้ม,27.0,27.0,0.0,0.0,27.0,100.0,0.0,Known
ผาแต้ม,ผาแต้ม,11,ผาแต้ม,27.0,26.0,1.0,0.0,27.0,96.29629629629629,0.0,Known
ผาแต้ม,ผาแต้ม,12,ผาแต้ม,27.0,26.0,1.0,0.0,27.0,96.29629629629629,0.0,Known
พุเตย,พุเตย,1,พุเตย,12.0,12.0,0.0,0.0,12.0,100.0,0.0,Known
พุเตย,พุเตย,2,พุเตย,12.0,12.0,0.0,0.0,12.0,100.0,0.0,Known
พุเตย,พุเตย,3,พุเตย,12.0,12.0,0.0,0.0,12.0,100.0,0.0,Known
พุเตย,พุเตย,4,พุเตย,12.0,12.0,0.0,0.0,12.0,100.0,0.0,Known
พุเตย,พุเตย,5,พุเตย,12.0,10.0,2.0,0.0,12.0,83.33333333333334,0.0,Known
พุเตย,พุเตย,6,พุเตย,12.0,10.0,2.0,0.0,12.0,83.33333333333334,0.0,Known
พุเตย,พุเตย,7,พุเตย,12.0,10.0,2.0,0.0,12.0,83.33333333333334,0.0,Known
พุเตย,พุเตย,8,พุเตย,12.0,10.0,2.0,0.0,12.0,83.33333333333334,0.0,Known
พุเตย,พุเตย,9,พุเตย,12.0,10.0,2.0,0.0,12.0,83.33333333333334,0.0,Known
พุเตย,พุเตย,10,พุเตย,12.0,10.0,2.0,0.0,12.0,83.33333333333334,0.0,Known
พุเตย,พุเตย,11,พุเตย,12.0,10.0,2.0,0.0,12.0,83.33333333333334,0.0,Known
พุเตย,พุเตย,12,พุเตย,12.0,12.0,0.0,0.0,12.0,100.0,0.0,Known
ภูกระดึง,ภูกระดึง,1,ภูกระดึง,20.0,19.0,0.0,1.0,19.0,100.0,5.0,Known
ภูกระดึง,ภูกระดึง,2,ภูกระดึง,20.0,19.0,0.0,1.0,19.0,100.0,5.0,Known
ภูกระดึง,ภูกระดึง,3,ภูกระดึง,20.0,19.0,0.0,1.0,19.0,100.0,5.0,Known
ภูกระดึง,ภูกระดึง,4,ภูกระดึง,20.0,19.0,0.0,1.0,19.0,100.0,5.0,Known
ภูกระดึง,ภูกระดึง,5,ภูกระดึง,20.0,19.0,0.0,1.0,19.0,100.0,5.0,Known
ภูกระดึง,ภูกระดึง,6,ภูกระดึง,20.0,1.0,18.0,1.0,19.0,5.263157894736842,5.0,Known
ภูกระดึง,ภูกระดึง,7,ภูกระดึง,20.0,1.0,18.0,1.0,19.0,5.263157894736842,5.0,Known
ภูกระดึง,ภูกระดึง,8,ภูกระดึง,20.0,1.0,18.0,1.0,19.0,5.263157894736842,5.0,Known
ภูกระดึง,ภูกระดึง,9,ภูกระดึง,20.0,1.0,18.0,1.0,19.0,5.263157894736842,5.0,Known
ภูกระดึง,ภูกระดึง,10,ภูกระดึง,20.0,19.0,0.0,1.0,19.0,100.0,5.0,Known
ภูกระดึง,ภูกระดึง,11,ภูกระดึง,20.0,19.0,0.0,1.0,19.0,100.0,5.0,Known
ภูกระดึง,ภูกระดึง,12,ภูกระดึง,20.0,19.0,0.0,1.0,19.0,100.0,5.0,Known
ภูจองนายอย,ภูจองนายอย,1,ภูจองนายอย,16.0,13.0,0.0,3.0,13.0,100.0,18.75,Known
ภูจองนายอย,ภูจองนายอย,2,ภูจองนายอย,16.0,13.0,0.0,3.0,13.0,100.0,18.75,Known
ภูจองนายอย,ภูจองนายอย,3,ภูจองนายอย,16.0,13.0,0.0,3.0,13.0,100.0,18.75,Known
ภูจองนายอย,ภูจองนายอย,4,ภูจองนายอย,16.0,13.0,0.0,3.0,13.0,100.0,18.75,Known
ภูจองนายอย,ภูจองนายอย,5,ภูจองนายอย,16.0,13.0,0.0,3.0,13.0,100.0,18.75,Known
ภูจองนายอย,ภูจองนายอย,6,ภูจองนายอย,16.0,13.0,0.0,3.0,13.0,100.0,18.75,Known
ภูจองนายอย,ภูจองนายอย,7,ภูจองนายอย,16.0,13.0,0.0,3.0,13.0,100.0,18.75,Known
ภูจองนายอย,ภูจองนายอย,8,ภูจองนายอย,16.0,13.0,0.0,3.0,13.0,100.0,18.75,Known
ภูจองนายอย,ภูจองนายอย,9,ภูจองนายอย,16.0,13.0,0.0,3.0,13.0,100.0,18.75,Known
ภูจองนายอย,ภูจองนายอย,10,ภูจองนายอย,16.0,13.0,0.0,3.0,13.0,100.0,18.75,Known
ภูจองนายอย,ภูจองนายอย,11,ภูจองนายอย,16.0,13.0,0.0,3.0,13.0,100.0,18.75,Known
ภูจองนายอย,ภูจองนายอย,12,ภูจองนายอย,16.0,13.0,0.0,3.0,13.0,100.0,18.75,Known
ภูซาง,ภูซาง,1,ภูซาง,11.0,8.0,0.0,3.0,8.0,100.0,27.27272727272727,Known
ภูซาง,ภูซาง,2,ภูซาง,11.0,8.0,0.0,3.0,8.0,100.0,27.27272727272727,Known
ภูซาง,ภูซาง,3,ภูซาง,11.0,8.0,0.0,3.0,8.0,100.0,27.27272727272727,Known
ภูซาง,ภูซาง,4,ภูซาง,11.0,8.0,0.0,3.0,8.0,100.0,27.27272727272727,Known
ภูซาง,ภูซาง,5,ภูซาง,11.0,8.0,0.0,3.0,8.0,100.0,27.27272727272727,Known
ภูซาง,ภูซาง,6,ภูซาง,11.0,8.0,0.0,3.0,8.0,100.0,27.27272727272727,Known
ภูซาง,ภูซาง,7,ภูซาง,11.0,4.0,4.0,3.0,8.0,50.0,27.27272727272727,Known
ภูซาง,ภูซาง,8,ภูซาง,11.0,4.0,4.0,3.0,8.0,50.0,27.27272727272727,Known
ภูซาง,ภูซาง,9,ภูซาง,11.0,4.0,4.0,3.0,8.0,50.0,27.27272727272727,Known
ภูซาง,ภูซาง,10,ภูซาง,11.0,8.0,0.0,3.0,8.0,100.0,27.27272727272727,Known
ภูซาง,ภูซาง,11,ภูซาง,11.0,8.0,0.0,3.0,8.0,100.0,27.27272727272727,Known
ภูซาง,ภูซาง,12,ภูซาง,11.0,8.0,0.0,3.0,8.0,100.0,27.27272727272727,Known
ภูผาม่าน,ภูผาม่าน,1,ภูผาม่าน,11.0,9.0,2.0,0.0,11.0,81.81818181818183,0.0,Known
ภูผาม่าน,ภูผาม่าน,2,ภูผาม่าน,11.0,9.0,2.0,0.0,11.0,81.81818181818183,0.0,Known
ภูผาม่าน,ภูผาม่าน,3,ภูผาม่าน,11.0,9.0,2.0,0.0,11.0,81.81818181818183,0.0,Known
ภูผาม่าน,ภูผาม่าน,4,ภูผาม่าน,11.0,9.0,2.0,0.0,11.0,81.81818181818183,0.0,Known
ภูผาม่าน,ภูผาม่าน,5,ภูผาม่าน,11.0,11.0,0.0,0.0,11.0,100.0,0.0,Known
ภูผาม่าน,ภูผาม่าน,6,ภูผาม่าน,11.0,8.0,3.0,0.0,11.0,72.72727272727273,0.0,Known
ภูผาม่าน,ภูผาม่าน,7,ภูผาม่าน,11.0,8.0,3.0,0.0,11.0,72.72727272727273,0.0,Known
ภูผาม่าน,ภูผาม่าน,8,ภูผาม่าน,11.0,8.0,3.0,0.0,11.0,72.72727272727273,0.0,Known
ภูผาม่าน,ภูผาม่าน,9,ภูผาม่าน,11.0,8.0,3.0,0.0,11.0,72.72727272727273,0.0,Known
ภูผาม่าน,ภูผาม่าน,10,ภูผาม่าน,11.0,11.0,0.0,0.0,11.0,100.0,0.0,Known
ภูผาม่าน,ภูผาม่าน,11,ภูผาม่าน,11.0,11.0,0.0,0.0,11.0,100.0,0.0,Known
ภูผาม่าน,ภูผาม่าน,12,ภูผาม่าน,11.0,11.0,0.0,0.0,11.0,100.0,0.0,Known
ภูผายล,ภูผายล,1,ภูผายล,8.0,8.0,0.0,0.0,8.0,100.0,0.0,Known
ภูผายล,ภูผายล,2,ภูผายล,8.0,8.0,0.0,0.0,8.0,100.0,0.0,Known
ภูผายล,ภูผายล,3,ภูผายล,8.0,8.0,0.0,0.0,8.0,100.0,0.0,Known
ภูผายล,ภูผายล,4,ภูผายล,8.0,8.0,0.0,0.0,8.0,100.0,0.0,Known
ภูผายล,ภูผายล,5,ภูผายล,8.0,0.0,8.0,0.0,8.0,0.0,0.0,Known
ภูผายล,ภูผายล,6,ภูผายล,8.0,8.0,0.0,0.0,8.0,100.0,0.0,Known
ภูผายล,ภูผายล,7,ภูผายล,8.0,8.0,0.0,0.0,8.0,100.0,0.0,Known
ภูผายล,ภูผายล,8,ภูผายล,8.0,8.0,0.0,0.0,8.0,100.0,0.0,Known
ภูผายล,ภูผายล,9,ภูผายล,8.0,8.0,0.0,0.0,8.0,100.0,0.0,Known
ภูผายล,ภูผายล,10,ภูผายล,8.0,8.0,0.0,0.0,8.0,100.0,0.0,Known
ภูผายล,ภูผายล,11,ภูผายล,8.0,8.0,0.0,0.0,8.0,100.0,0.0,Known
ภูผายล,ภูผายล,12,ภูผายล,8.0,8.0,0.0,0.0,8.0,100.0,0.0,Known
ภูผาเทิบ,ภูผาเทิบ,1,ภูผาเทิบ,13.0,13.0,0.0,0.0,13.0,100.0,0.0,Known
ภูผาเทิบ,ภูผาเทิบ,2,ภูผาเทิบ,13.0,13.0,0.0,0.0,13.0,100.0,0.0,Known
ภูผาเทิบ,ภูผาเทิบ,3,ภูผาเทิบ,13.0,13.0,0.0,0.0,13.0,100.0,0.0,Known
ภูผาเทิบ,ภูผาเทิบ,4,ภูผาเทิบ,13.0,13.0,0.0,0.0,13.0,100.0,0.0,Known
ภูผาเทิบ,ภูผาเทิบ,5,ภูผาเทิบ,13.0,13.0,0.0,0.0,13.0,100.0,0.0,Known
ภูผาเทิบ,ภูผาเทิบ,6,ภูผาเทิบ,13.0,13.0,0.0,0.0,13.0,100.0,0.0,Known
ภูผาเทิบ,ภูผาเทิบ,7,ภูผาเทิบ,13.0,13.0,0.0,0.0,13.0,100.0,0.0,Known
ภูผาเทิบ,ภูผาเทิบ,8,ภูผาเทิบ,13.0,13.0,0.0,0.0,13.0,100.0,0.0,Known
ภูผาเทิบ,ภูผาเทิบ,9,ภูผาเทิบ,13.0,13.0,0.0,0.0,13.0,100.0,0.0,Known
ภูผาเทิบ,ภูผาเทิบ,10,ภูผาเทิบ,13.0,13.0,0.0,0.0,13.0,100.0,0.0,Known
ภูผาเทิบ,ภูผาเทิบ,11,ภูผาเทิบ,13.0,13.0,0.0,0.0,13.0,100.0,0.0,Known
ภูผาเทิบ,ภูผาเทิบ,12,ภูผาเทิบ,13.0,13.0,0.0,0.0,13.0,100.0,0.0,Known
ภูผาเหล็ก,ภูผาเหล็ก,1,ภูผาเหล็ก,13.0,10.0,3.0,0.0,13.0,76.92307692307693,0.0,Known
ภูผาเหล็ก,ภูผาเหล็ก,2,ภูผาเหล็ก,13.0,10.0,3.0,0.0,13.0,76.92307692307693,0.0,Known
ภูผาเหล็ก,ภูผาเหล็ก,3,ภูผาเหล็ก,13.0,4.0,9.0,0.0,13.0,30.76923076923077,0.0,Known
ภูผาเหล็ก,ภูผาเหล็ก,4,ภูผาเหล็ก,13.0,4.0,9.0,0.0,13.0,30.76923076923077,0.0,Known
ภูผาเหล็ก,ภูผาเหล็ก,5,ภูผาเหล็ก,13.0,8.0,5.0,0.0,13.0,61.53846153846154,0.0,Known
ภูผาเหล็ก,ภูผาเหล็ก,6,ภูผาเหล็ก,13.0,11.0,2.0,0.0,13.0,84.61538461538461,0.0,Known
ภูผาเหล็ก,ภูผาเหล็ก,7,ภูผาเหล็ก,13.0,13.0,0.0,0.0,13.0,100.0,0.0,Known
ภูผาเหล็ก,ภูผาเหล็ก,8,ภูผาเหล็ก,13.0,13.0,0.0,0.0,13.0,100.0,0.0,Known
ภูผาเหล็ก,ภูผาเหล็ก,9,ภูผาเหล็ก,13.0,13.0,0.0,0.0,13.0,100.0,0.0,Known
ภูผาเหล็ก,ภูผาเหล็ก,10,ภูผาเหล็ก,13.0,11.0,2.0,0.0,13.0,84.61538461538461,0.0,Known
ภูผาเหล็ก,ภูผาเหล็ก,11,ภูผาเหล็ก,13.0,10.0,3.0,0.0,13.0,76.92307692307693,0.0,Known
ภูผาเหล็ก,ภูผาเหล็ก,12,ภูผาเหล็ก,13.0,10.0,3.0,0.0,13.0,76.92307692307693,0.0,Known
ภูพาน,ภูพาน,1,ภูพาน,9.0,5.0,4.0,0.0,9.0,55.55555555555556,0.0,Known
ภูพาน,ภูพาน,2,ภูพาน,9.0,5.0,4.0,0.0,9.0,55.55555555555556,0.0,Known
ภูพาน,ภูพาน,3,ภูพาน,9.0,5.0,4.0,0.0,9.0,55.55555555555556,0.0,Known
ภูพาน,ภูพาน,4,ภูพาน,9.0,5.0,4.0,0.0,9.0,55.55555555555556,0.0,Known
ภูพาน,ภูพาน,5,ภูพาน,9.0,5.0,4.0,0.0,9.0,55.55555555555556,0.0,Known
ภูพาน,ภูพาน,6,ภูพาน,9.0,7.0,2.0,0.0,9.0,77.77777777777779,0.0,Known
ภูพาน,ภูพาน,7,ภูพาน,9.0,9.0,0.0,0.0,9.0,100.0,0.0,Known
ภูพาน,ภูพาน,8,ภูพาน,9.0,9.0,0.0,0.0,9.0,100.0,0.0,Known
ภูพาน,ภูพาน,9,ภูพาน,9.0,9.0,0.0,0.0,9.0,100.0,0.0,Known
ภูพาน,ภูพาน,10,ภูพาน,9.0,9.0,0.0,0.0,9.0,100.0,0.0,Known
ภูพาน,ภูพาน,11,ภูพาน,9.0,7.0,2.0,0.0,9.0,77.77777777777779,0.0,Known
ภูพาน,ภูพาน,12,ภูพาน,9.0,7.0,2.0,0.0,9.0,77.77777777777779,0.0,Known
ภูลังกา,ภูลังกา,1,ภูลังกา,8.0,8.0,0.0,0.0,8.0,100.0,0.0,Known
ภูลังกา,ภูลังกา,2,ภูลังกา,8.0,8.0,0.0,0.0,8.0,100.0,0.0,Known
ภูลังกา,ภูลังกา,3,ภูลังกา,8.0,8.0,0.0,0.0,8.0,100.0,0.0,Known
ภูลังกา,ภูลังกา,4,ภูลังกา,8.0,8.0,0.0,0.0,8.0,100.0,0.0,Known
ภูลังกา,ภูลังกา,5,ภูลังกา,8.0,5.0,3.0,0.0,8.0,62.5,0.0,Known
ภูลังกา,ภูลังกา,6,ภูลังกา,8.0,4.0,4.0,0.0,8.0,50.0,0.0,Known
ภูลังกา,ภูลังกา,7,ภูลังกา,8.0,8.0,0.0,0.0,8.0,100.0,0.0,Known
ภูลังกา,ภูลังกา,8,ภูลังกา,8.0,8.0,0.0,0.0,8.0,100.0,0.0,Known
ภูลังกา,ภูลังกา,9,ภูลังกา,8.0,8.0,0.0,0.0,8.0,100.0,0.0,Known
ภูลังกา,ภูลังกา,10,ภูลังกา,8.0,8.0,0.0,0.0,8.0,100.0,0.0,Known
ภูลังกา,ภูลังกา,11,ภูลังกา,8.0,8.0,0.0,0.0,8.0,100.0,0.0,Known
ภูลังกา,ภูลังกา,12,ภูลังกา,8.0,8.0,0.0,0.0,8.0,100.0,0.0,Known
ภูสระดอกบัว,ภูสระบัว,1,ภูสระบัว,8.0,3.0,0.0,5.0,3.0,100.0,62.5,Known
ภูสระดอกบัว,ภูสระบัว,2,ภูสระบัว,8.0,3.0,0.0,5.0,3.0,100.0,62.5,Known
ภูสระดอกบัว,ภูสระบัว,3,ภูสระบัว,8.0,2.0,1.0,5.0,3.0,66.66666666666666,62.5,Known
ภูสระดอกบัว,ภูสระบัว,4,ภูสระบัว,8.0,2.0,1.0,5.0,3.0,66.66666666666666,62.5,Known
ภูสระดอกบัว,ภูสระบัว,5,ภูสระบัว,8.0,2.0,1.0,5.0,3.0,66.66666666666666,62.5,Known
ภูสระดอกบัว,ภูสระบัว,6,ภูสระบัว,8.0,3.0,0.0,5.0,3.0,100.0,62.5,Known
ภูสระดอกบัว,ภูสระบัว,7,ภูสระบัว,8.0,3.0,0.0,5.0,3.0,100.0,62.5,Known
ภูสระดอกบัว,ภูสระบัว,8,ภูสระบัว,8.0,3.0,0.0,5.0,3.0,100.0,62.5,Known
ภูสระดอกบัว,ภูสระบัว,9,ภูสระบัว,8.0,3.0,0.0,5.0,3.0,100.0,62.5,Known
ภูสระดอกบัว,ภูสระบัว,10,ภูสระบัว,8.0,3.0,0.0,5.0,3.0,100.0,62.5,Known
ภูสระดอกบัว,ภูสระบัว,11,ภูสระบัว,8.0,3.0,0.0,5.0,3.0,100.0,62.5,Known
ภูสระดอกบัว,ภูสระบัว,12,ภูสระบัว,8.0,3.0,0.0,5.0,3.0,100.0,62.5,Known
ภูสวนทราย,ภูสวนทราย,1,ภูสวนทราย,20.0,20.0,0.0,0.0,20.0,100.0,0.0,Known
ภูสวนทราย,ภูสวนทราย,2,ภูสวนทราย,20.0,20.0,0.0,0.0,20.0,100.0,0.0,Known
ภูสวนทราย,ภูสวนทราย,3,ภูสวนทราย,20.0,20.0,0.0,0.0,20.0,100.0,0.0,Known
ภูสวนทราย,ภูสวนทราย,4,ภูสวนทราย,20.0,20.0,0.0,0.0,20.0,100.0,0.0,Known
ภูสวนทราย,ภูสวนทราย,5,ภูสวนทราย,20.0,20.0,0.0,0.0,20.0,100.0,0.0,Known
ภูสวนทราย,ภูสวนทราย,6,ภูสวนทราย,20.0,11.0,9.0,0.0,20.0,55.00000000000001,0.0,Known
ภูสวนทราย,ภูสวนทราย,7,ภูสวนทราย,20.0,11.0,9.0,0.0,20.0,55.00000000000001,0.0,Known
ภูสวนทราย,ภูสวนทราย,8,ภูสวนทราย,20.0,11.0,9.0,0.0,20.0,55.00000000000001,0.0,Known
ภูสวนทราย,ภูสวนทราย,9,ภูสวนทราย,20.0,11.0,9.0,0.0,20.0,55.00000000000001,0.0,Known
ภูสวนทราย,ภูสวนทราย,10,ภูสวนทราย,20.0,20.0,0.0,0.0,20.0,100.0,0.0,Known
ภูสวนทราย,ภูสวนทราย,11,ภูสวนทราย,20.0,20.0,0.0,0.0,20.0,100.0,0.0,Known
ภูสวนทราย,ภูสวนทราย,12,ภูสวนทราย,20.0,20.0,0.0,0.0,20.0,100.0,0.0,Known
ภูสอยดาว,ภูสอยดาว,1,ภูสอยดาว,6.0,6.0,0.0,0.0,6.0,100.0,0.0,Known
ภูสอยดาว,ภูสอยดาว,2,ภูสอยดาว,6.0,3.0,3.0,0.0,6.0,50.0,0.0,Known
ภูสอยดาว,ภูสอยดาว,3,ภูสอยดาว,6.0,3.0,3.0,0.0,6.0,50.0,0.0,Known
ภูสอยดาว,ภูสอยดาว,4,ภูสอยดาว,6.0,3.0,3.0,0.0,6.0,50.0,0.0,Known
ภูสอยดาว,ภูสอยดาว,5,ภูสอยดาว,6.0,3.0,3.0,0.0,6.0,50.0,0.0,Known
ภูสอยดาว,ภูสอยดาว,6,ภูสอยดาว,6.0,3.0,3.0,0.0,6.0,50.0,0.0,Known
ภูสอยดาว,ภูสอยดาว,7,ภูสอยดาว,6.0,6.0,0.0,0.0,6.0,100.0,0.0,Known
ภูสอยดาว,ภูสอยดาว,8,ภูสอยดาว,6.0,6.0,0.0,0.0,6.0,100.0,0.0,Known
ภูสอยดาว,ภูสอยดาว,9,ภูสอยดาว,6.0,6.0,0.0,0.0,6.0,100.0,0.0,Known
ภูสอยดาว,ภูสอยดาว,10,ภูสอยดาว,6.0,6.0,0.0,0.0,6.0,100.0,0.0,Known
ภูสอยดาว,ภูสอยดาว,11,ภูสอยดาว,6.0,6.0,0.0,0.0,6.0,100.0,0.0,Known
ภูสอยดาว,ภูสอยดาว,12,ภูสอยดาว,6.0,6.0,0.0,0.0,6.0,100.0,0.0,Known
ภูหินร่องกล้า,ภูหินร่องกล้า,1,ภูหินร่องกล้า,18.0,14.0,4.0,0.0,18.0,77.77777777777779,0.0,Known
ภูหินร่องกล้า,ภูหินร่องกล้า,2,ภูหินร่องกล้า,18.0,14.0,4.0,0.0,18.0,77.77777777777779,0.0,Known
ภูหินร่องกล้า,ภูหินร่องกล้า,3,ภูหินร่องกล้า,18.0,14.0,4.0,0.0,18.0,77.77777777777779,0.0,Known
ภูหินร่องกล้า,ภูหินร่องกล้า,4,ภูหินร่องกล้า,18.0,13.0,5.0,0.0,18.0,72.22222222222221,0.0,Known
ภูหินร่องกล้า,ภูหินร่องกล้า,5,ภูหินร่องกล้า,18.0,13.0,5.0,0.0,18.0,72.22222222222221,0.0,Known
ภูหินร่องกล้า,ภูหินร่องกล้า,6,ภูหินร่องกล้า,18.0,13.0,5.0,0.0,18.0,72.22222222222221,0.0,Known
ภูหินร่องกล้า,ภูหินร่องกล้า,7,ภูหินร่องกล้า,18.0,15.0,3.0,0.0,18.0,83.33333333333334,0.0,Known
ภูหินร่องกล้า,ภูหินร่องกล้า,8,ภูหินร่องกล้า,18.0,15.0,3.0,0.0,18.0,83.33333333333334,0.0,Known
ภูหินร่องกล้า,ภูหินร่องกล้า,9,ภูหินร่องกล้า,18.0,15.0,3.0,0.0,18.0,83.33333333333334,0.0,Known
ภูหินร่องกล้า,ภูหินร่องกล้า,10,ภูหินร่องกล้า,18.0,15.0,3.0,0.0,18.0,83.33333333333334,0.0,Known
ภูหินร่องกล้า,ภูหินร่องกล้า,11,ภูหินร่องกล้า,18.0,14.0,4.0,0.0,18.0,77.77777777777779,0.0,Known
ภูหินร่องกล้า,ภูหินร่องกล้า,12,ภูหินร่องกล้า,18.0,14.0,4.0,0.0,18.0,77.77777777777779,0.0,Known
ภูเก้า-ภูพานคำ,ภูเก้า-ภูพานคำ,1,ภูเก้า-ภูพานคำ,19.0,19.0,0.0,0.0,19.0,100.0,0.0,Known
ภูเก้า-ภูพานคำ,ภูเก้า-ภูพานคำ,2,ภูเก้า-ภูพานคำ,19.0,19.0,0.0,0.0,19.0,100.0,0.0,Known
ภูเก้า-ภูพานคำ,ภูเก้า-ภูพานคำ,3,ภูเก้า-ภูพานคำ,19.0,19.0,0.0,0.0,19.0,100.0,0.0,Known
ภูเก้า-ภูพานคำ,ภูเก้า-ภูพานคำ,4,ภูเก้า-ภูพานคำ,19.0,19.0,0.0,0.0,19.0,100.0,0.0,Known
ภูเก้า-ภูพานคำ,ภูเก้า-ภูพานคำ,5,ภูเก้า-ภูพานคำ,19.0,17.0,2.0,0.0,19.0,89.47368421052632,0.0,Known
ภูเก้า-ภูพานคำ,ภูเก้า-ภูพานคำ,6,ภูเก้า-ภูพานคำ,19.0,17.0,2.0,0.0,19.0,89.47368421052632,0.0,Known
ภูเก้า-ภูพานคำ,ภูเก้า-ภูพานคำ,7,ภูเก้า-ภูพานคำ,19.0,17.0,2.0,0.0,19.0,89.47368421052632,0.0,Known
ภูเก้า-ภูพานคำ,ภูเก้า-ภูพานคำ,8,ภูเก้า-ภูพานคำ,19.0,19.0,0.0,0.0,19.0,100.0,0.0,Known
ภูเก้า-ภูพานคำ,ภูเก้า-ภูพานคำ,9,ภูเก้า-ภูพานคำ,19.0,19.0,0.0,0.0,19.0,100.0,0.0,Known
ภูเก้า-ภูพานคำ,ภูเก้า-ภูพานคำ,10,ภูเก้า-ภูพานคำ,19.0,19.0,0.0,0.0,19.0,100.0,0.0,Known
ภูเก้า-ภูพานคำ,ภูเก้า-ภูพานคำ,11,ภูเก้า-ภูพานคำ,19.0,19.0,0.0,0.0,19.0,100.0,0.0,Known
ภูเก้า-ภูพานคำ,ภูเก้า-ภูพานคำ,12,ภูเก้า-ภูพานคำ,19.0,19.0,0.0,0.0,19.0,100.0,0.0,Known
ภูเรือ,ภูเรือ,1,ภูเรือ,21.0,20.0,1.0,0.0,21.0,95.23809523809523,0.0,Known
ภูเรือ,ภูเรือ,2,ภูเรือ,21.0,20.0,1.0,0.0,21.0,95.23809523809523,0.0,Known
ภูเรือ,ภูเรือ,3,ภูเรือ,21.0,20.0,1.0,0.0,21.0,95.23809523809523,0.0,Known
ภูเรือ,ภูเรือ,4,ภูเรือ,21.0,20.0,1.0,0.0,21.0,95.23809523809523,0.0,Known
ภูเรือ,ภูเรือ,5,ภูเรือ,21.0,20.0,1.0,0.0,21.0,95.23809523809523,0.0,Known
ภูเรือ,ภูเรือ,6,ภูเรือ,21.0,21.0,0.0,0.0,21.0,100.0,0.0,Known
ภูเรือ,ภูเรือ,7,ภูเรือ,21.0,21.0,0.0,0.0,21.0,100.0,0.0,Known
ภูเรือ,ภูเรือ,8,ภูเรือ,21.0,21.0,0.0,0.0,21.0,100.0,0.0,Known
ภูเรือ,ภูเรือ,9,ภูเรือ,21.0,21.0,0.0,0.0,21.0,100.0,0.0,Known
ภูเรือ,ภูเรือ,10,ภูเรือ,21.0,21.0,0.0,0.0,21.0,100.0,0.0,Known
ภูเรือ,ภูเรือ,11,ภูเรือ,21.0,20.0,1.0,0.0,21.0,95.23809523809523,0.0,Known
ภูเรือ,ภูเรือ,12,ภูเรือ,21.0,20.0,1.0,0.0,21.0,95.23809523809523,0.0,Known
ภูเวียง,ภูเวียง,1,ภูเวียง,12.0,12.0,0.0,0.0,12.0,100.0,0.0,Known
ภูเวียง,ภูเวียง,2,ภูเวียง,12.0,12.0,0.0,0.0,12.0,100.0,0.0,Known
ภูเวียง,ภูเวียง,3,ภูเวียง,12.0,12.0,0.0,0.0,12.0,100.0,0.0,Known
ภูเวียง,ภูเวียง,4,ภูเวียง,12.0,12.0,0.0,0.0,12.0,100.0,0.0,Known
ภูเวียง,ภูเวียง,5,ภูเวียง,12.0,12.0,0.0,0.0,12.0,100.0,0.0,Known
ภูเวียง,ภูเวียง,6,ภูเวียง,12.0,12.0,0.0,0.0,12.0,100.0,0.0,Known
ภูเวียง,ภูเวียง,7,ภูเวียง,12.0,12.0,0.0,0.0,12.0,100.0,0.0,Known
ภูเวียง,ภูเวียง,8,ภูเวียง,12.0,12.0,0.0,0.0,12.0,100.0,0.0,Known
ภูเวียง,ภูเวียง,9,ภูเวียง,12.0,12.0,0.0,0.0,12.0,100.0,0.0,Known
ภูเวียง,ภูเวียง,10,ภูเวียง,12.0,12.0,0.0,0.0,12.0,100.0,0.0,Known
ภูเวียง,ภูเวียง,11,ภูเวียง,12.0,12.0,0.0,0.0,12.0,100.0,0.0,Known
ภูเวียง,ภูเวียง,12,ภูเวียง,12.0,12.0,0.0,0.0,12.0,100.0,0.0,Known
ภูแลนคา,ภูแลนคา,1,ภูแลนคา,8.0,8.0,0.0,0.0,8.0,100.0,0.0,Known
ภูแลนคา,ภูแลนคา,2,ภูแลนคา,8.0,8.0,0.0,0.0,8.0,100.0,0.0,Known
ภูแลนคา,ภูแลนคา,3,ภูแลนคา,8.0,0.0,8.0,0.0,8.0,0.0,0.0,Known
ภูแลนคา,ภูแลนคา,4,ภูแลนคา,8.0,0.0,8.0,0.0,8.0,0.0,0.0,Known
ภูแลนคา,ภูแลนคา,5,ภูแลนคา,8.0,8.0,0.0,0.0,8.0,100.0,0.0,Known
ภูแลนคา,ภูแลนคา,6,ภูแลนคา,8.0,8.0,0.0,0.0,8.0,100.0,0.0,Known
ภูแลนคา,ภูแลนคา,7,ภูแลนคา,8.0,8.0,0.0,0.0,8.0,100.0,0.0,Known
ภูแลนคา,ภูแลนคา,8,ภูแลนคา,8.0,8.0,0.0,0.0,8.0,100.0,0.0,Known
ภูแลนคา,ภูแลนคา,9,ภูแลนคา,8.0,8.0,0.0,0.0,8.0,100.0,0.0,Known
ภูแลนคา,ภูแลนคา,10,ภูแลนคา,8.0,8.0,0.0,0.0,8.0,100.0,0.0,Known
ภูแลนคา,ภูแลนคา,11,ภูแลนคา,8.0,8.0,0.0,0.0,8.0,100.0,0.0,Known
ภูแลนคา,ภูแลนคา,12,ภูแลนคา,8.0,8.0,0.0,0.0,8.0,100.0,0.0,Known
รามคำแหง,รามคำแหง,1,รามคำแหง,7.0,7.0,0.0,0.0,7.0,100.0,0.0,Known
รามคำแหง,รามคำแหง,2,รามคำแหง,7.0,7.0,0.0,0.0,7.0,100.0,0.0,Known
รามคำแหง,รามคำแหง,3,รามคำแหง,7.0,0.0,7.0,0.0,7.0,0.0,0.0,Known
รามคำแหง,รามคำแหง,4,รามคำแหง,7.0,0.0,7.0,0.0,7.0,0.0,0.0,Known
รามคำแหง,รามคำแหง,5,รามคำแหง,7.0,0.0,7.0,0.0,7.0,0.0,0.0,Known
รามคำแหง,รามคำแหง,6,รามคำแหง,7.0,7.0,0.0,0.0,7.0,100.0,0.0,Known
รามคำแหง,รามคำแหง,7,รามคำแหง,7.0,7.0,0.0,0.0,7.0,100.0,0.0,Known
รามคำแหง,รามคำแหง,8,รามคำแหง,7.0,7.0,0.0,0.0,7.0,100.0,0.0,Known
รามคำแหง,รามคำแหง,9,รามคำแหง,7.0,7.0,0.0,0.0,7.0,100.0,0.0,Known
รามคำแหง,รามคำแหง,10,รามคำแหง,7.0,7.0,0.0,0.0,7.0,100.0,0.0,Known
รามคำแหง,รามคำแหง,11,รามคำแหง,7.0,7.0,0.0,0.0,7.0,100.0,0.0,Known
รามคำแหง,รามคำแหง,12,รามคำแหง,7.0,7.0,0.0,0.0,7.0,100.0,0.0,Known
ลานสาง,ลานสาง,1,ลานสาง,11.0,11.0,0.0,0.0,11.0,100.0,0.0,Known
ลานสาง,ลานสาง,2,ลานสาง,11.0,10.0,1.0,0.0,11.0,90.9090909090909,0.0,Known
ลานสาง,ลานสาง,3,ลานสาง,11.0,10.0,1.0,0.0,11.0,90.9090909090909,0.0,Known
ลานสาง,ลานสาง,4,ลานสาง,11.0,10.0,1.0,0.0,11.0,90.9090909090909,0.0,Known
ลานสาง,ลานสาง,5,ลานสาง,11.0,10.0,1.0,0.0,11.0,90.9090909090909,0.0,Known
ลานสาง,ลานสาง,6,ลานสาง,11.0,7.0,4.0,0.0,11.0,63.63636363636363,0.0,Known
ลานสาง,ลานสาง,7,ลานสาง,11.0,7.0,4.0,0.0,11.0,63.63636363636363,0.0,Known
ลานสาง,ลานสาง,8,ลานสาง,11.0,7.0,4.0,0.0,11.0,63.63636363636363,0.0,Known
ลานสาง,ลานสาง,9,ลานสาง,11.0,7.0,4.0,0.0,11.0,63.63636363636363,0.0,Known
ลานสาง,ลานสาง,10,ลานสาง,11.0,7.0,4.0,0.0,11.0,63.63636363636363,0.0,Known
ลานสาง,ลานสาง,11,ลานสาง,11.0,10.0,1.0,0.0,11.0,90.9090909090909,0.0,Known
ลานสาง,ลานสาง,12,ลานสาง,11.0,11.0,0.0,0.0,11.0,100.0,0.0,Known
ลำคลองงู,ลำคลองงู,1,ลำคลองงู,6.0,3.0,3.0,0.0,6.0,50.0,0.0,Known
ลำคลองงู,ลำคลองงู,2,ลำคลองงู,6.0,3.0,3.0,0.0,6.0,50.0,0.0,Known
ลำคลองงู,ลำคลองงู,3,ลำคลองงู,6.0,6.0,0.0,0.0,6.0,100.0,0.0,Known
ลำคลองงู,ลำคลองงู,4,ลำคลองงู,6.0,6.0,0.0,0.0,6.0,100.0,0.0,Known
ลำคลองงู,ลำคลองงู,5,ลำคลองงู,6.0,2.0,4.0,0.0,6.0,33.33333333333333,0.0,Known
ลำคลองงู,ลำคลองงู,6,ลำคลองงู,6.0,2.0,4.0,0.0,6.0,33.33333333333333,0.0,Known
ลำคลองงู,ลำคลองงู,7,ลำคลองงู,6.0,0.0,6.0,0.0,6.0,0.0,0.0,Known
ลำคลองงู,ลำคลองงู,8,ลำคลองงู,6.0,0.0,6.0,0.0,6.0,0.0,0.0,Known
ลำคลองงู,ลำคลองงู,9,ลำคลองงู,6.0,0.0,6.0,0.0,6.0,0.0,0.0,Known
ลำคลองงู,ลำคลองงู,10,ลำคลองงู,6.0,0.0,6.0,0.0,6.0,0.0,0.0,Known
ลำคลองงู,ลำคลองงู,11,ลำคลองงู,6.0,3.0,3.0,0.0,6.0,50.0,0.0,Known
ลำคลองงู,ลำคลองงู,12,ลำคลองงู,6.0,3.0,3.0,0.0,6.0,50.0,0.0,Known
ลำน้ำกก,ลำน้ำกก,1,ลำน้ำกก,5.0,5.0,0.0,0.0,5.0,100.0,0.0,Known
ลำน้ำกก,ลำน้ำกก,2,ลำน้ำกก,5.0,5.0,0.0,0.0,5.0,100.0,0.0,Known
ลำน้ำกก,ลำน้ำกก,3,ลำน้ำกก,5.0,5.0,0.0,0.0,5.0,100.0,0.0,Known
ลำน้ำกก,ลำน้ำกก,4,ลำน้ำกก,5.0,5.0,0.0,0.0,5.0,100.0,0.0,Known
ลำน้ำกก,ลำน้ำกก,5,ลำน้ำกก,5.0,5.0,0.0,0.0,5.0,100.0,0.0,Known
ลำน้ำกก,ลำน้ำกก,6,ลำน้ำกก,5.0,5.0,0.0,0.0,5.0,100.0,0.0,Known
ลำน้ำกก,ลำน้ำกก,7,ลำน้ำกก,5.0,0.0,5.0,0.0,5.0,0.0,0.0,Known
ลำน้ำกก,ลำน้ำกก,8,ลำน้ำกก,5.0,0.0,5.0,0.0,5.0,0.0,0.0,Known
ลำน้ำกก,ลำน้ำกก,9,ลำน้ำกก,5.0,0.0,5.0,0.0,5.0,0.0,0.0,Known
ลำน้ำกก,ลำน้ำกก,10,ลำน้ำกก,5.0,5.0,0.0,0.0,5.0,100.0,0.0,Known
ลำน้ำกก,ลำน้ำกก,11,ลำน้ำกก,5.0,5.0,0.0,0.0,5.0,100.0,0.0,Known
ลำน้ำกก,ลำน้ำกก,12,ลำน้ำกก,5.0,5.0,0.0,0.0,5.0,100.0,0.0,Known
ลำน้ำกระบุรี,ลำน้ำกระบุรี,1,ลำน้ำกระบุรี,8.0,7.0,0.0,1.0,7.0,100.0,12.5,Known
ลำน้ำกระบุรี,ลำน้ำกระบุรี,2,ลำน้ำกระบุรี,8.0,7.0,0.0,1.0,7.0,100.0,12.5,Known
ลำน้ำกระบุรี,ลำน้ำกระบุรี,3,ลำน้ำกระบุรี,8.0,7.0,0.0,1.0,7.0,100.0,12.5,Known
ลำน้ำกระบุรี,ลำน้ำกระบุรี,4,ลำน้ำกระบุรี,8.0,7.0,0.0,1.0,7.0,100.0,12.5,Known
ลำน้ำกระบุรี,ลำน้ำกระบุรี,5,ลำน้ำกระบุรี,8.0,6.0,1.0,1.0,7.0,85.71428571428571,12.5,Known
ลำน้ำกระบุรี,ลำน้ำกระบุรี,6,ลำน้ำกระบุรี,8.0,6.0,1.0,1.0,7.0,85.71428571428571,12.5,Known
ลำน้ำกระบุรี,ลำน้ำกระบุรี,7,ลำน้ำกระบุรี,8.0,6.0,1.0,1.0,7.0,85.71428571428571,12.5,Known
ลำน้ำกระบุรี,ลำน้ำกระบุรี,8,ลำน้ำกระบุรี,8.0,6.0,1.0,1.0,7.0,85.71428571428571,12.5,Known
ลำน้ำกระบุรี,ลำน้ำกระบุรี,9,ลำน้ำกระบุรี,8.0,6.0,1.0,1.0,7.0,85.71428571428571,12.5,Known
ลำน้ำกระบุรี,ลำน้ำกระบุรี,10,ลำน้ำกระบุรี,8.0,6.0,1.0,1.0,7.0,85.71428571428571,12.5,Known
ลำน้ำกระบุรี,ลำน้ำกระบุรี,11,ลำน้ำกระบุรี,8.0,7.0,0.0,1.0,7.0,100.0,12.5,Known
ลำน้ำกระบุรี,ลำน้ำกระบุรี,12,ลำน้ำกระบุรี,8.0,7.0,0.0,1.0,7.0,100.0,12.5,Known
ลำน้ำน่าน,ลำน้ำน่าน,1,ลำน้ำน่าน,6.0,6.0,0.0,0.0,6.0,100.0,0.0,Known
ลำน้ำน่าน,ลำน้ำน่าน,2,ลำน้ำน่าน,6.0,6.0,0.0,0.0,6.0,100.0,0.0,Known
ลำน้ำน่าน,ลำน้ำน่าน,3,ลำน้ำน่าน,6.0,6.0,0.0,0.0,6.0,100.0,0.0,Known
ลำน้ำน่าน,ลำน้ำน่าน,4,ลำน้ำน่าน,6.0,6.0,0.0,0.0,6.0,100.0,0.0,Known
ลำน้ำน่าน,ลำน้ำน่าน,5,ลำน้ำน่าน,6.0,6.0,0.0,0.0,6.0,100.0,0.0,Known
ลำน้ำน่าน,ลำน้ำน่าน,6,ลำน้ำน่าน,6.0,6.0,0.0,0.0,6.0,100.0,0.0,Known
ลำน้ำน่าน,ลำน้ำน่าน,7,ลำน้ำน่าน,6.0,6.0,0.0,0.0,6.0,100.0,0.0,Known
ลำน้ำน่าน,ลำน้ำน่าน,8,ลำน้ำน่าน,6.0,6.0,0.0,0.0,6.0,100.0,0.0,Known
ลำน้ำน่าน,ลำน้ำน่าน,9,ลำน้ำน่าน,6.0,6.0,0.0,0.0,6.0,100.0,0.0,Known
ลำน้ำน่าน,ลำน้ำน่าน,10,ลำน้ำน่าน,6.0,6.0,0.0,0.0,6.0,100.0,0.0,Known
ลำน้ำน่าน,ลำน้ำน่าน,11,ลำน้ำน่าน,6.0,6.0,0.0,0.0,6.0,100.0,0.0,Known
ลำน้ำน่าน,ลำน้ำน่าน,12,ลำน้ำน่าน,6.0,6.0,0.0,0.0,6.0,100.0,0.0,Known
ศรีน่าน,ศรีน่าน,1,ศรีน่าน,8.0,8.0,0.0,0.0,8.0,100.0,0.0,Known
ศรีน่าน,ศรีน่าน,2,ศรีน่าน,8.0,8.0,0.0,0.0,8.0,100.0,0.0,Known
ศรีน่าน,ศรีน่าน,3,ศรีน่าน,8.0,0.0,8.0,0.0,8.0,0.0,0.0,Known
ศรีน่าน,ศรีน่าน,4,ศรีน่าน,8.0,0.0,8.0,0.0,8.0,0.0,0.0,Known
ศรีน่าน,ศรีน่าน,5,ศรีน่าน,8.0,0.0,8.0,0.0,8.0,0.0,0.0,Known
ศรีน่าน,ศรีน่าน,6,ศรีน่าน,8.0,8.0,0.0,0.0,8.0,100.0,0.0,Known
ศรีน่าน,ศรีน่าน,7,ศรีน่าน,8.0,8.0,0.0,0.0,8.0,100.0,0.0,Known
ศรีน่าน,ศรีน่าน,8,ศรีน่าน,8.0,8.0,0.0,0.0,8.0,100.0,0.0,Known
ศรีน่าน,ศรีน่าน,9,ศรีน่าน,8.0,8.0,0.0,0.0,8.0,100.0,0.0,Known
ศรีน่าน,ศรีน่าน,10,ศรีน่าน,8.0,8.0,0.0,0.0,8.0,100.0,0.0,Known
ศรีน่าน,ศรีน่าน,11,ศรีน่าน,8.0,8.0,0.0,0.0,8.0,100.0,0.0,Known
ศรีน่าน,ศรีน่าน,12,ศรีน่าน,8.0,8.0,0.0,0.0,8.0,100.0,0.0,Known
ศรีพังงา,ศรีพังงา,1,ศรีพังงา,4.0,4.0,0.0,0.0,4.0,100.0,0.0,Known
ศรีพังงา,ศรีพังงา,2,ศรีพังงา,4.0,4.0,0.0,0.0,4.0,100.0,0.0,Known
ศรีพังงา,ศรีพังงา,3,ศรีพังงา,4.0,4.0,0.0,0.0,4.0,100.0,0.0,Known
ศรีพังงา,ศรีพังงา,4,ศรีพังงา,4.0,4.0,0.0,0.0,4.0,100.0,0.0,Known
ศรีพังงา,ศรีพังงา,5,ศรีพังงา,4.0,4.0,0.0,0.0,4.0,100.0,0.0,Known
ศรีพังงา,ศรีพังงา,6,ศรีพังงา,4.0,4.0,0.0,0.0,4.0,100.0,0.0,Known
ศรีพังงา,ศรีพังงา,7,ศรีพังงา,4.0,4.0,0.0,0.0,4.0,100.0,0.0,Known
ศรีพังงา,ศรีพังงา,8,ศรีพังงา,4.0,4.0,0.0,0.0,4.0,100.0,0.0,Known
ศรีพังงา,ศรีพังงา,9,ศรีพังงา,4.0,4.0,0.0,0.0,4.0,100.0,0.0,Known
ศรีพังงา,ศรีพังงา,10,ศรีพังงา,4.0,4.0,0.0,0.0,4.0,100.0,0.0,Known
ศรีพังงา,ศรีพังงา,11,ศรีพังงา,4.0,4.0,0.0,0.0,4.0,100.0,0.0,Known
ศรีพังงา,ศรีพังงา,12,ศรีพังงา,4.0,4.0,0.0,0.0,4.0,100.0,0.0,Known
ศรีลานนา,ศรีลานนา,1,ศรีลานนา,7.0,7.0,0.0,0.0,7.0,100.0,0.0,Known
ศรีลานนา,ศรีลานนา,2,ศรีลานนา,7.0,7.0,0.0,0.0,7.0,100.0,0.0,Known
ศรีลานนา,ศรีลานนา,3,ศรีลานนา,7.0,7.0,0.0,0.0,7.0,100.0,0.0,Known
ศรีลานนา,ศรีลานนา,4,ศรีลานนา,7.0,4.0,3.0,0.0,7.0,57.14285714285714,0.0,Known
ศรีลานนา,ศรีลานนา,5,ศรีลานนา,7.0,4.0,3.0,0.0,7.0,57.14285714285714,0.0,Known
ศรีลานนา,ศรีลานนา,6,ศรีลานนา,7.0,4.0,3.0,0.0,7.0,57.14285714285714,0.0,Known
ศรีลานนา,ศรีลานนา,7,ศรีลานนา,7.0,2.0,5.0,0.0,7.0,28.57142857142857,0.0,Known
ศรีลานนา,ศรีลานนา,8,ศรีลานนา,7.0,2.0,5.0,0.0,7.0,28.57142857142857,0.0,Known
ศรีลานนา,ศรีลานนา,9,ศรีลานนา,7.0,2.0,5.0,0.0,7.0,28.57142857142857,0.0,Known
ศรีลานนา,ศรีลานนา,10,ศรีลานนา,7.0,7.0,0.0,0.0,7.0,100.0,0.0,Known
ศรีลานนา,ศรีลานนา,11,ศรีลานนา,7.0,7.0,0.0,0.0,7.0,100.0,0.0,Known
ศรีลานนา,ศรีลานนา,12,ศรีลานนา,7.0,7.0,0.0,0.0,7.0,100.0,0.0,Known
ศรีสัชนาลัย,ศรีสัชนาลัย,1,ศรีสัชนาลัย,10.0,10.0,0.0,0.0,10.0,100.0,0.0,Known
ศรีสัชนาลัย,ศรีสัชนาลัย,2,ศรีสัชนาลัย,10.0,10.0,0.0,0.0,10.0,100.0,0.0,Known
ศรีสัชนาลัย,ศรีสัชนาลัย,3,ศรีสัชนาลัย,10.0,10.0,0.0,0.0,10.0,100.0,0.0,Known
ศรีสัชนาลัย,ศรีสัชนาลัย,4,ศรีสัชนาลัย,10.0,10.0,0.0,0.0,10.0,100.0,0.0,Known
ศรีสัชนาลัย,ศรีสัชนาลัย,5,ศรีสัชนาลัย,10.0,10.0,0.0,0.0,10.0,100.0,0.0,Known
ศรีสัชนาลัย,ศรีสัชนาลัย,6,ศรีสัชนาลัย,10.0,10.0,0.0,0.0,10.0,100.0,0.0,Known
ศรีสัชนาลัย,ศรีสัชนาลัย,7,ศรีสัชนาลัย,10.0,10.0,0.0,0.0,10.0,100.0,0.0,Known
ศรีสัชนาลัย,ศรีสัชนาลัย,8,ศรีสัชนาลัย,10.0,2.0,8.0,0.0,10.0,20.0,0.0,Known
ศรีสัชนาลัย,ศรีสัชนาลัย,9,ศรีสัชนาลัย,10.0,2.0,8.0,0.0,10.0,20.0,0.0,Known
ศรีสัชนาลัย,ศรีสัชนาลัย,10,ศรีสัชนาลัย,10.0,10.0,0.0,0.0,10.0,100.0,0.0,Known
ศรีสัชนาลัย,ศรีสัชนาลัย,11,ศรีสัชนาลัย,10.0,10.0,0.0,0.0,10.0,100.0,0.0,Known
ศรีสัชนาลัย,ศรีสัชนาลัย,12,ศรีสัชนาลัย,10.0,10.0,0.0,0.0,10.0,100.0,0.0,Known
สันกาลาคีรี,สันกาลาคีรี,1,สันกาลาคีรี,1.0,1.0,0.0,0.0,1.0,100.0,0.0,Known
สันกาลาคีรี,สันกาลาคีรี,2,สันกาลาคีรี,1.0,1.0,0.0,0.0,1.0,100.0,0.0,Known
สันกาลาคีรี,สันกาลาคีรี,3,สันกาลาคีรี,1.0,1.0,0.0,0.0,1.0,100.0,0.0,Known
สันกาลาคีรี,สันกาลาคีรี,4,สันกาลาคีรี,1.0,1.0,0.0,0.0,1.0,100.0,0.0,Known
สันกาลาคีรี,สันกาลาคีรี,5,สันกาลาคีรี,1.0,1.0,0.0,0.0,1.0,100.0,0.0,Known
สันกาลาคีรี,สันกาลาคีรี,6,สันกาลาคีรี,1.0,1.0,0.0,0.0,1.0,100.0,0.0,Known
สันกาลาคีรี,สันกาลาคีรี,7,สันกาลาคีรี,1.0,1.0,0.0,0.0,1.0,100.0,0.0,Known
สันกาลาคีรี,สันกาลาคีรี,8,สันกาลาคีรี,1.0,1.0,0.0,0.0,1.0,100.0,0.0,Known
สันกาลาคีรี,สันกาลาคีรี,9,สันกาลาคีรี,1.0,1.0,0.0,0.0,1.0,100.0,0.0,Known
สันกาลาคีรี,สันกาลาคีรี,10,สันกาลาคีรี,1.0,0.0,1.0,0.0,1.0,0.0,0.0,Known
สันกาลาคีรี,สันกาลาคีรี,11,สันกาลาคีรี,1.0,0.0,1.0,0.0,1.0,0.0,0.0,Known
สันกาลาคีรี,สันกาลาคีรี,12,สันกาลาคีรี,1.0,0.0,1.0,0.0,1.0,0.0,0.0,Known
สาละวิน,สาละวิน,1,สาละวิน,9.0,9.0,0.0,0.0,9.0,100.0,0.0,Known
สาละวิน,สาละวิน,2,สาละวิน,9.0,9.0,0.0,0.0,9.0,100.0,0.0,Known
สาละวิน,สาละวิน,3,สาละวิน,9.0,9.0,0.0,0.0,9.0,100.0,0.0,Known
สาละวิน,สาละวิน,4,สาละวิน,9.0,9.0,0.0,0.0,9.0,100.0,0.0,Known
สาละวิน,สาละวิน,5,สาละวิน,9.0,9.0,0.0,0.0,9.0,100.0,0.0,Known
สาละวิน,สาละวิน,6,สาละวิน,9.0,0.0,9.0,0.0,9.0,0.0,0.0,Known
สาละวิน,สาละวิน,7,สาละวิน,9.0,0.0,9.0,0.0,9.0,0.0,0.0,Known
สาละวิน,สาละวิน,8,สาละวิน,9.0,0.0,9.0,0.0,9.0,0.0,0.0,Known
สาละวิน,สาละวิน,9,สาละวิน,9.0,0.0,9.0,0.0,9.0,0.0,0.0,Known
สาละวิน,สาละวิน,10,สาละวิน,9.0,9.0,0.0,0.0,9.0,100.0,0.0,Known
สาละวิน,สาละวิน,11,สาละวิน,9.0,9.0,0.0,0.0,9.0,100.0,0.0,Known
สาละวิน,สาละวิน,12,สาละวิน,9.0,9.0,0.0,0.0,9.0,100.0,0.0,Known
สิรินาถ,สิรินาถ,1,สิรินาถ,9.0,9.0,0.0,0.0,9.0,100.0,0.0,Known
สิรินาถ,สิรินาถ,2,สิรินาถ,9.0,9.0,0.0,0.0,9.0,100.0,0.0,Known
สิรินาถ,สิรินาถ,3,สิรินาถ,9.0,9.0,0.0,0.0,9.0,100.0,0.0,Known
สิรินาถ,สิรินาถ,4,สิรินาถ,9.0,9.0,0.0,0.0,9.0,100.0,0.0,Known
สิรินาถ,สิรินาถ,5,สิรินาถ,9.0,9.0,0.0,0.0,9.0,100.0,0.0,Known
สิรินาถ,สิรินาถ,6,สิรินาถ,9.0,9.0,0.0,0.0,9.0,100.0,0.0,Known
สิรินาถ,สิรินาถ,7,สิรินาถ,9.0,9.0,0.0,0.0,9.0,100.0,0.0,Known
สิรินาถ,สิรินาถ,8,สิรินาถ,9.0,9.0,0.0,0.0,9.0,100.0,0.0,Known
สิรินาถ,สิรินาถ,9,สิรินาถ,9.0,9.0,0.0,0.0,9.0,100.0,0.0,Known
สิรินาถ,สิรินาถ,10,สิรินาถ,9.0,9.0,0.0,0.0,9.0,100.0,0.0,Known
สิรินาถ,สิรินาถ,11,สิรินาถ,9.0,9.0,0.0,0.0,9.0,100.0,0.0,Known
สิรินาถ,สิรินาถ,12,สิรินาถ,9.0,9.0,0.0,0.0,9.0,100.0,0.0,Known
หมู่เกาะชุมพร,หมู่เกาะชุมพร,1,หมู่เกาะชุมพร,20.0,19.0,0.0,1.0,19.0,100.0,5.0,Known
หมู่เกาะชุมพร,หมู่เกาะชุมพร,2,หมู่เกาะชุมพร,20.0,19.0,0.0,1.0,19.0,100.0,5.0,Known
หมู่เกาะชุมพร,หมู่เกาะชุมพร,3,หมู่เกาะชุมพร,20.0,19.0,0.0,1.0,19.0,100.0,5.0,Known
หมู่เกาะชุมพร,หมู่เกาะชุมพร,4,หมู่เกาะชุมพร,20.0,19.0,0.0,1.0,19.0,100.0,5.0,Known
หมู่เกาะชุมพร,หมู่เกาะชุมพร,5,หมู่เกาะชุมพร,20.0,19.0,0.0,1.0,19.0,100.0,5.0,Known
หมู่เกาะชุมพร,หมู่เกาะชุมพร,6,หมู่เกาะชุมพร,20.0,19.0,0.0,1.0,19.0,100.0,5.0,Known
หมู่เกาะชุมพร,หมู่เกาะชุมพร,7,หมู่เกาะชุมพร,20.0,19.0,0.0,1.0,19.0,100.0,5.0,Known
หมู่เกาะชุมพร,หมู่เกาะชุมพร,8,หมู่เกาะชุมพร,20.0,19.0,0.0,1.0,19.0,100.0,5.0,Known
หมู่เกาะชุมพร,หมู่เกาะชุมพร,9,หมู่เกาะชุมพร,20.0,19.0,0.0,1.0,19.0,100.0,5.0,Known
หมู่เกาะชุมพร,หมู่เกาะชุมพร,10,หมู่เกาะชุมพร,20.0,19.0,0.0,1.0,19.0,100.0,5.0,Known
หมู่เกาะชุมพร,หมู่เกาะชุมพร,11,หมู่เกาะชุมพร,20.0,4.0,15.0,1.0,19.0,21.052631578947366,5.0,Known
หมู่เกาะชุมพร,หมู่เกาะชุมพร,12,หมู่เกาะชุมพร,20.0,4.0,15.0,1.0,19.0,21.052631578947366,5.0,Known
หมู่เกาะช้าง,หมู่เกาะช้าง,1,หมู่เกาะช้าง,10.0,7.0,0.0,3.0,7.0,100.0,30.0,Known
หมู่เกาะช้าง,หมู่เกาะช้าง,2,หมู่เกาะช้าง,10.0,7.0,0.0,3.0,7.0,100.0,30.0,Known
หมู่เกาะช้าง,หมู่เกาะช้าง,3,หมู่เกาะช้าง,10.0,7.0,0.0,3.0,7.0,100.0,30.0,Known
หมู่เกาะช้าง,หมู่เกาะช้าง,4,หมู่เกาะช้าง,10.0,7.0,0.0,3.0,7.0,100.0,30.0,Known
หมู่เกาะช้าง,หมู่เกาะช้าง,5,หมู่เกาะช้าง,10.0,7.0,0.0,3.0,7.0,100.0,30.0,Known
หมู่เกาะช้าง,หมู่เกาะช้าง,6,หมู่เกาะช้าง,10.0,6.0,1.0,3.0,7.0,85.71428571428571,30.0,Known
หมู่เกาะช้าง,หมู่เกาะช้าง,7,หมู่เกาะช้าง,10.0,6.0,1.0,3.0,7.0,85.71428571428571,30.0,Known
หมู่เกาะช้าง,หมู่เกาะช้าง,8,หมู่เกาะช้าง,10.0,6.0,1.0,3.0,7.0,85.71428571428571,30.0,Known
หมู่เกาะช้าง,หมู่เกาะช้าง,9,หมู่เกาะช้าง,10.0,6.0,1.0,3.0,7.0,85.71428571428571,30.0,Known
หมู่เกาะช้าง,หมู่เกาะช้าง,10,หมู่เกาะช้าง,10.0,6.0,1.0,3.0,7.0,85.71428571428571,30.0,Known
หมู่เกาะช้าง,หมู่เกาะช้าง,11,หมู่เกาะช้าง,10.0,7.0,0.0,3.0,7.0,100.0,30.0,Known
หมู่เกาะช้าง,หมู่เกาะช้าง,12,หมู่เกาะช้าง,10.0,7.0,0.0,3.0,7.0,100.0,30.0,Known
หมู่เกาะระนอง,หมู่เกาะระนอง,1,หมู่เกาะระนอง,6.0,6.0,0.0,0.0,6.0,100.0,0.0,Known
หมู่เกาะระนอง,หมู่เกาะระนอง,2,หมู่เกาะระนอง,6.0,6.0,0.0,0.0,6.0,100.0,0.0,Known
หมู่เกาะระนอง,หมู่เกาะระนอง,3,หมู่เกาะระนอง,6.0,6.0,0.0,0.0,6.0,100.0,0.0,Known
หมู่เกาะระนอง,หมู่เกาะระนอง,4,หมู่เกาะระนอง,6.0,6.0,0.0,0.0,6.0,100.0,0.0,Known
หมู่เกาะระนอง,หมู่เกาะระนอง,5,หมู่เกาะระนอง,6.0,3.0,3.0,0.0,6.0,50.0,0.0,Known
หมู่เกาะระนอง,หมู่เกาะระนอง,6,หมู่เกาะระนอง,6.0,3.0,3.0,0.0,6.0,50.0,0.0,Known
หมู่เกาะระนอง,หมู่เกาะระนอง,7,หมู่เกาะระนอง,6.0,3.0,3.0,0.0,6.0,50.0,0.0,Known
หมู่เกาะระนอง,หมู่เกาะระนอง,8,หมู่เกาะระนอง,6.0,3.0,3.0,0.0,6.0,50.0,0.0,Known
หมู่เกาะระนอง,หมู่เกาะระนอง,9,หมู่เกาะระนอง,6.0,3.0,3.0,0.0,6.0,50.0,0.0,Known
หมู่เกาะระนอง,หมู่เกาะระนอง,10,หมู่เกาะระนอง,6.0,3.0,3.0,0.0,6.0,50.0,0.0,Known
หมู่เกาะระนอง,หมู่เกาะระนอง,11,หมู่เกาะระนอง,6.0,6.0,0.0,0.0,6.0,100.0,0.0,Known
หมู่เกาะระนอง,หมู่เกาะระนอง,12,หมู่เกาะระนอง,6.0,6.0,0.0,0.0,6.0,100.0,0.0,Known
หมู่เกาะลันตา,หมู่เกาะลันตา,1,หมู่เกาะลันตา,11.0,11.0,0.0,0.0,11.0,100.0,0.0,Known
หมู่เกาะลันตา,หมู่เกาะลันตา,2,หมู่เกาะลันตา,11.0,11.0,0.0,0.0,11.0,100.0,0.0,Known
หมู่เกาะลันตา,หมู่เกาะลันตา,3,หมู่เกาะลันตา,11.0,11.0,0.0,0.0,11.0,100.0,0.0,Known
หมู่เกาะลันตา,หมู่เกาะลันตา,4,หมู่เกาะลันตา,11.0,11.0,0.0,0.0,11.0,100.0,0.0,Known
หมู่เกาะลันตา,หมู่เกาะลันตา,5,หมู่เกาะลันตา,11.0,11.0,0.0,0.0,11.0,100.0,0.0,Known
หมู่เกาะลันตา,หมู่เกาะลันตา,6,หมู่เกาะลันตา,11.0,8.0,3.0,0.0,11.0,72.72727272727273,0.0,Known
หมู่เกาะลันตา,หมู่เกาะลันตา,7,หมู่เกาะลันตา,11.0,8.0,3.0,0.0,11.0,72.72727272727273,0.0,Known
หมู่เกาะลันตา,หมู่เกาะลันตา,8,หมู่เกาะลันตา,11.0,6.0,5.0,0.0,11.0,54.54545454545454,0.0,Known
หมู่เกาะลันตา,หมู่เกาะลันตา,9,หมู่เกาะลันตา,11.0,6.0,5.0,0.0,11.0,54.54545454545454,0.0,Known
หมู่เกาะลันตา,หมู่เกาะลันตา,10,หมู่เกาะลันตา,11.0,11.0,0.0,0.0,11.0,100.0,0.0,Known
หมู่เกาะลันตา,หมู่เกาะลันตา,11,หมู่เกาะลันตา,11.0,11.0,0.0,0.0,11.0,100.0,0.0,Known
หมู่เกาะลันตา,หมู่เกาะลันตา,12,หมู่เกาะลันตา,11.0,11.0,0.0,0.0,11.0,100.0,0.0,Known
หมู่เกาะสิมิลัน,หมู่เกาะสิมิลัน,1,หมู่เกาะสิมิลัน,10.0,4.0,0.0,6.0,4.0,100.0,60.0,Known
หมู่เกาะสิมิลัน,หมู่เกาะสิมิลัน,2,หมู่เกาะสิมิลัน,10.0,4.0,0.0,6.0,4.0,100.0,60.0,Known
หมู่เกาะสิมิลัน,หมู่เกาะสิมิลัน,3,หมู่เกาะสิมิลัน,10.0,4.0,0.0,6.0,4.0,100.0,60.0,Known
หมู่เกาะสิมิลัน,หมู่เกาะสิมิลัน,4,หมู่เกาะสิมิลัน,10.0,4.0,0.0,6.0,4.0,100.0,60.0,Known
หมู่เกาะสิมิลัน,หมู่เกาะสิมิลัน,5,หมู่เกาะสิมิลัน,10.0,0.0,4.0,6.0,4.0,0.0,60.0,Known
หมู่เกาะสิมิลัน,หมู่เกาะสิมิลัน,6,หมู่เกาะสิมิลัน,10.0,0.0,4.0,6.0,4.0,0.0,60.0,Known
หมู่เกาะสิมิลัน,หมู่เกาะสิมิลัน,7,หมู่เกาะสิมิลัน,10.0,0.0,4.0,6.0,4.0,0.0,60.0,Known
หมู่เกาะสิมิลัน,หมู่เกาะสิมิลัน,8,หมู่เกาะสิมิลัน,10.0,0.0,4.0,6.0,4.0,0.0,60.0,Known
หมู่เกาะสิมิลัน,หมู่เกาะสิมิลัน,9,หมู่เกาะสิมิลัน,10.0,0.0,4.0,6.0,4.0,0.0,60.0,Known
หมู่เกาะสิมิลัน,หมู่เกาะสิมิลัน,10,หมู่เกาะสิมิลัน,10.0,0.0,4.0,6.0,4.0,0.0,60.0,Known
หมู่เกาะสิมิลัน,หมู่เกาะสิมิลัน,11,หมู่เกาะสิมิลัน,10.0,4.0,0.0,6.0,4.0,100.0,60.0,Known
หมู่เกาะสิมิลัน,หมู่เกาะสิมิลัน,12,หมู่เกาะสิมิลัน,10.0,4.0,0.0,6.0,4.0,100.0,60.0,Known
หมู่เกาะสุรินทร์,หมู่เกาะสุรินทร์,1,หมู่เกาะสุรินทร์,19.0,19.0,0.0,0.0,19.0,100.0,0.0,Known
หมู่เกาะสุรินทร์,หมู่เกาะสุรินทร์,2,หมู่เกาะสุรินทร์,19.0,19.0,0.0,0.0,19.0,100.0,0.0,Known
หมู่เกาะสุรินทร์,หมู่เกาะสุรินทร์,3,หมู่เกาะสุรินทร์,19.0,19.0,0.0,0.0,19.0,100.0,0.0,Known
หมู่เกาะสุรินทร์,หมู่เกาะสุรินทร์,4,หมู่เกาะสุรินทร์,19.0,19.0,0.0,0.0,19.0,100.0,0.0,Known
หมู่เกาะสุรินทร์,หมู่เกาะสุรินทร์,5,หมู่เกาะสุรินทร์,19.0,0.0,19.0,0.0,19.0,0.0,0.0,Known
หมู่เกาะสุรินทร์,หมู่เกาะสุรินทร์,6,หมู่เกาะสุรินทร์,19.0,0.0,19.0,0.0,19.0,0.0,0.0,Known
หมู่เกาะสุรินทร์,หมู่เกาะสุรินทร์,7,หมู่เกาะสุรินทร์,19.0,0.0,19.0,0.0,19.0,0.0,0.0,Known
หมู่เกาะสุรินทร์,หมู่เกาะสุรินทร์,8,หมู่เกาะสุรินทร์,19.0,0.0,19.0,0.0,19.0,0.0,0.0,Known
หมู่เกาะสุรินทร์,หมู่เกาะสุรินทร์,9,หมู่เกาะสุรินทร์,19.0,0.0,19.0,0.0,19.0,0.0,0.0,Known
หมู่เกาะสุรินทร์,หมู่เกาะสุรินทร์,10,หมู่เกาะสุรินทร์,19.0,0.0,19.0,0.0,19.0,0.0,0.0,Known
หมู่เกาะสุรินทร์,หมู่เกาะสุรินทร์,11,หมู่เกาะสุรินทร์,19.0,19.0,0.0,0.0,19.0,100.0,0.0,Known
หมู่เกาะสุรินทร์,หมู่เกาะสุรินทร์,12,หมู่เกาะสุรินทร์,19.0,19.0,0.0,0.0,19.0,100.0,0.0,Known
หมู่เกาะอ่างทอง,หมู่เกาะอ่างทอง,1,หมู่เกาะอ่างทอง,8.0,8.0,0.0,0.0,8.0,100.0,0.0,Known
หมู่เกาะอ่างทอง,หมู่เกาะอ่างทอง,2,หมู่เกาะอ่างทอง,8.0,8.0,0.0,0.0,8.0,100.0,0.0,Known
หมู่เกาะอ่างทอง,หมู่เกาะอ่างทอง,3,หมู่เกาะอ่างทอง,8.0,8.0,0.0,0.0,8.0,100.0,0.0,Known
หมู่เกาะอ่างทอง,หมู่เกาะอ่างทอง,4,หมู่เกาะอ่างทอง,8.0,8.0,0.0,0.0,8.0,100.0,0.0,Known
หมู่เกาะอ่างทอง,หมู่เกาะอ่างทอง,5,หมู่เกาะอ่างทอง,8.0,8.0,0.0,0.0,8.0,100.0,0.0,Known
หมู่เกาะอ่างทอง,หมู่เกาะอ่างทอง,6,หมู่เกาะอ่างทอง,8.0,8.0,0.0,0.0,8.0,100.0,0.0,Known
หมู่เกาะอ่างทอง,หมู่เกาะอ่างทอง,7,หมู่เกาะอ่างทอง,8.0,8.0,0.0,0.0,8.0,100.0,0.0,Known
หมู่เกาะอ่างทอง,หมู่เกาะอ่างทอง,8,หมู่เกาะอ่างทอง,8.0,8.0,0.0,0.0,8.0,100.0,0.0,Known
หมู่เกาะอ่างทอง,หมู่เกาะอ่างทอง,9,หมู่เกาะอ่างทอง,8.0,8.0,0.0,0.0,8.0,100.0,0.0,Known
หมู่เกาะอ่างทอง,หมู่เกาะอ่างทอง,10,หมู่เกาะอ่างทอง,8.0,8.0,0.0,0.0,8.0,100.0,0.0,Known
หมู่เกาะอ่างทอง,หมู่เกาะอ่างทอง,11,หมู่เกาะอ่างทอง,8.0,0.0,8.0,0.0,8.0,0.0,0.0,Known
หมู่เกาะอ่างทอง,หมู่เกาะอ่างทอง,12,หมู่เกาะอ่างทอง,8.0,0.0,8.0,0.0,8.0,0.0,0.0,Known
หมู่เกาะเภตรา,หมู่เกาะเภตรา,1,หมู่เกาะเภตรา,9.0,9.0,0.0,0.0,9.0,100.0,0.0,Known
หมู่เกาะเภตรา,หมู่เกาะเภตรา,2,หมู่เกาะเภตรา,9.0,9.0,0.0,0.0,9.0,100.0,0.0,Known
หมู่เกาะเภตรา,หมู่เกาะเภตรา,3,หมู่เกาะเภตรา,9.0,9.0,0.0,0.0,9.0,100.0,0.0,Known
หมู่เกาะเภตรา,หมู่เกาะเภตรา,4,หมู่เกาะเภตรา,9.0,9.0,0.0,0.0,9.0,100.0,0.0,Known
หมู่เกาะเภตรา,หมู่เกาะเภตรา,5,หมู่เกาะเภตรา,9.0,9.0,0.0,0.0,9.0,100.0,0.0,Known
หมู่เกาะเภตรา,หมู่เกาะเภตรา,6,หมู่เกาะเภตรา,9.0,7.0,2.0,0.0,9.0,77.77777777777779,0.0,Known
หมู่เกาะเภตรา,หมู่เกาะเภตรา,7,หมู่เกาะเภตรา,9.0,7.0,2.0,0.0,9.0,77.77777777777779,0.0,Known
หมู่เกาะเภตรา,หมู่เกาะเภตรา,8,หมู่เกาะเภตรา,9.0,7.0,2.0,0.0,9.0,77.77777777777779,0.0,Known
หมู่เกาะเภตรา,หมู่เกาะเภตรา,9,หมู่เกาะเภตรา,9.0,7.0,2.0,0.0,9.0,77.77777777777779,0.0,Known
หมู่เกาะเภตรา,หมู่เกาะเภตรา,10,หมู่เกาะเภตรา,9.0,9.0,0.0,0.0,9.0,100.0,0.0,Known
หมู่เกาะเภตรา,หมู่เกาะเภตรา,11,หมู่เกาะเภตรา,9.0,9.0,0.0,0.0,9.0,100.0,0.0,Known
หมู่เกาะเภตรา,หมู่เกาะเภตรา,12,หมู่เกาะเภตรา,9.0,9.0,0.0,0.0,9.0,100.0,0.0,Known
หาดขนอม-หมู่เกาะทะเลใต้,หาดขนอม-หมู่เกาะทะเลใต้,1,หาดขนอม-หมู่เกาะทะเลใต้,13.0,10.0,0.0,3.0,10.0,100.0,23.076923076923077,Known
หาดขนอม-หมู่เกาะทะเลใต้,หาดขนอม-หมู่เกาะทะเลใต้,2,หาดขนอม-หมู่เกาะทะเลใต้,13.0,10.0,0.0,3.0,10.0,100.0,23.076923076923077,Known
หาดขนอม-หมู่เกาะทะเลใต้,หาดขนอม-หมู่เกาะทะเลใต้,3,หาดขนอม-หมู่เกาะทะเลใต้,13.0,10.0,0.0,3.0,10.0,100.0,23.076923076923077,Known
หาดขนอม-หมู่เกาะทะเลใต้,หาดขนอม-หมู่เกาะทะเลใต้,4,หาดขนอม-หมู่เกาะทะเลใต้,13.0,10.0,0.0,3.0,10.0,100.0,23.076923076923077,Known
หาดขนอม-หมู่เกาะทะเลใต้,หาดขนอม-หมู่เกาะทะเลใต้,5,หาดขนอม-หมู่เกาะทะเลใต้,13.0,10.0,0.0,3.0,10.0,100.0,23.076923076923077,Known
หาดขนอม-หมู่เกาะทะเลใต้,หาดขนอม-หมู่เกาะทะเลใต้,6,หาดขนอม-หมู่เกาะทะเลใต้,13.0,10.0,0.0,3.0,10.0,100.0,23.076923076923077,Known
หาดขนอม-หมู่เกาะทะเลใต้,หาดขนอม-หมู่เกาะทะเลใต้,7,หาดขนอม-หมู่เกาะทะเลใต้,13.0,10.0,0.0,3.0,10.0,100.0,23.076923076923077,Known
หาดขนอม-หมู่เกาะทะเลใต้,หาดขนอม-หมู่เกาะทะเลใต้,8,หาดขนอม-หมู่เกาะทะเลใต้,13.0,10.0,0.0,3.0,10.0,100.0,23.076923076923077,Known
หาดขนอม-หมู่เกาะทะเลใต้,หาดขนอม-หมู่เกาะทะเลใต้,9,หาดขนอม-หมู่เกาะทะเลใต้,13.0,10.0,0.0,3.0,10.0,100.0,23.076923076923077,Known
หาดขนอม-หมู่เกาะทะเลใต้,หาดขนอม-หมู่เกาะทะเลใต้,10,หาดขนอม-หมู่เกาะทะเลใต้,13.0,9.0,1.0,3.0,10.0,90.0,23.076923076923077,Known
หาดขนอม-หมู่เกาะทะเลใต้,หาดขนอม-หมู่เกาะทะเลใต้,11,หาดขนอม-หมู่เกาะทะเลใต้,13.0,9.0,1.0,3.0,10.0,90.0,23.076923076923077,Known
หาดขนอม-หมู่เกาะทะเลใต้,หาดขนอม-หมู่เกาะทะเลใต้,12,หาดขนอม-หมู่เกาะทะเลใต้,13.0,9.0,1.0,3.0,10.0,90.0,23.076923076923077,Known
หาดนพรัตน์ธารา-หมู่เกาะพีพี,หาดนพรัตน์ธารา-หมู่เกาะพีพี,1,หาดนพรัตน์ธารา-หมู่เกาะพีพี,19.0,18.0,0.0,1.0,18.0,100.0,5.263157894736842,Known
หาดนพรัตน์ธารา-หมู่เกาะพีพี,หาดนพรัตน์ธารา-หมู่เกาะพีพี,2,หาดนพรัตน์ธารา-หมู่เกาะพีพี,19.0,18.0,0.0,1.0,18.0,100.0,5.263157894736842,Known
หาดนพรัตน์ธารา-หมู่เกาะพีพี,หาดนพรัตน์ธารา-หมู่เกาะพีพี,3,หาดนพรัตน์ธารา-หมู่เกาะพีพี,19.0,18.0,0.0,1.0,18.0,100.0,5.263157894736842,Known
หาดนพรัตน์ธารา-หมู่เกาะพีพี,หาดนพรัตน์ธารา-หมู่เกาะพีพี,4,หาดนพรัตน์ธารา-หมู่เกาะพีพี,19.0,18.0,0.0,1.0,18.0,100.0,5.263157894736842,Known
หาดนพรัตน์ธารา-หมู่เกาะพีพี,หาดนพรัตน์ธารา-หมู่เกาะพีพี,5,หาดนพรัตน์ธารา-หมู่เกาะพีพี,19.0,18.0,0.0,1.0,18.0,100.0,5.263157894736842,Known
หาดนพรัตน์ธารา-หมู่เกาะพีพี,หาดนพรัตน์ธารา-หมู่เกาะพีพี,6,หาดนพรัตน์ธารา-หมู่เกาะพีพี,19.0,18.0,0.0,1.0,18.0,100.0,5.263157894736842,Known
หาดนพรัตน์ธารา-หมู่เกาะพีพี,หาดนพรัตน์ธารา-หมู่เกาะพีพี,7,หาดนพรัตน์ธารา-หมู่เกาะพีพี,19.0,18.0,0.0,1.0,18.0,100.0,5.263157894736842,Known
หาดนพรัตน์ธารา-หมู่เกาะพีพี,หาดนพรัตน์ธารา-หมู่เกาะพีพี,8,หาดนพรัตน์ธารา-หมู่เกาะพีพี,19.0,15.0,3.0,1.0,18.0,83.33333333333334,5.263157894736842,Known
หาดนพรัตน์ธารา-หมู่เกาะพีพี,หาดนพรัตน์ธารา-หมู่เกาะพีพี,9,หาดนพรัตน์ธารา-หมู่เกาะพีพี,19.0,15.0,3.0,1.0,18.0,83.33333333333334,5.263157894736842,Known
หาดนพรัตน์ธารา-หมู่เกาะพีพี,หาดนพรัตน์ธารา-หมู่เกาะพีพี,10,หาดนพรัตน์ธารา-หมู่เกาะพีพี,19.0,18.0,0.0,1.0,18.0,100.0,5.263157894736842,Known
หาดนพรัตน์ธารา-หมู่เกาะพีพี,หาดนพรัตน์ธารา-หมู่เกาะพีพี,11,หาดนพรัตน์ธารา-หมู่เกาะพีพี,19.0,18.0,0.0,1.0,18.0,100.0,5.263157894736842,Known
หาดนพรัตน์ธารา-หมู่เกาะพีพี,หาดนพรัตน์ธารา-หมู่เกาะพีพี,12,หาดนพรัตน์ธารา-หมู่เกาะพีพี,19.0,18.0,0.0,1.0,18.0,100.0,5.263157894736842,Known
หาดวนกร,หาดวนกร,1,หาดวนกร,6.0,5.0,1.0,0.0,6.0,83.33333333333334,0.0,Known
หาดวนกร,หาดวนกร,2,หาดวนกร,6.0,6.0,0.0,0.0,6.0,100.0,0.0,Known
หาดวนกร,หาดวนกร,3,หาดวนกร,6.0,6.0,0.0,0.0,6.0,100.0,0.0,Known
หาดวนกร,หาดวนกร,4,หาดวนกร,6.0,6.0,0.0,0.0,6.0,100.0,0.0,Known
หาดวนกร,หาดวนกร,5,หาดวนกร,6.0,6.0,0.0,0.0,6.0,100.0,0.0,Known
หาดวนกร,หาดวนกร,6,หาดวนกร,6.0,6.0,0.0,0.0,6.0,100.0,0.0,Known
หาดวนกร,หาดวนกร,7,หาดวนกร,6.0,6.0,0.0,0.0,6.0,100.0,0.0,Known
หาดวนกร,หาดวนกร,8,หาดวนกร,6.0,6.0,0.0,0.0,6.0,100.0,0.0,Known
หาดวนกร,หาดวนกร,9,หาดวนกร,6.0,6.0,0.0,0.0,6.0,100.0,0.0,Known
หาดวนกร,หาดวนกร,10,หาดวนกร,6.0,6.0,0.0,0.0,6.0,100.0,0.0,Known
หาดวนกร,หาดวนกร,11,หาดวนกร,6.0,4.0,2.0,0.0,6.0,66.66666666666666,0.0,Known
หาดวนกร,หาดวนกร,12,หาดวนกร,6.0,5.0,1.0,0.0,6.0,83.33333333333334,0.0,Known
หาดเจ้าไหม,หาดเจ้าไหม,1,หาดเจ้าไหม,13.0,13.0,0.0,0.0,13.0,100.0,0.0,Known
หาดเจ้าไหม,หาดเจ้าไหม,2,หาดเจ้าไหม,13.0,13.0,0.0,0.0,13.0,100.0,0.0,Known
หาดเจ้าไหม,หาดเจ้าไหม,3,หาดเจ้าไหม,13.0,13.0,0.0,0.0,13.0,100.0,0.0,Known
หาดเจ้าไหม,หาดเจ้าไหม,4,หาดเจ้าไหม,13.0,13.0,0.0,0.0,13.0,100.0,0.0,Known
หาดเจ้าไหม,หาดเจ้าไหม,5,หาดเจ้าไหม,13.0,13.0,0.0,0.0,13.0,100.0,0.0,Known
หาดเจ้าไหม,หาดเจ้าไหม,6,หาดเจ้าไหม,13.0,11.0,2.0,0.0,13.0,84.61538461538461,0.0,Known
หาดเจ้าไหม,หาดเจ้าไหม,7,หาดเจ้าไหม,13.0,11.0,2.0,0.0,13.0,84.61538461538461,0.0,Known
หาดเจ้าไหม,หาดเจ้าไหม,8,หาดเจ้าไหม,13.0,9.0,4.0,0.0,13.0,69.23076923076923,0.0,Known
หาดเจ้าไหม,หาดเจ้าไหม,9,หาดเจ้าไหม,13.0,8.0,5.0,0.0,13.0,61.53846153846154,0.0,Known
หาดเจ้าไหม,หาดเจ้าไหม,10,หาดเจ้าไหม,13.0,13.0,0.0,0.0,13.0,100.0,0.0,Known
หาดเจ้าไหม,หาดเจ้าไหม,11,หาดเจ้าไหม,13.0,13.0,0.0,0.0,13.0,100.0,0.0,Known
หาดเจ้าไหม,หาดเจ้าไหม,12,หาดเจ้าไหม,13.0,13.0,0.0,0.0,13.0,100.0,0.0,Known
ห้วยน้ำดัง,ห้วยน้ำดัง,1,ห้วยน้ำดัง,8.0,8.0,0.0,0.0,8.0,100.0,0.0,Known
ห้วยน้ำดัง,ห้วยน้ำดัง,2,ห้วยน้ำดัง,8.0,8.0,0.0,0.0,8.0,100.0,0.0,Known
ห้วยน้ำดัง,ห้วยน้ำดัง,3,ห้วยน้ำดัง,8.0,8.0,0.0,0.0,8.0,100.0,0.0,Known
ห้วยน้ำดัง,ห้วยน้ำดัง,4,ห้วยน้ำดัง,8.0,8.0,0.0,0.0,8.0,100.0,0.0,Known
ห้วยน้ำดัง,ห้วยน้ำดัง,5,ห้วยน้ำดัง,8.0,3.0,5.0,0.0,8.0,37.5,0.0,Known
ห้วยน้ำดัง,ห้วยน้ำดัง,6,ห้วยน้ำดัง,8.0,3.0,5.0,0.0,8.0,37.5,0.0,Known
ห้วยน้ำดัง,ห้วยน้ำดัง,7,ห้วยน้ำดัง,8.0,3.0,5.0,0.0,8.0,37.5,0.0,Known
ห้วยน้ำดัง,ห้วยน้ำดัง,8,ห้วยน้ำดัง,8.0,3.0,5.0,0.0,8.0,37.5,0.0,Known
ห้วยน้ำดัง,ห้วยน้ำดัง,9,ห้วยน้ำดัง,8.0,3.0,5.0,0.0,8.0,37.5,0.0,Known
ห้วยน้ำดัง,ห้วยน้ำดัง,10,ห้วยน้ำดัง,8.0,8.0,0.0,0.0,8.0,100.0,0.0,Known
ห้วยน้ำดัง,ห้วยน้ำดัง,11,ห้วยน้ำดัง,8.0,8.0,0.0,0.0,8.0,100.0,0.0,Known
ห้วยน้ำดัง,ห้วยน้ำดัง,12,ห้วยน้ำดัง,8.0,8.0,0.0,0.0,8.0,100.0,0.0,Known
ออบขาน,ออบขาน,1,ออบขาน,5.0,5.0,0.0,0.0,5.0,100.0,0.0,Known
ออบขาน,ออบขาน,2,ออบขาน,5.0,5.0,0.0,0.0,5.0,100.0,0.0,Known
ออบขาน,ออบขาน,3,ออบขาน,5.0,5.0,0.0,0.0,5.0,100.0,0.0,Known
ออบขาน,ออบขาน,4,ออบขาน,5.0,5.0,0.0,0.0,5.0,100.0,0.0,Known
ออบขาน,ออบขาน,5,ออบขาน,5.0,5.0,0.0,0.0,5.0,100.0,0.0,Known
ออบขาน,ออบขาน,6,ออบขาน,5.0,1.0,4.0,0.0,5.0,20.0,0.0,Known
ออบขาน,ออบขาน,7,ออบขาน,5.0,1.0,4.0,0.0,5.0,20.0,0.0,Known
ออบขาน,ออบขาน,8,ออบขาน,5.0,1.0,4.0,0.0,5.0,20.0,0.0,Known
ออบขาน,ออบขาน,9,ออบขาน,5.0,1.0,4.0,0.0,5.0,20.0,0.0,Known
ออบขาน,ออบขาน,10,ออบขาน,5.0,1.0,4.0,0.0,5.0,20.0,0.0,Known
ออบขาน,ออบขาน,11,ออบขาน,5.0,5.0,0.0,0.0,5.0,100.0,0.0,Known
ออบขาน,ออบขาน,12,ออบขาน,5.0,5.0,0.0,0.0,5.0,100.0,0.0,Known
ออบหลวง,ออบหลวง,1,ออบหลวง,7.0,7.0,0.0,0.0,7.0,100.0,0.0,Known
ออบหลวง,ออบหลวง,2,ออบหลวง,7.0,7.0,0.0,0.0,7.0,100.0,0.0,Known
ออบหลวง,ออบหลวง,3,ออบหลวง,7.0,7.0,0.0,0.0,7.0,100.0,0.0,Known
ออบหลวง,ออบหลวง,4,ออบหลวง,7.0,7.0,0.0,0.0,7.0,100.0,0.0,Known
ออบหลวง,ออบหลวง,5,ออบหลวง,7.0,7.0,0.0,0.0,7.0,100.0,0.0,Known
ออบหลวง,ออบหลวง,6,ออบหลวง,7.0,7.0,0.0,0.0,7.0,100.0,0.0,Known
ออบหลวง,ออบหลวง,7,ออบหลวง,7.0,7.0,0.0,0.0,7.0,100.0,0.0,Known
ออบหลวง,ออบหลวง,8,ออบหลวง,7.0,7.0,0.0,0.0,7.0,100.0,0.0,Known
ออบหลวง,ออบหลวง,9,ออบหลวง,7.0,4.0,3.0,0.0,7.0,57.14285714285714,0.0,Known
ออบหลวง,ออบหลวง,10,ออบหลวง,7.0,7.0,0.0,0.0,7.0,100.0,0.0,Known
ออบหลวง,ออบหลวง,11,ออบหลวง,7.0,7.0,0.0,0.0,7.0,100.0,0.0,Known
ออบหลวง,ออบหลวง,12,ออบหลวง,7.0,7.0,0.0,0.0,7.0,100.0,0.0,Known
อ่าวพังงา,อ่าวพังงา,1,อ่าวพังงา,19.0,19.0,0.0,0.0,19.0,100.0,0.0,Known
อ่าวพังงา,อ่าวพังงา,2,อ่าวพังงา,19.0,19.0,0.0,0.0,19.0,100.0,0.0,Known
อ่าวพังงา,อ่าวพังงา,3,อ่าวพังงา,19.0,19.0,0.0,0.0,19.0,100.0,0.0,Known
อ่าวพังงา,อ่าวพังงา,4,อ่าวพังงา,19.0,19.0,0.0,0.0,19.0,100.0,0.0,Known
อ่าวพังงา,อ่าวพังงา,5,อ่าวพังงา,19.0,19.0,0.0,0.0,19.0,100.0,0.0,Known
อ่าวพังงา,อ่าวพังงา,6,อ่าวพังงา,19.0,19.0,0.0,0.0,19.0,100.0,0.0,Known
อ่าวพังงา,อ่าวพังงา,7,อ่าวพังงา,19.0,19.0,0.0,0.0,19.0,100.0,0.0,Known
อ่าวพังงา,อ่าวพังงา,8,อ่าวพังงา,19.0,14.0,5.0,0.0,19.0,73.68421052631578,0.0,Known
อ่าวพังงา,อ่าวพังงา,9,อ่าวพังงา,19.0,14.0,5.0,0.0,19.0,73.68421052631578,0.0,Known
อ่าวพังงา,อ่าวพังงา,10,อ่าวพังงา,19.0,19.0,0.0,0.0,19.0,100.0,0.0,Known
อ่าวพังงา,อ่าวพังงา,11,อ่าวพังงา,19.0,19.0,0.0,0.0,19.0,100.0,0.0,Known
อ่าวพังงา,อ่าวพังงา,12,อ่าวพังงา,19.0,19.0,0.0,0.0,19.0,100.0,0.0,Known
อ่าวมะนาว-เขาตันหยง,อ่าวมะนาว-เขาตันหยง,1,อ่าวมะนาว-เขาตันหยง,3.0,3.0,0.0,0.0,3.0,100.0,0.0,Known
อ่าวมะนาว-เขาตันหยง,อ่าวมะนาว-เขาตันหยง,2,อ่าวมะนาว-เขาตันหยง,3.0,3.0,0.0,0.0,3.0,100.0,0.0,Known
อ่าวมะนาว-เขาตันหยง,อ่าวมะนาว-เขาตันหยง,3,อ่าวมะนาว-เขาตันหยง,3.0,3.0,0.0,0.0,3.0,100.0,0.0,Known
อ่าวมะนาว-เขาตันหยง,อ่าวมะนาว-เขาตันหยง,4,อ่าวมะนาว-เขาตันหยง,3.0,3.0,0.0,0.0,3.0,100.0,0.0,Known
อ่าวมะนาว-เขาตันหยง,อ่าวมะนาว-เขาตันหยง,5,อ่าวมะนาว-เขาตันหยง,3.0,3.0,0.0,0.0,3.0,100.0,0.0,Known
อ่าวมะนาว-เขาตันหยง,อ่าวมะนาว-เขาตันหยง,6,อ่าวมะนาว-เขาตันหยง,3.0,3.0,0.0,0.0,3.0,100.0,0.0,Known
อ่าวมะนาว-เขาตันหยง,อ่าวมะนาว-เขาตันหยง,7,อ่าวมะนาว-เขาตันหยง,3.0,3.0,0.0,0.0,3.0,100.0,0.0,Known
อ่าวมะนาว-เขาตันหยง,อ่าวมะนาว-เขาตันหยง,8,อ่าวมะนาว-เขาตันหยง,3.0,3.0,0.0,0.0,3.0,100.0,0.0,Known
อ่าวมะนาว-เขาตันหยง,อ่าวมะนาว-เขาตันหยง,9,อ่าวมะนาว-เขาตันหยง,3.0,3.0,0.0,0.0,3.0,100.0,0.0,Known
อ่าวมะนาว-เขาตันหยง,อ่าวมะนาว-เขาตันหยง,10,อ่าวมะนาว-เขาตันหยง,3.0,3.0,0.0,0.0,3.0,100.0,0.0,Known
อ่าวมะนาว-เขาตันหยง,อ่าวมะนาว-เขาตันหยง,11,อ่าวมะนาว-เขาตันหยง,3.0,0.0,3.0,0.0,3.0,0.0,0.0,Known
อ่าวมะนาว-เขาตันหยง,อ่าวมะนาว-เขาตันหยง,12,อ่าวมะนาว-เขาตันหยง,3.0,0.0,3.0,0.0,3.0,0.0,0.0,Known
เขาคิชฌกูฎ,เขาคิชฌกูฏ,1,เขาคิชฌกูฏ,7.0,6.0,1.0,0.0,7.0,85.71428571428571,0.0,Known
เขาคิชฌกูฎ,เขาคิชฌกูฏ,2,เขาคิชฌกูฏ,7.0,6.0,1.0,0.0,7.0,85.71428571428571,0.0,Known
เขาคิชฌกูฎ,เขาคิชฌกูฏ,3,เขาคิชฌกูฏ,7.0,6.0,1.0,0.0,7.0,85.71428571428571,0.0,Known
เขาคิชฌกูฎ,เขาคิชฌกูฏ,4,เขาคิชฌกูฏ,7.0,6.0,1.0,0.0,7.0,85.71428571428571,0.0,Known
เขาคิชฌกูฎ,เขาคิชฌกูฏ,5,เขาคิชฌกูฏ,7.0,6.0,1.0,0.0,7.0,85.71428571428571,0.0,Known
เขาคิชฌกูฎ,เขาคิชฌกูฏ,6,เขาคิชฌกูฏ,7.0,6.0,1.0,0.0,7.0,85.71428571428571,0.0,Known
เขาคิชฌกูฎ,เขาคิชฌกูฏ,7,เขาคิชฌกูฏ,7.0,6.0,1.0,0.0,7.0,85.71428571428571,0.0,Known
เขาคิชฌกูฎ,เขาคิชฌกูฏ,8,เขาคิชฌกูฏ,7.0,6.0,1.0,0.0,7.0,85.71428571428571,0.0,Known
เขาคิชฌกูฎ,เขาคิชฌกูฏ,9,เขาคิชฌกูฏ,7.0,6.0,1.0,0.0,7.0,85.71428571428571,0.0,Known
เขาคิชฌกูฎ,เขาคิชฌกูฏ,10,เขาคิชฌกูฏ,7.0,6.0,1.0,0.0,7.0,85.71428571428571,0.0,Known
เขาคิชฌกูฎ,เขาคิชฌกูฏ,11,เขาคิชฌกูฏ,7.0,6.0,1.0,0.0,7.0,85.71428571428571,0.0,Known
เขาคิชฌกูฎ,เขาคิชฌกูฏ,12,เขาคิชฌกูฏ,7.0,6.0,1.0,0.0,7.0,85.71428571428571,0.0,Known
เขาค้อ,เขาค้อ,1,เขาค้อ,6.0,6.0,0.0,0.0,6.0,100.0,0.0,Known
เขาค้อ,เขาค้อ,2,เขาค้อ,6.0,6.0,0.0,0.0,6.0,100.0,0.0,Known
เขาค้อ,เขาค้อ,3,เขาค้อ,6.0,6.0,0.0,0.0,6.0,100.0,0.0,Known
เขาค้อ,เขาค้อ,4,เขาค้อ,6.0,6.0,0.0,0.0,6.0,100.0,0.0,Known
เขาค้อ,เขาค้อ,5,เขาค้อ,6.0,6.0,0.0,0.0,6.0,100.0,0.0,Known
เขาค้อ,เขาค้อ,6,เขาค้อ,6.0,4.0,2.0,0.0,6.0,66.66666666666666,0.0,Known
เขาค้อ,เขาค้อ,7,เขาค้อ,6.0,4.0,2.0,0.0,6.0,66.66666666666666,0.0,Known
เขาค้อ,เขาค้อ,8,เขาค้อ,6.0,6.0,0.0,0.0,6.0,100.0,0.0,Known
เขาค้อ,เขาค้อ,9,เขาค้อ,6.0,6.0,0.0,0.0,6.0,100.0,0.0,Known
เขาค้อ,เขาค้อ,10,เขาค้อ,6.0,6.0,0.0,0.0,6.0,100.0,0.0,Known
เขาค้อ,เขาค้อ,11,เขาค้อ,6.0,6.0,0.0,0.0,6.0,100.0,0.0,Known
เขาค้อ,เขาค้อ,12,เขาค้อ,6.0,6.0,0.0,0.0,6.0,100.0,0.0,Known
เขาชะเมา-เขาวง,เขาชะเมา-เขาวง,1,เขาชะเมา-เขาวง,7.0,6.0,0.0,1.0,6.0,100.0,14.285714285714285,Known
เขาชะเมา-เขาวง,เขาชะเมา-เขาวง,2,เขาชะเมา-เขาวง,7.0,6.0,0.0,1.0,6.0,100.0,14.285714285714285,Known
เขาชะเมา-เขาวง,เขาชะเมา-เขาวง,3,เขาชะเมา-เขาวง,7.0,6.0,0.0,1.0,6.0,100.0,14.285714285714285,Known
เขาชะเมา-เขาวง,เขาชะเมา-เขาวง,4,เขาชะเมา-เขาวง,7.0,6.0,0.0,1.0,6.0,100.0,14.285714285714285,Known
เขาชะเมา-เขาวง,เขาชะเมา-เขาวง,5,เขาชะเมา-เขาวง,7.0,6.0,0.0,1.0,6.0,100.0,14.285714285714285,Known
เขาชะเมา-เขาวง,เขาชะเมา-เขาวง,6,เขาชะเมา-เขาวง,7.0,6.0,0.0,1.0,6.0,100.0,14.285714285714285,Known
เขาชะเมา-เขาวง,เขาชะเมา-เขาวง,7,เขาชะเมา-เขาวง,7.0,6.0,0.0,1.0,6.0,100.0,14.285714285714285,Known
เขาชะเมา-เขาวง,เขาชะเมา-เขาวง,8,เขาชะเมา-เขาวง,7.0,6.0,0.0,1.0,6.0,100.0,14.285714285714285,Known
เขาชะเมา-เขาวง,เขาชะเมา-เขาวง,9,เขาชะเมา-เขาวง,7.0,6.0,0.0,1.0,6.0,100.0,14.285714285714285,Known
เขาชะเมา-เขาวง,เขาชะเมา-เขาวง,10,เขาชะเมา-เขาวง,7.0,6.0,0.0,1.0,6.0,100.0,14.285714285714285,Known
เขาชะเมา-เขาวง,เขาชะเมา-เขาวง,11,เขาชะเมา-เขาวง,7.0,6.0,0.0,1.0,6.0,100.0,14.285714285714285,Known
เขาชะเมา-เขาวง,เขาชะเมา-เขาวง,12,เขาชะเมา-เขาวง,7.0,6.0,0.0,1.0,6.0,100.0,14.285714285714285,Known
เขานัน,เขานัน,1,เขานัน,6.0,6.0,0.0,0.0,6.0,100.0,0.0,Known
เขานัน,เขานัน,2,เขานัน,6.0,6.0,0.0,0.0,6.0,100.0,0.0,Known
เขานัน,เขานัน,3,เขานัน,6.0,6.0,0.0,0.0,6.0,100.0,0.0,Known
เขานัน,เขานัน,4,เขานัน,6.0,6.0,0.0,0.0,6.0,100.0,0.0,Known
เขานัน,เขานัน,5,เขานัน,6.0,6.0,0.0,0.0,6.0,100.0,0.0,Known
เขานัน,เขานัน,6,เขานัน,6.0,6.0,0.0,0.0,6.0,100.0,0.0,Known
เขานัน,เขานัน,7,เขานัน,6.0,6.0,0.0,0.0,6.0,100.0,0.0,Known
เขานัน,เขานัน,8,เขานัน,6.0,6.0,0.0,0.0,6.0,100.0,0.0,Known
เขานัน,เขานัน,9,เขานัน,6.0,6.0,0.0,0.0,6.0,100.0,0.0,Known
เขานัน,เขานัน,10,เขานัน,6.0,1.0,5.0,0.0,6.0,16.666666666666664,0.0,Known
เขานัน,เขานัน,11,เขานัน,6.0,1.0,5.0,0.0,6.0,16.666666666666664,0.0,Known
เขานัน,เขานัน,12,เขานัน,6.0,6.0,0.0,0.0,6.0,100.0,0.0,Known
เขาน้ำค้าง,เขาน้ำค้าง,1,เขาน้ำค้าง,6.0,3.0,0.0,3.0,3.0,100.0,50.0,Known
เขาน้ำค้าง,เขาน้ำค้าง,2,เขาน้ำค้าง,6.0,3.0,0.0,3.0,3.0,100.0,50.0,Known
เขาน้ำค้าง,เขาน้ำค้าง,3,เขาน้ำค้าง,6.0,3.0,0.0,3.0,3.0,100.0,50.0,Known
เขาน้ำค้าง,เขาน้ำค้าง,4,เขาน้ำค้าง,6.0,3.0,0.0,3.0,3.0,100.0,50.0,Known
เขาน้ำค้าง,เขาน้ำค้าง,5,เขาน้ำค้าง,6.0,3.0,0.0,3.0,3.0,100.0,50.0,Known
เขาน้ำค้าง,เขาน้ำค้าง,6,เขาน้ำค้าง,6.0,3.0,0.0,3.0,3.0,100.0,50.0,Known
เขาน้ำค้าง,เขาน้ำค้าง,7,เขาน้ำค้าง,6.0,3.0,0.0,3.0,3.0,100.0,50.0,Known
เขาน้ำค้าง,เขาน้ำค้าง,8,เขาน้ำค้าง,6.0,3.0,0.0,3.0,3.0,100.0,50.0,Known
เขาน้ำค้าง,เขาน้ำค้าง,9,เขาน้ำค้าง,6.0,3.0,0.0,3.0,3.0,100.0,50.0,Known
เขาน้ำค้าง,เขาน้ำค้าง,10,เขาน้ำค้าง,6.0,3.0,0.0,3.0,3.0,100.0,50.0,Known
เขาน้ำค้าง,เขาน้ำค้าง,11,เขาน้ำค้าง,6.0,0.0,3.0,3.0,3.0,0.0,50.0,Known
เขาน้ำค้าง,เขาน้ำค้าง,12,เขาน้ำค้าง,6.0,3.0,0.0,3.0,3.0,100.0,50.0,Known
เขาปู่-เขาย่า,เขาปู่-เขาย่า,1,เขาปู่-เขาย่า,12.0,12.0,0.0,0.0,12.0,100.0,0.0,Known
เขาปู่-เขาย่า,เขาปู่-เขาย่า,2,เขาปู่-เขาย่า,12.0,12.0,0.0,0.0,12.0,100.0,0.0,Known
เขาปู่-เขาย่า,เขาปู่-เขาย่า,3,เขาปู่-เขาย่า,12.0,12.0,0.0,0.0,12.0,100.0,0.0,Known
เขาปู่-เขาย่า,เขาปู่-เขาย่า,4,เขาปู่-เขาย่า,12.0,12.0,0.0,0.0,12.0,100.0,0.0,Known
เขาปู่-เขาย่า,เขาปู่-เขาย่า,5,เขาปู่-เขาย่า,12.0,12.0,0.0,0.0,12.0,100.0,0.0,Known
เขาปู่-เขาย่า,เขาปู่-เขาย่า,6,เขาปู่-เขาย่า,12.0,12.0,0.0,0.0,12.0,100.0,0.0,Known
เขาปู่-เขาย่า,เขาปู่-เขาย่า,7,เขาปู่-เขาย่า,12.0,12.0,0.0,0.0,12.0,100.0,0.0,Known
เขาปู่-เขาย่า,เขาปู่-เขาย่า,8,เขาปู่-เขาย่า,12.0,12.0,0.0,0.0,12.0,100.0,0.0,Known
เขาปู่-เขาย่า,เขาปู่-เขาย่า,9,เขาปู่-เขาย่า,12.0,12.0,0.0,0.0,12.0,100.0,0.0,Known
เขาปู่-เขาย่า,เขาปู่-เขาย่า,10,เขาปู่-เขาย่า,12.0,12.0,0.0,0.0,12.0,100.0,0.0,Known
เขาปู่-เขาย่า,เขาปู่-เขาย่า,11,เขาปู่-เขาย่า,12.0,5.0,7.0,0.0,12.0,41.66666666666667,0.0,Known
เขาปู่-เขาย่า,เขาปู่-เขาย่า,12,เขาปู่-เขาย่า,12.0,5.0,7.0,0.0,12.0,41.66666666666667,0.0,Known
เขาพนมเบญจา,เขาพนมเบญจา,1,เขาพนมเบญจา,6.0,6.0,0.0,0.0,6.0,100.0,0.0,Known
เขาพนมเบญจา,เขาพนมเบญจา,2,เขาพนมเบญจา,6.0,6.0,0.0,0.0,6.0,100.0,0.0,Known
เขาพนมเบญจา,เขาพนมเบญจา,3,เขาพนมเบญจา,6.0,6.0,0.0,0.0,6.0,100.0,0.0,Known
เขาพนมเบญจา,เขาพนมเบญจา,4,เขาพนมเบญจา,6.0,6.0,0.0,0.0,6.0,100.0,0.0,Known
เขาพนมเบญจา,เขาพนมเบญจา,5,เขาพนมเบญจา,6.0,6.0,0.0,0.0,6.0,100.0,0.0,Known
เขาพนมเบญจา,เขาพนมเบญจา,6,เขาพนมเบญจา,6.0,6.0,0.0,0.0,6.0,100.0,0.0,Known
เขาพนมเบญจา,เขาพนมเบญจา,7,เขาพนมเบญจา,6.0,6.0,0.0,0.0,6.0,100.0,0.0,Known
เขาพนมเบญจา,เขาพนมเบญจา,8,เขาพนมเบญจา,6.0,6.0,0.0,0.0,6.0,100.0,0.0,Known
เขาพนมเบญจา,เขาพนมเบญจา,9,เขาพนมเบญจา,6.0,6.0,0.0,0.0,6.0,100.0,0.0,Known
เขาพนมเบญจา,เขาพนมเบญจา,10,เขาพนมเบญจา,6.0,6.0,0.0,0.0,6.0,100.0,0.0,Known
เขาพนมเบญจา,เขาพนมเบญจา,11,เขาพนมเบญจา,6.0,6.0,0.0,0.0,6.0,100.0,0.0,Known
เขาพนมเบญจา,เขาพนมเบญจา,12,เขาพนมเบญจา,6.0,6.0,0.0,0.0,6.0,100.0,0.0,Known
เขาพระวิหาร,เขาพระวิหาร,1,เขาพระวิหาร,12.0,11.0,1.0,0.0,12.0,91.66666666666666,0.0,Known
เขาพระวิหาร,เขาพระวิหาร,2,เขาพระวิหาร,12.0,11.0,1.0,0.0,12.0,91.66666666666666,0.0,Known
เขาพระวิหาร,เขาพระวิหาร,3,เขาพระวิหาร,12.0,11.0,1.0,0.0,12.0,91.66666666666666,0.0,Known
เขาพระวิหาร,เขาพระวิหาร,4,เขาพระวิหาร,12.0,11.0,1.0,0.0,12.0,91.66666666666666,0.0,Known
เขาพระวิหาร,เขาพระวิหาร,5,เขาพระวิหาร,12.0,11.0,1.0,0.0,12.0,91.66666666666666,0.0,Known
เขาพระวิหาร,เขาพระวิหาร,6,เขาพระวิหาร,12.0,11.0,1.0,0.0,12.0,91.66666666666666,0.0,Known
เขาพระวิหาร,เขาพระวิหาร,7,เขาพระวิหาร,12.0,11.0,1.0,0.0,12.0,91.66666666666666,0.0,Known
เขาพระวิหาร,เขาพระวิหาร,8,เขาพระวิหาร,12.0,11.0,1.0,0.0,12.0,91.66666666666666,0.0,Known
เขาพระวิหาร,เขาพระวิหาร,9,เขาพระวิหาร,12.0,11.0,1.0,0.0,12.0,91.66666666666666,0.0,Known
เขาพระวิหาร,เขาพระวิหาร,10,เขาพระวิหาร,12.0,11.0,1.0,0.0,12.0,91.66666666666666,0.0,Known
เขาพระวิหาร,เขาพระวิหาร,11,เขาพระวิหาร,12.0,12.0,0.0,0.0,12.0,100.0,0.0,Known
เขาพระวิหาร,เขาพระวิหาร,12,เขาพระวิหาร,12.0,12.0,0.0,0.0,12.0,100.0,0.0,Known
เขาลำปี-หาดท้ายเหมือง,เขาลำปี-หาดท้ายเหมือง,1,เขาลำปี-หาดท้ายเหมือง,10.0,10.0,0.0,0.0,10.0,100.0,0.0,Known
เขาลำปี-หาดท้ายเหมือง,เขาลำปี-หาดท้ายเหมือง,2,เขาลำปี-หาดท้ายเหมือง,10.0,10.0,0.0,0.0,10.0,100.0,0.0,Known
เขาลำปี-หาดท้ายเหมือง,เขาลำปี-หาดท้ายเหมือง,3,เขาลำปี-หาดท้ายเหมือง,10.0,10.0,0.0,0.0,10.0,100.0,0.0,Known
เขาลำปี-หาดท้ายเหมือง,เขาลำปี-หาดท้ายเหมือง,4,เขาลำปี-หาดท้ายเหมือง,10.0,10.0,0.0,0.0,10.0,100.0,0.0,Known
เขาลำปี-หาดท้ายเหมือง,เขาลำปี-หาดท้ายเหมือง,5,เขาลำปี-หาดท้ายเหมือง,10.0,10.0,0.0,0.0,10.0,100.0,0.0,Known
เขาลำปี-หาดท้ายเหมือง,เขาลำปี-หาดท้ายเหมือง,6,เขาลำปี-หาดท้ายเหมือง,10.0,10.0,0.0,0.0,10.0,100.0,0.0,Known
เขาลำปี-หาดท้ายเหมือง,เขาลำปี-หาดท้ายเหมือง,7,เขาลำปี-หาดท้ายเหมือง,10.0,7.0,3.0,0.0,10.0,70.0,0.0,Known
เขาลำปี-หาดท้ายเหมือง,เขาลำปี-หาดท้ายเหมือง,8,เขาลำปี-หาดท้ายเหมือง,10.0,7.0,3.0,0.0,10.0,70.0,0.0,Known
เขาลำปี-หาดท้ายเหมือง,เขาลำปี-หาดท้ายเหมือง,9,เขาลำปี-หาดท้ายเหมือง,10.0,7.0,3.0,0.0,10.0,70.0,0.0,Known
เขาลำปี-หาดท้ายเหมือง,เขาลำปี-หาดท้ายเหมือง,10,เขาลำปี-หาดท้ายเหมือง,10.0,10.0,0.0,0.0,10.0,100.0,0.0,Known
เขาลำปี-หาดท้ายเหมือง,เขาลำปี-หาดท้ายเหมือง,11,เขาลำปี-หาดท้ายเหมือง,10.0,10.0,0.0,0.0,10.0,100.0,0.0,Known
เขาลำปี-หาดท้ายเหมือง,เขาลำปี-หาดท้ายเหมือง,12,เขาลำปี-หาดท้ายเหมือง,10.0,10.0,0.0,0.0,10.0,100.0,0.0,Known
เขาสก,เขาสก,1,เขาสก,29.0,27.0,0.0,2.0,27.0,100.0,6.896551724137931,Known
เขาสก,เขาสก,2,เขาสก,29.0,27.0,0.0,2.0,27.0,100.0,6.896551724137931,Known
เขาสก,เขาสก,3,เขาสก,29.0,27.0,0.0,2.0,27.0,100.0,6.896551724137931,Known
เขาสก,เขาสก,4,เขาสก,29.0,26.0,1.0,2.0,27.0,96.29629629629629,6.896551724137931,Known
เขาสก,เขาสก,5,เขาสก,29.0,26.0,1.0,2.0,27.0,96.29629629629629,6.896551724137931,Known
เขาสก,เขาสก,6,เขาสก,29.0,25.0,2.0,2.0,27.0,92.5925925925926,6.896551724137931,Known
เขาสก,เขาสก,7,เขาสก,29.0,25.0,2.0,2.0,27.0,92.5925925925926,6.896551724137931,Known
เขาสก,เขาสก,8,เขาสก,29.0,25.0,2.0,2.0,27.0,92.5925925925926,6.896551724137931,Known
เขาสก,เขาสก,9,เขาสก,29.0,25.0,2.0,2.0,27.0,92.5925925925926,6.896551724137931,Known
เขาสก,เขาสก,10,เขาสก,29.0,25.0,2.0,2.0,27.0,92.5925925925926,6.896551724137931,Known
เขาสก,เขาสก,11,เขาสก,29.0,25.0,2.0,2.0,27.0,92.5925925925926,6.896551724137931,Known
เขาสก,เขาสก,12,เขาสก,29.0,27.0,0.0,2.0,27.0,100.0,6.896551724137931,Known
เขาสามร้อยยอด,เขาสามร้อยยอด,1,เขาสามร้อยยอด,14.0,13.0,0.0,1.0,13.0,100.0,7.142857142857142,Known
เขาสามร้อยยอด,เขาสามร้อยยอด,2,เขาสามร้อยยอด,14.0,13.0,0.0,1.0,13.0,100.0,7.142857142857142,Known
เขาสามร้อยยอด,เขาสามร้อยยอด,3,เขาสามร้อยยอด,14.0,13.0,0.0,1.0,13.0,100.0,7.142857142857142,Known
เขาสามร้อยยอด,เขาสามร้อยยอด,4,เขาสามร้อยยอด,14.0,13.0,0.0,1.0,13.0,100.0,7.142857142857142,Known
เขาสามร้อยยอด,เขาสามร้อยยอด,5,เขาสามร้อยยอด,14.0,13.0,0.0,1.0,13.0,100.0,7.142857142857142,Known
เขาสามร้อยยอด,เขาสามร้อยยอด,6,เขาสามร้อยยอด,14.0,10.0,3.0,1.0,13.0,76.92307692307693,7.142857142857142,Known
เขาสามร้อยยอด,เขาสามร้อยยอด,7,เขาสามร้อยยอด,14.0,13.0,0.0,1.0,13.0,100.0,7.142857142857142,Known
เขาสามร้อยยอด,เขาสามร้อยยอด,8,เขาสามร้อยยอด,14.0,13.0,0.0,1.0,13.0,100.0,7.142857142857142,Known
เขาสามร้อยยอด,เขาสามร้อยยอด,9,เขาสามร้อยยอด,14.0,13.0,0.0,1.0,13.0,100.0,7.142857142857142,Known
เขาสามร้อยยอด,เขาสามร้อยยอด,10,เขาสามร้อยยอด,14.0,13.0,0.0,1.0,13.0,100.0,7.142857142857142,Known
เขาสามร้อยยอด,เขาสามร้อยยอด,11,เขาสามร้อยยอด,14.0,13.0,0.0,1.0,13.0,100.0,7.142857142857142,Known
เขาสามร้อยยอด,เขาสามร้อยยอด,12,เขาสามร้อยยอด,14.0,13.0,0.0,1.0,13.0,100.0,7.142857142857142,Known
เขาสิบห้าชั้น,เขาสิบห้าชั้น,1,เขาสิบห้าชั้น,3.0,3.0,0.0,0.0,3.0,100.0,0.0,Known
เขาสิบห้าชั้น,เขาสิบห้าชั้น,2,เขาสิบห้าชั้น,3.0,3.0,0.0,0.0,3.0,100.0,0.0,Known
เขาสิบห้าชั้น,เขาสิบห้าชั้น,3,เขาสิบห้าชั้น,3.0,3.0,0.0,0.0,3.0,100.0,0.0,Known
เขาสิบห้าชั้น,เขาสิบห้าชั้น,4,เขาสิบห้าชั้น,3.0,3.0,0.0,0.0,3.0,100.0,0.0,Known
เขาสิบห้าชั้น,เขาสิบห้าชั้น,5,เขาสิบห้าชั้น,3.0,3.0,0.0,0.0,3.0,100.0,0.0,Known
เขาสิบห้าชั้น,เขาสิบห้าชั้น,6,เขาสิบห้าชั้น,3.0,3.0,0.0,0.0,3.0,100.0,0.0,Known
เขาสิบห้าชั้น,เขาสิบห้าชั้น,7,เขาสิบห้าชั้น,3.0,3.0,0.0,0.0,3.0,100.0,0.0,Known
เขาสิบห้าชั้น,เขาสิบห้าชั้น,8,เขาสิบห้าชั้น,3.0,3.0,0.0,0.0,3.0,100.0,0.0,Known
เขาสิบห้าชั้น,เขาสิบห้าชั้น,9,เขาสิบห้าชั้น,3.0,3.0,0.0,0.0,3.0,100.0,0.0,Known
เขาสิบห้าชั้น,เขาสิบห้าชั้น,10,เขาสิบห้าชั้น,3.0,3.0,0.0,0.0,3.0,100.0,0.0,Known
เขาสิบห้าชั้น,เขาสิบห้าชั้น,11,เขาสิบห้าชั้น,3.0,3.0,0.0,0.0,3.0,100.0,0.0,Known
เขาสิบห้าชั้น,เขาสิบห้าชั้น,12,เขาสิบห้าชั้น,3.0,3.0,0.0,0.0,3.0,100.0,0.0,Known
เขาหลวง,เขาหลวง,1,เขาหลวง,14.0,13.0,1.0,0.0,14.0,92.85714285714286,0.0,Known
เขาหลวง,เขาหลวง,2,เขาหลวง,14.0,13.0,1.0,0.0,14.0,92.85714285714286,0.0,Known
เขาหลวง,เขาหลวง,3,เขาหลวง,14.0,13.0,1.0,0.0,14.0,92.85714285714286,0.0,Known
เขาหลวง,เขาหลวง,4,เขาหลวง,14.0,13.0,1.0,0.0,14.0,92.85714285714286,0.0,Known
เขาหลวง,เขาหลวง,5,เขาหลวง,14.0,14.0,0.0,0.0,14.0,100.0,0.0,Known
เขาหลวง,เขาหลวง,6,เขาหลวง,14.0,14.0,0.0,0.0,14.0,100.0,0.0,Known
เขาหลวง,เขาหลวง,7,เขาหลวง,14.0,14.0,0.0,0.0,14.0,100.0,0.0,Known
เขาหลวง,เขาหลวง,8,เขาหลวง,14.0,14.0,0.0,0.0,14.0,100.0,0.0,Known
เขาหลวง,เขาหลวง,9,เขาหลวง,14.0,14.0,0.0,0.0,14.0,100.0,0.0,Known
เขาหลวง,เขาหลวง,10,เขาหลวง,14.0,11.0,3.0,0.0,14.0,78.57142857142857,0.0,Known
เขาหลวง,เขาหลวง,11,เขาหลวง,14.0,11.0,3.0,0.0,14.0,78.57142857142857,0.0,Known
เขาหลวง,เขาหลวง,12,เขาหลวง,14.0,11.0,3.0,0.0,14.0,78.57142857142857,0.0,Known
เขาหลัก-ลำรู่,เขาหลัก-ลำรู่,1,เขาหลัก-ลำรู่,5.0,5.0,0.0,0.0,5.0,100.0,0.0,Known
เขาหลัก-ลำรู่,เขาหลัก-ลำรู่,2,เขาหลัก-ลำรู่,5.0,5.0,0.0,0.0,5.0,100.0,0.0,Known
เขาหลัก-ลำรู่,เขาหลัก-ลำรู่,3,เขาหลัก-ลำรู่,5.0,5.0,0.0,0.0,5.0,100.0,0.0,Known
เขาหลัก-ลำรู่,เขาหลัก-ลำรู่,4,เขาหลัก-ลำรู่,5.0,5.0,0.0,0.0,5.0,100.0,0.0,Known
เขาหลัก-ลำรู่,เขาหลัก-ลำรู่,5,เขาหลัก-ลำรู่,5.0,5.0,0.0,0.0,5.0,100.0,0.0,Known
เขาหลัก-ลำรู่,เขาหลัก-ลำรู่,6,เขาหลัก-ลำรู่,5.0,5.0,0.0,0.0,5.0,100.0,0.0,Known
เขาหลัก-ลำรู่,เขาหลัก-ลำรู่,7,เขาหลัก-ลำรู่,5.0,5.0,0.0,0.0,5.0,100.0,0.0,Known
เขาหลัก-ลำรู่,เขาหลัก-ลำรู่,8,เขาหลัก-ลำรู่,5.0,5.0,0.0,0.0,5.0,100.0,0.0,Known
เขาหลัก-ลำรู่,เขาหลัก-ลำรู่,9,เขาหลัก-ลำรู่,5.0,5.0,0.0,0.0,5.0,100.0,0.0,Known
เขาหลัก-ลำรู่,เขาหลัก-ลำรู่,10,เขาหลัก-ลำรู่,5.0,5.0,0.0,0.0,5.0,100.0,0.0,Known
เขาหลัก-ลำรู่,เขาหลัก-ลำรู่,11,เขาหลัก-ลำรู่,5.0,5.0,0.0,0.0,5.0,100.0,0.0,Known
เขาหลัก-ลำรู่,เขาหลัก-ลำรู่,12,เขาหลัก-ลำรู่,5.0,5.0,0.0,0.0,5.0,100.0,0.0,Known
เขาแหลม,เขาแหลม,1,เขาแหลม,14.0,13.0,1.0,0.0,14.0,92.85714285714286,0.0,Known
เขาแหลม,เขาแหลม,2,เขาแหลม,14.0,13.0,1.0,0.0,14.0,92.85714285714286,0.0,Known
เขาแหลม,เขาแหลม,3,เขาแหลม,14.0,13.0,1.0,0.0,14.0,92.85714285714286,0.0,Known
เขาแหลม,เขาแหลม,4,เขาแหลม,14.0,12.0,2.0,0.0,14.0,85.71428571428571,0.0,Known
เขาแหลม,เขาแหลม,5,เขาแหลม,14.0,11.0,3.0,0.0,14.0,78.57142857142857,0.0,Known
เขาแหลม,เขาแหลม,6,เขาแหลม,14.0,11.0,3.0,0.0,14.0,78.57142857142857,0.0,Known
เขาแหลม,เขาแหลม,7,เขาแหลม,14.0,11.0,3.0,0.0,14.0,78.57142857142857,0.0,Known
เขาแหลม,เขาแหลม,8,เขาแหลม,14.0,11.0,3.0,0.0,14.0,78.57142857142857,0.0,Known
เขาแหลม,เขาแหลม,9,เขาแหลม,14.0,11.0,3.0,0.0,14.0,78.57142857142857,0.0,Known
เขาแหลม,เขาแหลม,10,เขาแหลม,14.0,13.0,1.0,0.0,14.0,92.85714285714286,0.0,Known
เขาแหลม,เขาแหลม,11,เขาแหลม,14.0,13.0,1.0,0.0,14.0,92.85714285714286,0.0,Known
เขาแหลม,เขาแหลม,12,เขาแหลม,14.0,13.0,1.0,0.0,14.0,92.85714285714286,0.0,Known
เขาแหลมหญ้า-หมู่เกาะเสม็ด,เขาแหลมหญ้า-หมู่เกาะเสม็ด,1,เขาแหลมหญ้า-หมู่เกาะเสม็ด,12.0,12.0,0.0,0.0,12.0,100.0,0.0,Known
เขาแหลมหญ้า-หมู่เกาะเสม็ด,เขาแหลมหญ้า-หมู่เกาะเสม็ด,2,เขาแหลมหญ้า-หมู่เกาะเสม็ด,12.0,12.0,0.0,0.0,12.0,100.0,0.0,Known
เขาแหลมหญ้า-หมู่เกาะเสม็ด,เขาแหลมหญ้า-หมู่เกาะเสม็ด,3,เขาแหลมหญ้า-หมู่เกาะเสม็ด,12.0,12.0,0.0,0.0,12.0,100.0,0.0,Known
เขาแหลมหญ้า-หมู่เกาะเสม็ด,เขาแหลมหญ้า-หมู่เกาะเสม็ด,4,เขาแหลมหญ้า-หมู่เกาะเสม็ด,12.0,12.0,0.0,0.0,12.0,100.0,0.0,Known
เขาแหลมหญ้า-หมู่เกาะเสม็ด,เขาแหลมหญ้า-หมู่เกาะเสม็ด,5,เขาแหลมหญ้า-หมู่เกาะเสม็ด,12.0,12.0,0.0,0.0,12.0,100.0,0.0,Known
เขาแหลมหญ้า-หมู่เกาะเสม็ด,เขาแหลมหญ้า-หมู่เกาะเสม็ด,6,เขาแหลมหญ้า-หมู่เกาะเสม็ด,12.0,12.0,0.0,0.0,12.0,100.0,0.0,Known
เขาแหลมหญ้า-หมู่เกาะเสม็ด,เขาแหลมหญ้า-หมู่เกาะเสม็ด,7,เขาแหลมหญ้า-หมู่เกาะเสม็ด,12.0,11.0,1.0,0.0,12.0,91.66666666666666,0.0,Known
เขาแหลมหญ้า-หมู่เกาะเสม็ด,เขาแหลมหญ้า-หมู่เกาะเสม็ด,8,เขาแหลมหญ้า-หมู่เกาะเสม็ด,12.0,10.0,2.0,0.0,12.0,83.33333333333334,0.0,Known
เขาแหลมหญ้า-หมู่เกาะเสม็ด,เขาแหลมหญ้า-หมู่เกาะเสม็ด,9,เขาแหลมหญ้า-หมู่เกาะเสม็ด,12.0,11.0,1.0,0.0,12.0,91.66666666666666,0.0,Known
เขาแหลมหญ้า-หมู่เกาะเสม็ด,เขาแหลมหญ้า-หมู่เกาะเสม็ด,10,เขาแหลมหญ้า-หมู่เกาะเสม็ด,12.0,12.0,0.0,0.0,12.0,100.0,0.0,Known
เขาแหลมหญ้า-หมู่เกาะเสม็ด,เขาแหลมหญ้า-หมู่เกาะเสม็ด,11,เขาแหลมหญ้า-หมู่เกาะเสม็ด,12.0,12.0,0.0,0.0,12.0,100.0,0.0,Known
เขาแหลมหญ้า-หมู่เกาะเสม็ด,เขาแหลมหญ้า-หมู่เกาะเสม็ด,12,เขาแหลมหญ้า-หมู่เกาะเสม็ด,12.0,12.0,0.0,0.0,12.0,100.0,0.0,Known
เขาใหญ่,เขาใหญ่,1,เขาใหญ่,30.0,28.0,0.0,2.0,28.0,100.0,6.666666666666667,Known
เขาใหญ่,เขาใหญ่,2,เขาใหญ่,30.0,28.0,0.0,2.0,28.0,100.0,6.666666666666667,Known
เขาใหญ่,เขาใหญ่,3,เขาใหญ่,30.0,26.0,2.0,2.0,28.0,92.85714285714286,6.666666666666667,Known
เขาใหญ่,เขาใหญ่,4,เขาใหญ่,30.0,25.0,3.0,2.0,28.0,89.28571428571429,6.666666666666667,Known
เขาใหญ่,เขาใหญ่,5,เขาใหญ่,30.0,28.0,0.0,2.0,28.0,100.0,6.666666666666667,Known
เขาใหญ่,เขาใหญ่,6,เขาใหญ่,30.0,27.0,1.0,2.0,28.0,96.42857142857143,6.666666666666667,Known
เขาใหญ่,เขาใหญ่,7,เขาใหญ่,30.0,26.0,2.0,2.0,28.0,92.85714285714286,6.666666666666667,Known
เขาใหญ่,เขาใหญ่,8,เขาใหญ่,30.0,26.0,2.0,2.0,28.0,92.85714285714286,6.666666666666667,Known
เขาใหญ่,เขาใหญ่,9,เขาใหญ่,30.0,27.0,1.0,2.0,28.0,96.42857142857143,6.666666666666667,Known
เขาใหญ่,เขาใหญ่,10,เขาใหญ่,30.0,28.0,0.0,2.0,28.0,100.0,6.666666666666667,Known
เขาใหญ่,เขาใหญ่,11,เขาใหญ่,30.0,28.0,0.0,2.0,28.0,100.0,6.666666666666667,Known
เขาใหญ่,เขาใหญ่,12,เขาใหญ่,30.0,28.0,0.0,2.0,28.0,100.0,6.666666666666667,Known
เขื่อนศรีนครินทร์,เขื่อนศรีนครินทร์,1,เขื่อนศรีนครินทร์,8.0,7.0,0.0,1.0,7.0,100.0,12.5,Known
เขื่อนศรีนครินทร์,เขื่อนศรีนครินทร์,2,เขื่อนศรีนครินทร์,8.0,7.0,0.0,1.0,7.0,100.0,12.5,Known
เขื่อนศรีนครินทร์,เขื่อนศรีนครินทร์,3,เขื่อนศรีนครินทร์,8.0,7.0,0.0,1.0,7.0,100.0,12.5,Known
เขื่อนศรีนครินทร์,เขื่อนศรีนครินทร์,4,เขื่อนศรีนครินทร์,8.0,7.0,0.0,1.0,7.0,100.0,12.5,Known
เขื่อนศรีนครินทร์,เขื่อนศรีนครินทร์,5,เขื่อนศรีนครินทร์,8.0,7.0,0.0,1.0,7.0,100.0,12.5,Known
เขื่อนศรีนครินทร์,เขื่อนศรีนครินทร์,6,เขื่อนศรีนครินทร์,8.0,7.0,0.0,1.0,7.0,100.0,12.5,Known
เขื่อนศรีนครินทร์,เขื่อนศรีนครินทร์,7,เขื่อนศรีนครินทร์,8.0,7.0,0.0,1.0,7.0,100.0,12.5,Known
เขื่อนศรีนครินทร์,เขื่อนศรีนครินทร์,8,เขื่อนศรีนครินทร์,8.0,7.0,0.0,1.0,7.0,100.0,12.5,Known
เขื่อนศรีนครินทร์,เขื่อนศรีนครินทร์,9,เขื่อนศรีนครินทร์,8.0,7.0,0.0,1.0,7.0,100.0,12.5,Known
เขื่อนศรีนครินทร์,เขื่อนศรีนครินทร์,10,เขื่อนศรีนครินทร์,8.0,7.0,0.0,1.0,7.0,100.0,12.5,Known
เขื่อนศรีนครินทร์,เขื่อนศรีนครินทร์,11,เขื่อนศรีนครินทร์,8.0,7.0,0.0,1.0,7.0,100.0,12.5,Known
เขื่อนศรีนครินทร์,เขื่อนศรีนครินทร์,12,เขื่อนศรีนครินทร์,8.0,7.0,0.0,1.0,7.0,100.0,12.5,Known
เฉลิมพระเกียรติไทยประจัน,เฉลิมพระเกียรติไทยประจัน,1,เฉลิมพระเกียรติไทยประจัน,5.0,4.0,1.0,0.0,5.0,80.0,0.0,Known
เฉลิมพระเกียรติไทยประจัน,เฉลิมพระเกียรติไทยประจัน,2,เฉลิมพระเกียรติไทยประจัน,5.0,4.0,1.0,0.0,5.0,80.0,0.0,Known
เฉลิมพระเกียรติไทยประจัน,เฉลิมพระเกียรติไทยประจัน,3,เฉลิมพระเกียรติไทยประจัน,5.0,3.0,2.0,0.0,5.0,60.0,0.0,Known
เฉลิมพระเกียรติไทยประจัน,เฉลิมพระเกียรติไทยประจัน,4,เฉลิมพระเกียรติไทยประจัน,5.0,3.0,2.0,0.0,5.0,60.0,0.0,Known
เฉลิมพระเกียรติไทยประจัน,เฉลิมพระเกียรติไทยประจัน,5,เฉลิมพระเกียรติไทยประจัน,5.0,3.0,2.0,0.0,5.0,60.0,0.0,Known
เฉลิมพระเกียรติไทยประจัน,เฉลิมพระเกียรติไทยประจัน,6,เฉลิมพระเกียรติไทยประจัน,5.0,4.0,1.0,0.0,5.0,80.0,0.0,Known
เฉลิมพระเกียรติไทยประจัน,เฉลิมพระเกียรติไทยประจัน,7,เฉลิมพระเกียรติไทยประจัน,5.0,5.0,0.0,0.0,5.0,100.0,0.0,Known
เฉลิมพระเกียรติไทยประจัน,เฉลิมพระเกียรติไทยประจัน,8,เฉลิมพระเกียรติไทยประจัน,5.0,5.0,0.0,0.0,5.0,100.0,0.0,Known
เฉลิมพระเกียรติไทยประจัน,เฉลิมพระเกียรติไทยประจัน,9,เฉลิมพระเกียรติไทยประจัน,5.0,5.0,0.0,0.0,5.0,100.0,0.0,Known
เฉลิมพระเกียรติไทยประจัน,เฉลิมพระเกียรติไทยประจัน,10,เฉลิมพระเกียรติไทยประจัน,5.0,4.0,1.0,0.0,5.0,80.0,0.0,Known
เฉลิมพระเกียรติไทยประจัน,เฉลิมพระเกียรติไทยประจัน,11,เฉลิมพระเกียรติไทยประจัน,5.0,4.0,1.0,0.0,5.0,80.0,0.0,Known
เฉลิมพระเกียรติไทยประจัน,เฉลิมพระเกียรติไทยประจัน,12,เฉลิมพระเกียรติไทยประจัน,5.0,4.0,1.0,0.0,5.0,80.0,0.0,Known
เฉลิมรัตนโกสินทร์,เฉลิมรัตนโกสินทร์,1,เฉลิมรัตนโกสินทร์,9.0,9.0,0.0,0.0,9.0,100.0,0.0,Known
เฉลิมรัตนโกสินทร์,เฉลิมรัตนโกสินทร์,2,เฉลิมรัตนโกสินทร์,9.0,7.0,2.0,0.0,9.0,77.77777777777779,0.0,Known
เฉลิมรัตนโกสินทร์,เฉลิมรัตนโกสินทร์,3,เฉลิมรัตนโกสินทร์,9.0,7.0,2.0,0.0,9.0,77.77777777777779,0.0,Known
เฉลิมรัตนโกสินทร์,เฉลิมรัตนโกสินทร์,4,เฉลิมรัตนโกสินทร์,9.0,7.0,2.0,0.0,9.0,77.77777777777779,0.0,Known
เฉลิมรัตนโกสินทร์,เฉลิมรัตนโกสินทร์,5,เฉลิมรัตนโกสินทร์,9.0,7.0,2.0,0.0,9.0,77.77777777777779,0.0,Known
เฉลิมรัตนโกสินทร์,เฉลิมรัตนโกสินทร์,6,เฉลิมรัตนโกสินทร์,9.0,7.0,2.0,0.0,9.0,77.77777777777779,0.0,Known
เฉลิมรัตนโกสินทร์,เฉลิมรัตนโกสินทร์,7,เฉลิมรัตนโกสินทร์,9.0,7.0,2.0,0.0,9.0,77.77777777777779,0.0,Known
เฉลิมรัตนโกสินทร์,เฉลิมรัตนโกสินทร์,8,เฉลิมรัตนโกสินทร์,9.0,7.0,2.0,0.0,9.0,77.77777777777779,0.0,Known
เฉลิมรัตนโกสินทร์,เฉลิมรัตนโกสินทร์,9,เฉลิมรัตนโกสินทร์,9.0,7.0,2.0,0.0,9.0,77.77777777777779,0.0,Known
เฉลิมรัตนโกสินทร์,เฉลิมรัตนโกสินทร์,10,เฉลิมรัตนโกสินทร์,9.0,7.0,2.0,0.0,9.0,77.77777777777779,0.0,Known
เฉลิมรัตนโกสินทร์,เฉลิมรัตนโกสินทร์,11,เฉลิมรัตนโกสินทร์,9.0,9.0,0.0,0.0,9.0,100.0,0.0,Known
เฉลิมรัตนโกสินทร์,เฉลิมรัตนโกสินทร์,12,เฉลิมรัตนโกสินทร์,9.0,9.0,0.0,0.0,9.0,100.0,0.0,Known
เวียงโกศัย,เวียงโกศัย,1,เวียงโกศัย,5.0,5.0,0.0,0.0,5.0,100.0,0.0,Known
เวียงโกศัย,เวียงโกศัย,2,เวียงโกศัย,5.0,5.0,0.0,0.0,5.0,100.0,0.0,Known
เวียงโกศัย,เวียงโกศัย,3,เวียงโกศัย,5.0,5.0,0.0,0.0,5.0,100.0,0.0,Known
เวียงโกศัย,เวียงโกศัย,4,เวียงโกศัย,5.0,5.0,0.0,0.0,5.0,100.0,0.0,Known
เวียงโกศัย,เวียงโกศัย,5,เวียงโกศัย,5.0,5.0,0.0,0.0,5.0,100.0,0.0,Known
เวียงโกศัย,เวียงโกศัย,6,เวียงโกศัย,5.0,5.0,0.0,0.0,5.0,100.0,0.0,Known
เวียงโกศัย,เวียงโกศัย,7,เวียงโกศัย,5.0,5.0,0.0,0.0,5.0,100.0,0.0,Known
เวียงโกศัย,เวียงโกศัย,8,เวียงโกศัย,5.0,0.0,5.0,0.0,5.0,0.0,0.0,Known
เวียงโกศัย,เวียงโกศัย,9,เวียงโกศัย,5.0,0.0,5.0,0.0,5.0,0.0,0.0,Known
เวียงโกศัย,เวียงโกศัย,10,เวียงโกศัย,5.0,5.0,0.0,0.0,5.0,100.0,0.0,Known
เวียงโกศัย,เวียงโกศัย,11,เวียงโกศัย,5.0,5.0,0.0,0.0,5.0,100.0,0.0,Known
เวียงโกศัย,เวียงโกศัย,12,เวียงโกศัย,5.0,5.0,0.0,0.0,5.0,100.0,0.0,Known
เอราวัณ,เอราวัณ,1,เอราวัณ,6.0,6.0,0.0,0.0,6.0,100.0,0.0,Known
เอราวัณ,เอราวัณ,2,เอราวัณ,6.0,6.0,0.0,0.0,6.0,100.0,0.0,Known
เอราวัณ,เอราวัณ,3,เอราวัณ,6.0,6.0,0.0,0.0,6.0,100.0,0.0,Known
เอราวัณ,เอราวัณ,4,เอราวัณ,6.0,6.0,0.0,0.0,6.0,100.0,0.0,Known
เอราวัณ,เอราวัณ,5,เอราวัณ,6.0,6.0,0.0,0.0,6.0,100.0,0.0,Known
เอราวัณ,เอราวัณ,6,เอราวัณ,6.0,6.0,0.0,0.0,6.0,100.0,0.0,Known
เอราวัณ,เอราวัณ,7,เอราวัณ,6.0,6.0,0.0,0.0,6.0,100.0,0.0,Known
เอราวัณ,เอราวัณ,8,เอราวัณ,6.0,6.0,0.0,0.0,6.0,100.0,0.0,Known
เอราวัณ,เอราวัณ,9,เอราวัณ,6.0,6.0,0.0,0.0,6.0,100.0,0.0,Known
เอราวัณ,เอราวัณ,10,เอราวัณ,6.0,6.0,0.0,0.0,6.0,100.0,0.0,Known
เอราวัณ,เอราวัณ,11,เอราวัณ,6.0,6.0,0.0,0.0,6.0,100.0,0.0,Known
เอราวัณ,เอราวัณ,12,เอราวัณ,6.0,6.0,0.0,0.0,6.0,100.0,0.0,Known
แก่งกระจาน,แก่งกระจาน,1,แก่งกระจาน,14.0,14.0,0.0,0.0,14.0,100.0,0.0,Known
แก่งกระจาน,แก่งกระจาน,2,แก่งกระจาน,14.0,14.0,0.0,0.0,14.0,100.0,0.0,Known
แก่งกระจาน,แก่งกระจาน,3,แก่งกระจาน,14.0,13.0,1.0,0.0,14.0,92.85714285714286,0.0,Known
แก่งกระจาน,แก่งกระจาน,4,แก่งกระจาน,14.0,13.0,1.0,0.0,14.0,92.85714285714286,0.0,Known
แก่งกระจาน,แก่งกระจาน,5,แก่งกระจาน,14.0,13.0,1.0,0.0,14.0,92.85714285714286,0.0,Known
แก่งกระจาน,แก่งกระจาน,6,แก่งกระจาน,14.0,13.0,1.0,0.0,14.0,92.85714285714286,0.0,Known
แก่งกระจาน,แก่งกระจาน,7,แก่งกระจาน,14.0,13.0,1.0,0.0,14.0,92.85714285714286,0.0,Known
แก่งกระจาน,แก่งกระจาน,8,แก่งกระจาน,14.0,10.0,4.0,0.0,14.0,71.42857142857143,0.0,Known
แก่งกระจาน,แก่งกระจาน,9,แก่งกระจาน,14.0,10.0,4.0,0.0,14.0,71.42857142857143,0.0,Known
แก่งกระจาน,แก่งกระจาน,10,แก่งกระจาน,14.0,10.0,4.0,0.0,14.0,71.42857142857143,0.0,Known
แก่งกระจาน,แก่งกระจาน,11,แก่งกระจาน,14.0,14.0,0.0,0.0,14.0,100.0,0.0,Known
แก่งกระจาน,แก่งกระจาน,12,แก่งกระจาน,14.0,14.0,0.0,0.0,14.0,100.0,0.0,Known
แก่งกรุง,แก่งกรุง,1,แก่งกรุง,6.0,6.0,0.0,0.0,6.0,100.0,0.0,Known
แก่งกรุง,แก่งกรุง,2,แก่งกรุง,6.0,6.0,0.0,0.0,6.0,100.0,0.0,Known
แก่งกรุง,แก่งกรุง,3,แก่งกรุง,6.0,6.0,0.0,0.0,6.0,100.0,0.0,Known
แก่งกรุง,แก่งกรุง,4,แก่งกรุง,6.0,6.0,0.0,0.0,6.0,100.0,0.0,Known
แก่งกรุง,แก่งกรุง,5,แก่งกรุง,6.0,6.0,0.0,0.0,6.0,100.0,0.0,Known
แก่งกรุง,แก่งกรุง,6,แก่งกรุง,6.0,6.0,0.0,0.0,6.0,100.0,0.0,Known
แก่งกรุง,แก่งกรุง,7,แก่งกรุง,6.0,6.0,0.0,0.0,6.0,100.0,0.0,Known
แก่งกรุง,แก่งกรุง,8,แก่งกรุง,6.0,6.0,0.0,0.0,6.0,100.0,0.0,Known
แก่งกรุง,แก่งกรุง,9,แก่งกรุง,6.0,6.0,0.0,0.0,6.0,100.0,0.0,Known
แก่งกรุง,แก่งกรุง,10,แก่งกรุง,6.0,0.0,6.0,0.0,6.0,0.0,0.0,Known
แก่งกรุง,แก่งกรุง,11,แก่งกรุง,6.0,0.0,6.0,0.0,6.0,0.0,0.0,Known
แก่งกรุง,แก่งกรุง,12,แก่งกรุง,6.0,0.0,6.0,0.0,6.0,0.0,0.0,Known
แก่งตะนะ,แก่งตะนะ,1,แก่งตะนะ,11.0,10.0,1.0,0.0,11.0,90.9090909090909,0.0,Known
แก่งตะนะ,แก่งตะนะ,2,แก่งตะนะ,11.0,10.0,1.0,0.0,11.0,90.9090909090909,0.0,Known
แก่งตะนะ,แก่งตะนะ,3,แก่งตะนะ,11.0,10.0,1.0,0.0,11.0,90.9090909090909,0.0,Known
แก่งตะนะ,แก่งตะนะ,4,แก่งตะนะ,11.0,10.0,1.0,0.0,11.0,90.9090909090909,0.0,Known
แก่งตะนะ,แก่งตะนะ,5,แก่งตะนะ,11.0,10.0,1.0,0.0,11.0,90.9090909090909,0.0,Known
แก่งตะนะ,แก่งตะนะ,6,แก่งตะนะ,11.0,10.0,1.0,0.0,11.0,90.9090909090909,0.0,Known
แก่งตะนะ,แก่งตะนะ,7,แก่งตะนะ,11.0,10.0,1.0,0.0,11.0,90.9090909090909,0.0,Known
แก่งตะนะ,แก่งตะนะ,8,แก่งตะนะ,11.0,11.0,0.0,0.0,11.0,100.0,0.0,Known
แก่งตะนะ,แก่งตะนะ,9,แก่งตะนะ,11.0,11.0,0.0,0.0,11.0,100.0,0.0,Known
แก่งตะนะ,แก่งตะนะ,10,แก่งตะนะ,11.0,11.0,0.0,0.0,11.0,100.0,0.0,Known
แก่งตะนะ,แก่งตะนะ,11,แก่งตะนะ,11.0,11.0,0.0,0.0,11.0,100.0,0.0,Known
แก่งตะนะ,แก่งตะนะ,12,แก่งตะนะ,11.0,11.0,0.0,0.0,11.0,100.0,0.0,Known
แก่งเจ็ดแคว,แควน้อย,1,แควน้อย,4.0,4.0,0.0,0.0,4.0,100.0,0.0,Known
แก่งเจ็ดแคว,แควน้อย,2,แควน้อย,4.0,4.0,0.0,0.0,4.0,100.0,0.0,Known
แก่งเจ็ดแคว,แควน้อย,3,แควน้อย,4.0,1.0,3.0,0.0,4.0,25.0,0.0,Known
แก่งเจ็ดแคว,แควน้อย,4,แควน้อย,4.0,1.0,3.0,0.0,4.0,25.0,0.0,Known
แก่งเจ็ดแคว,แควน้อย,5,แควน้อย,4.0,4.0,0.0,0.0,4.0,100.0,0.0,Known
แก่งเจ็ดแคว,แควน้อย,6,แควน้อย,4.0,4.0,0.0,0.0,4.0,100.0,0.0,Known
แก่งเจ็ดแคว,แควน้อย,7,แควน้อย,4.0,4.0,0.0,0.0,4.0,100.0,0.0,Known
แก่งเจ็ดแคว,แควน้อย,8,แควน้อย,4.0,3.0,1.0,0.0,4.0,75.0,0.0,Known
แก่งเจ็ดแคว,แควน้อย,9,แควน้อย,4.0,3.0,1.0,0.0,4.0,75.0,0.0,Known
แก่งเจ็ดแคว,แควน้อย,10,แควน้อย,4.0,3.0,1.0,0.0,4.0,75.0,0.0,Known
แก่งเจ็ดแคว,แควน้อย,11,แควน้อย,4.0,4.0,0.0,0.0,4.0,100.0,0.0,Known
แก่งเจ็ดแคว,แควน้อย,12,แควน้อย,4.0,4.0,0.0,0.0,4.0,100.0,0.0,Known
แจ้ซ้อน,แจ้ซ้อน,1,แจ้ซ้อน,9.0,9.0,0.0,0.0,9.0,100.0,0.0,Known
แจ้ซ้อน,แจ้ซ้อน,2,แจ้ซ้อน,9.0,9.0,0.0,0.0,9.0,100.0,0.0,Known
แจ้ซ้อน,แจ้ซ้อน,3,แจ้ซ้อน,9.0,9.0,0.0,0.0,9.0,100.0,0.0,Known
แจ้ซ้อน,แจ้ซ้อน,4,แจ้ซ้อน,9.0,9.0,0.0,0.0,9.0,100.0,0.0,Known
แจ้ซ้อน,แจ้ซ้อน,5,แจ้ซ้อน,9.0,9.0,0.0,0.0,9.0,100.0,0.0,Known
แจ้ซ้อน,แจ้ซ้อน,6,แจ้ซ้อน,9.0,9.0,0.0,0.0,9.0,100.0,0.0,Known
แจ้ซ้อน,แจ้ซ้อน,7,แจ้ซ้อน,9.0,9.0,0.0,0.0,9.0,100.0,0.0,Known
แจ้ซ้อน,แจ้ซ้อน,8,แจ้ซ้อน,9.0,6.0,3.0,0.0,9.0,66.66666666666666,0.0,Known
แจ้ซ้อน,แจ้ซ้อน,9,แจ้ซ้อน,9.0,6.0,3.0,0.0,9.0,66.66666666666666,0.0,Known
แจ้ซ้อน,แจ้ซ้อน,10,แจ้ซ้อน,9.0,6.0,3.0,0.0,9.0,66.66666666666666,0.0,Known
แจ้ซ้อน,แจ้ซ้อน,11,แจ้ซ้อน,9.0,9.0,0.0,0.0,9.0,100.0,0.0,Known
แจ้ซ้อน,แจ้ซ้อน,12,แจ้ซ้อน,9.0,9.0,0.0,0.0,9.0,100.0,0.0,Known
แม่จริม,แม่จริม,1,แม่จริม,5.0,5.0,0.0,0.0,5.0,100.0,0.0,Known
แม่จริม,แม่จริม,2,แม่จริม,5.0,5.0,0.0,0.0,5.0,100.0,0.0,Known
แม่จริม,แม่จริม,3,แม่จริม,5.0,4.0,1.0,0.0,5.0,80.0,0.0,Known
แม่จริม,แม่จริม,4,แม่จริม,5.0,4.0,1.0,0.0,5.0,80.0,0.0,Known
แม่จริม,แม่จริม,5,แม่จริม,5.0,4.0,1.0,0.0,5.0,80.0,0.0,Known
แม่จริม,แม่จริม,6,แม่จริม,5.0,4.0,1.0,0.0,5.0,80.0,0.0,Known
แม่จริม,แม่จริม,7,แม่จริม,5.0,3.0,2.0,0.0,5.0,60.0,0.0,Known
แม่จริม,แม่จริม,8,แม่จริม,5.0,3.0,2.0,0.0,5.0,60.0,0.0,Known
แม่จริม,แม่จริม,9,แม่จริม,5.0,3.0,2.0,0.0,5.0,60.0,0.0,Known
แม่จริม,แม่จริม,10,แม่จริม,5.0,5.0,0.0,0.0,5.0,100.0,0.0,Known
แม่จริม,แม่จริม,11,แม่จริม,5.0,5.0,0.0,0.0,5.0,100.0,0.0,Known
แม่จริม,แม่จริม,12,แม่จริม,5.0,5.0,0.0,0.0,5.0,100.0,0.0,Known
แม่ตะไคร้,แม่ตะไคร้,1,แม่ตะไคร้,10.0,10.0,0.0,0.0,10.0,100.0,0.0,Known
แม่ตะไคร้,แม่ตะไคร้,2,แม่ตะไคร้,10.0,10.0,0.0,0.0,10.0,100.0,0.0,Known
แม่ตะไคร้,แม่ตะไคร้,3,แม่ตะไคร้,10.0,10.0,0.0,0.0,10.0,100.0,0.0,Known
แม่ตะไคร้,แม่ตะไคร้,4,แม่ตะไคร้,10.0,10.0,0.0,0.0,10.0,100.0,0.0,Known
แม่ตะไคร้,แม่ตะไคร้,5,แม่ตะไคร้,10.0,10.0,0.0,0.0,10.0,100.0,0.0,Known
แม่ตะไคร้,แม่ตะไคร้,6,แม่ตะไคร้,10.0,9.0,1.0,0.0,10.0,90.0,0.0,Known
แม่ตะไคร้,แม่ตะไคร้,7,แม่ตะไคร้,10.0,3.0,7.0,0.0,10.0,30.0,0.0,Known
แม่ตะไคร้,แม่ตะไคร้,8,แม่ตะไคร้,10.0,3.0,7.0,0.0,10.0,30.0,0.0,Known
แม่ตะไคร้,แม่ตะไคร้,9,แม่ตะไคร้,10.0,3.0,7.0,0.0,10.0,30.0,0.0,Known
แม่ตะไคร้,แม่ตะไคร้,10,แม่ตะไคร้,10.0,3.0,7.0,0.0,10.0,30.0,0.0,Known
แม่ตะไคร้,แม่ตะไคร้,11,แม่ตะไคร้,10.0,10.0,0.0,0.0,10.0,100.0,0.0,Known
แม่ตะไคร้,แม่ตะไคร้,12,แม่ตะไคร้,10.0,10.0,0.0,0.0,10.0,100.0,0.0,Known
แม่ปิง,แม่ปิง,1,แม่ปิง,8.0,8.0,0.0,0.0,8.0,100.0,0.0,Known
แม่ปิง,แม่ปิง,2,แม่ปิง,8.0,8.0,0.0,0.0,8.0,100.0,0.0,Known
แม่ปิง,แม่ปิง,3,แม่ปิง,8.0,5.0,3.0,0.0,8.0,62.5,0.0,Known
แม่ปิง,แม่ปิง,4,แม่ปิง,8.0,5.0,3.0,0.0,8.0,62.5,0.0,Known
แม่ปิง,แม่ปิง,5,แม่ปิง,8.0,8.0,0.0,0.0,8.0,100.0,0.0,Known
แม่ปิง,แม่ปิง,6,แม่ปิง,8.0,8.0,0.0,0.0,8.0,100.0,0.0,Known
แม่ปิง,แม่ปิง,7,แม่ปิง,8.0,6.0,2.0,0.0,8.0,75.0,0.0,Known
แม่ปิง,แม่ปิง,8,แม่ปิง,8.0,6.0,2.0,0.0,8.0,75.0,0.0,Known
แม่ปิง,แม่ปิง,9,แม่ปิง,8.0,6.0,2.0,0.0,8.0,75.0,0.0,Known
แม่ปิง,แม่ปิง,10,แม่ปิง,8.0,8.0,0.0,0.0,8.0,100.0,0.0,Known
แม่ปิง,แม่ปิง,11,แม่ปิง,8.0,8.0,0.0,0.0,8.0,100.0,0.0,Known
แม่ปิง,แม่ปิง,12,แม่ปิง,8.0,8.0,0.0,0.0,8.0,100.0,0.0,Known
แม่ปืม,แม่ปืม,1,แม่ปืม,8.0,8.0,0.0,0.0,8.0,100.0,0.0,Known
แม่ปืม,แม่ปืม,2,แม่ปืม,8.0,0.0,8.0,0.0,8.0,0.0,0.0,Known
แม่ปืม,แม่ปืม,3,แม่ปืม,8.0,0.0,8.0,0.0,8.0,0.0,0.0,Known
แม่ปืม,แม่ปืม,4,แม่ปืม,8.0,8.0,0.0,0.0,8.0,100.0,0.0,Known
แม่ปืม,แม่ปืม,5,แม่ปืม,8.0,8.0,0.0,0.0,8.0,100.0,0.0,Known
แม่ปืม,แม่ปืม,6,แม่ปืม,8.0,8.0,0.0,0.0,8.0,100.0,0.0,Known
แม่ปืม,แม่ปืม,7,แม่ปืม,8.0,8.0,0.0,0.0,8.0,100.0,0.0,Known
แม่ปืม,แม่ปืม,8,แม่ปืม,8.0,8.0,0.0,0.0,8.0,100.0,0.0,Known
แม่ปืม,แม่ปืม,9,แม่ปืม,8.0,8.0,0.0,0.0,8.0,100.0,0.0,Known
แม่ปืม,แม่ปืม,10,แม่ปืม,8.0,8.0,0.0,0.0,8.0,100.0,0.0,Known
แม่ปืม,แม่ปืม,11,แม่ปืม,8.0,8.0,0.0,0.0,8.0,100.0,0.0,Known
แม่ปืม,แม่ปืม,12,แม่ปืม,8.0,8.0,0.0,0.0,8.0,100.0,0.0,Known
แม่ยม,แม่ยม,1,แม่ยม,4.0,4.0,0.0,0.0,4.0,100.0,0.0,Known
แม่ยม,แม่ยม,2,แม่ยม,4.0,4.0,0.0,0.0,4.0,100.0,0.0,Known
แม่ยม,แม่ยม,3,แม่ยม,4.0,3.0,1.0,0.0,4.0,75.0,0.0,Known
แม่ยม,แม่ยม,4,แม่ยม,4.0,3.0,1.0,0.0,4.0,75.0,0.0,Known
แม่ยม,แม่ยม,5,แม่ยม,4.0,3.0,1.0,0.0,4.0,75.0,0.0,Known
แม่ยม,แม่ยม,6,แม่ยม,4.0,1.0,3.0,0.0,4.0,25.0,0.0,Known
แม่ยม,แม่ยม,7,แม่ยม,4.0,2.0,2.0,0.0,4.0,50.0,0.0,Known
แม่ยม,แม่ยม,8,แม่ยม,4.0,2.0,2.0,0.0,4.0,50.0,0.0,Known
แม่ยม,แม่ยม,9,แม่ยม,4.0,2.0,2.0,0.0,4.0,50.0,0.0,Known
แม่ยม,แม่ยม,10,แม่ยม,4.0,4.0,0.0,0.0,4.0,100.0,0.0,Known
แม่ยม,แม่ยม,11,แม่ยม,4.0,4.0,0.0,0.0,4.0,100.0,0.0,Known
แม่ยม,แม่ยม,12,แม่ยม,4.0,4.0,0.0,0.0,4.0,100.0,0.0,Known
แม่วงก์,แม่วงก์,1,แม่วงก์,18.0,17.0,1.0,0.0,18.0,94.44444444444444,0.0,Known
แม่วงก์,แม่วงก์,2,แม่วงก์,18.0,17.0,1.0,0.0,18.0,94.44444444444444,0.0,Known
แม่วงก์,แม่วงก์,3,แม่วงก์,18.0,13.0,5.0,0.0,18.0,72.22222222222221,0.0,Known
แม่วงก์,แม่วงก์,4,แม่วงก์,18.0,13.0,5.0,0.0,18.0,72.22222222222221,0.0,Known
แม่วงก์,แม่วงก์,5,แม่วงก์,18.0,13.0,5.0,0.0,18.0,72.22222222222221,0.0,Known
แม่วงก์,แม่วงก์,6,แม่วงก์,18.0,13.0,5.0,0.0,18.0,72.22222222222221,0.0,Known
แม่วงก์,แม่วงก์,7,แม่วงก์,18.0,13.0,5.0,0.0,18.0,72.22222222222221,0.0,Known
แม่วงก์,แม่วงก์,8,แม่วงก์,18.0,13.0,5.0,0.0,18.0,72.22222222222221,0.0,Known
แม่วงก์,แม่วงก์,9,แม่วงก์,18.0,13.0,5.0,0.0,18.0,72.22222222222221,0.0,Known
แม่วงก์,แม่วงก์,10,แม่วงก์,18.0,13.0,5.0,0.0,18.0,72.22222222222221,0.0,Known
แม่วงก์,แม่วงก์,11,แม่วงก์,18.0,17.0,1.0,0.0,18.0,94.44444444444444,0.0,Known
แม่วงก์,แม่วงก์,12,แม่วงก์,18.0,17.0,1.0,0.0,18.0,94.44444444444444,0.0,Known
แม่วะ,แม่วะ,1,แม่วะ,11.0,7.0,0.0,4.0,7.0,100.0,36.36363636363637,Known
แม่วะ,แม่วะ,2,แม่วะ,11.0,5.0,2.0,4.0,7.0,71.42857142857143,36.36363636363637,Known
แม่วะ,แม่วะ,3,แม่วะ,11.0,5.0,2.0,4.0,7.0,71.42857142857143,36.36363636363637,Known
แม่วะ,แม่วะ,4,แม่วะ,11.0,5.0,2.0,4.0,7.0,71.42857142857143,36.36363636363637,Known
แม่วะ,แม่วะ,5,แม่วะ,11.0,7.0,0.0,4.0,7.0,100.0,36.36363636363637,Known
แม่วะ,แม่วะ,6,แม่วะ,11.0,7.0,0.0,4.0,7.0,100.0,36.36363636363637,Known
แม่วะ,แม่วะ,7,แม่วะ,11.0,7.0,0.0,4.0,7.0,100.0,36.36363636363637,Known
แม่วะ,แม่วะ,8,แม่วะ,11.0,7.0,0.0,4.0,7.0,100.0,36.36363636363637,Known
แม่วะ,แม่วะ,9,แม่วะ,11.0,7.0,0.0,4.0,7.0,100.0,36.36363636363637,Known
แม่วะ,แม่วะ,10,แม่วะ,11.0,7.0,0.0,4.0,7.0,100.0,36.36363636363637,Known
แม่วะ,แม่วะ,11,แม่วะ,11.0,7.0,0.0,4.0,7.0,100.0,36.36363636363637,Known
แม่วะ,แม่วะ,12,แม่วะ,11.0,7.0,0.0,4.0,7.0,100.0,36.36363636363637,Known
แม่วาง,แม่วาง,1,แม่วาง,3.0,2.0,0.0,1.0,2.0,100.0,33.33333333333333,Known
แม่วาง,แม่วาง,2,แม่วาง,3.0,2.0,0.0,1.0,2.0,100.0,33.33333333333333,Known
แม่วาง,แม่วาง,3,แม่วาง,3.0,0.0,2.0,1.0,2.0,0.0,33.33333333333333,Known
แม่วาง,แม่วาง,4,แม่วาง,3.0,0.0,2.0,1.0,2.0,0.0,33.33333333333333,Known
แม่วาง,แม่วาง,5,แม่วาง,3.0,1.0,1.0,1.0,2.0,50.0,33.33333333333333,Known
แม่วาง,แม่วาง,6,แม่วาง,3.0,1.0,1.0,1.0,2.0,50.0,33.33333333333333,Known
แม่วาง,แม่วาง,7,แม่วาง,3.0,1.0,1.0,1.0,2.0,50.0,33.33333333333333,Known
แม่วาง,แม่วาง,8,แม่วาง,3.0,1.0,1.0,1.0,2.0,50.0,33.33333333333333,Known
แม่วาง,แม่วาง,9,แม่วาง,3.0,1.0,1.0,1.0,2.0,50.0,33.33333333333333,Known
แม่วาง,แม่วาง,10,แม่วาง,3.0,1.0,1.0,1.0,2.0,50.0,33.33333333333333,Known
แม่วาง,แม่วาง,11,แม่วาง,3.0,1.0,1.0,1.0,2.0,50.0,33.33333333333333,Known
แม่วาง,แม่วาง,12,แม่วาง,3.0,2.0,0.0,1.0,2.0,100.0,33.33333333333333,Known
แม่เงา,แม่เงา,1,แม่เงา,6.0,6.0,0.0,0.0,6.0,100.0,0.0,Known
แม่เงา,แม่เงา,2,แม่เงา,6.0,6.0,0.0,0.0,6.0,100.0,0.0,Known
แม่เงา,แม่เงา,3,แม่เงา,6.0,6.0,0.0,0.0,6.0,100.0,0.0,Known
แม่เงา,แม่เงา,4,แม่เงา,6.0,6.0,0.0,0.0,6.0,100.0,0.0,Known
แม่เงา,แม่เงา,5,แม่เงา,6.0,6.0,0.0,0.0,6.0,100.0,0.0,Known
แม่เงา,แม่เงา,6,แม่เงา,6.0,0.0,6.0,0.0,6.0,0.0,0.0,Known
แม่เงา,แม่เงา,7,แม่เงา,6.0,0.0,6.0,0.0,6.0,0.0,0.0,Known
แม่เงา,แม่เงา,8,แม่เงา,6.0,0.0,6.0,0.0,6.0,0.0,0.0,Known
แม่เงา,แม่เงา,9,แม่เงา,6.0,0.0,6.0,0.0,6.0,0.0,0.0,Known
แม่เงา,แม่เงา,10,แม่เงา,6.0,6.0,0.0,0.0,6.0,100.0,0.0,Known
แม่เงา,แม่เงา,11,แม่เงา,6.0,6.0,0.0,0.0,6.0,100.0,0.0,Known
แม่เงา,แม่เงา,12,แม่เงา,6.0,6.0,0.0,0.0,6.0,100.0,0.0,Known
แม่เมย,แม่เมย,1,แม่เมย,12.0,12.0,0.0,0.0,12.0,100.0,0.0,Known
แม่เมย,แม่เมย,2,แม่เมย,12.0,12.0,0.0,0.0,12.0,100.0,0.0,Known
แม่เมย,แม่เมย,3,แม่เมย,12.0,12.0,0.0,0.0,12.0,100.0,0.0,Known
แม่เมย,แม่เมย,4,แม่เมย,12.0,12.0,0.0,0.0,12.0,100.0,0.0,Known
แม่เมย,แม่เมย,5,แม่เมย,12.0,12.0,0.0,0.0,12.0,100.0,0.0,Known
แม่เมย,แม่เมย,6,แม่เมย,12.0,11.0,1.0,0.0,12.0,91.66666666666666,0.0,Known
แม่เมย,แม่เมย,7,แม่เมย,12.0,11.0,1.0,0.0,12.0,91.66666666666666,0.0,Known
แม่เมย,แม่เมย,8,แม่เมย,12.0,11.0,1.0,0.0,12.0,91.66666666666666,0.0,Known
แม่เมย,แม่เมย,9,แม่เมย,12.0,11.0,1.0,0.0,12.0,91.66666666666666,0.0,Known
แม่เมย,แม่เมย,10,แม่เมย,12.0,11.0,1.0,0.0,12.0,91.66666666666666,0.0,Known
แม่เมย,แม่เมย,11,แม่เมย,12.0,12.0,0.0,0.0,12.0,100.0,0.0,Known
แม่เมย,แม่เมย,12,แม่เมย,12.0,12.0,0.0,0.0,12.0,100.0,0.0,Known
แม่โถ,แม่โถ,1,แม่โถ,4.0,4.0,0.0,0.0,4.0,100.0,0.0,Known
แม่โถ,แม่โถ,2,แม่โถ,4.0,4.0,0.0,0.0,4.0,100.0,0.0,Known
แม่โถ,แม่โถ,3,แม่โถ,4.0,4.0,0.0,0.0,4.0,100.0,0.0,Known
แม่โถ,แม่โถ,4,แม่โถ,4.0,4.0,0.0,0.0,4.0,100.0,0.0,Known
แม่โถ,แม่โถ,5,แม่โถ,4.0,4.0,0.0,0.0,4.0,100.0,0.0,Known
แม่โถ,แม่โถ,6,แม่โถ,4.0,0.0,4.0,0.0,4.0,0.0,0.0,Known
แม่โถ,แม่โถ,7,แม่โถ,4.0,0.0,4.0,0.0,4.0,0.0,0.0,Known
แม่โถ,แม่โถ,8,แม่โถ,4.0,0.0,4.0,0.0,4.0,0.0,0.0,Known
แม่โถ,แม่โถ,9,แม่โถ,4.0,0.0,4.0,0.0,4.0,0.0,0.0,Known
แม่โถ,แม่โถ,10,แม่โถ,4.0,4.0,0.0,0.0,4.0,100.0,0.0,Known
แม่โถ,แม่โถ,11,แม่โถ,4.0,4.0,0.0,0.0,4.0,100.0,0.0,Known
แม่โถ,แม่โถ,12,แม่โถ,4.0,4.0,0.0,0.0,4.0,100.0,0.0,Known
แหลมสน,แหลมสน,1,แหลมสน,3.0,3.0,0.0,0.0,3.0,100.0,0.0,Known
แหลมสน,แหลมสน,2,แหลมสน,3.0,3.0,0.0,0.0,3.0,100.0,0.0,Known
แหลมสน,แหลมสน,3,แหลมสน,3.0,3.0,0.0,0.0,3.0,100.0,0.0,Known
แหลมสน,แหลมสน,4,แหลมสน,3.0,3.0,0.0,0.0,3.0,100.0,0.0,Known
แหลมสน,แหลมสน,5,แหลมสน,3.0,0.0,3.0,0.0,3.0,0.0,0.0,Known
แหลมสน,แหลมสน,6,แหลมสน,3.0,0.0,3.0,0.0,3.0,0.0,0.0,Known
แหลมสน,แหลมสน,7,แหลมสน,3.0,0.0,3.0,0.0,3.0,0.0,0.0,Known
แหลมสน,แหลมสน,8,แหลมสน,3.0,0.0,3.0,0.0,3.0,0.0,0.0,Known
แหลมสน,แหลมสน,9,แหลมสน,3.0,0.0,3.0,0.0,3.0,0.0,0.0,Known
แหลมสน,แหลมสน,10,แหลมสน,3.0,0.0,3.0,0.0,3.0,0.0,0.0,Known
แหลมสน,แหลมสน,11,แหลมสน,3.0,3.0,0.0,0.0,3.0,100.0,0.0,Known
แหลมสน,แหลมสน,12,แหลมสน,3.0,3.0,0.0,0.0,3.0,100.0,0.0,Known
ใต้ร่มเย็น,ใต้ร่มเย็น,1,ใต้ร่มเย็น,11.0,10.0,0.0,1.0,10.0,100.0,9.090909090909092,Known
ใต้ร่มเย็น,ใต้ร่มเย็น,2,ใต้ร่มเย็น,11.0,10.0,0.0,1.0,10.0,100.0,9.090909090909092,Known
ใต้ร่มเย็น,ใต้ร่มเย็น,3,ใต้ร่มเย็น,11.0,10.0,0.0,1.0,10.0,100.0,9.090909090909092,Known
ใต้ร่มเย็น,ใต้ร่มเย็น,4,ใต้ร่มเย็น,11.0,10.0,0.0,1.0,10.0,100.0,9.090909090909092,Known
ใต้ร่มเย็น,ใต้ร่มเย็น,5,ใต้ร่มเย็น,11.0,10.0,0.0,1.0,10.0,100.0,9.090909090909092,Known
ใต้ร่มเย็น,ใต้ร่มเย็น,6,ใต้ร่มเย็น,11.0,10.0,0.0,1.0,10.0,100.0,9.090909090909092,Known
ใต้ร่มเย็น,ใต้ร่มเย็น,7,ใต้ร่มเย็น,11.0,10.0,0.0,1.0,10.0,100.0,9.090909090909092,Known
ใต้ร่มเย็น,ใต้ร่มเย็น,8,ใต้ร่มเย็น,11.0,10.0,0.0,1.0,10.0,100.0,9.090909090909092,Known
ใต้ร่มเย็น,ใต้ร่มเย็น,9,ใต้ร่มเย็น,11.0,10.0,0.0,1.0,10.0,100.0,9.090909090909092,Known
ใต้ร่มเย็น,ใต้ร่มเย็น,10,ใต้ร่มเย็น,11.0,3.0,7.0,1.0,10.0,30.0,9.090909090909092,Known
ใต้ร่มเย็น,ใต้ร่มเย็น,11,ใต้ร่มเย็น,11.0,3.0,7.0,1.0,10.0,30.0,9.090909090909092,Known
ใต้ร่มเย็น,ใต้ร่มเย็น,12,ใต้ร่มเย็น,11.0,3.0,7.0,1.0,10.0,30.0,9.090909090909092,Known
ไทรทอง,ไทรทอง,1,ไทรทอง,9.0,9.0,0.0,0.0,9.0,100.0,0.0,Known
ไทรทอง,ไทรทอง,2,ไทรทอง,9.0,1.0,8.0,0.0,9.0,11.11111111111111,0.0,Known
ไทรทอง,ไทรทอง,3,ไทรทอง,9.0,1.0,8.0,0.0,9.0,11.11111111111111,0.0,Known
ไทรทอง,ไทรทอง,4,ไทรทอง,9.0,1.0,8.0,0.0,9.0,11.11111111111111,0.0,Known
ไทรทอง,ไทรทอง,5,ไทรทอง,9.0,9.0,0.0,0.0,9.0,100.0,0.0,Known
ไทรทอง,ไทรทอง,6,ไทรทอง,9.0,9.0,0.0,0.0,9.0,100.0,0.0,Known
ไทรทอง,ไทรทอง,7,ไทรทอง,9.0,9.0,0.0,0.0,9.0,100.0,0.0,Known
ไทรทอง,ไทรทอง,8,ไทรทอง,9.0,9.0,0.0,0.0,9.0,100.0,0.0,Known
ไทรทอง,ไทรทอง,9,ไทรทอง,9.0,9.0,0.0,0.0,9.0,100.0,0.0,Known
ไทรทอง,ไทรทอง,10,ไทรทอง,9.0,9.0,0.0,0.0,9.0,100.0,0.0,Known
ไทรทอง,ไทรทอง,11,ไทรทอง,9.0,9.0,0.0,0.0,9.0,100.0,0.0,Known
ไทรทอง,ไทรทอง,12,ไทรทอง,9.0,9.0,0.0,0.0,9.0,100.0,0.0,Known
ไทรโยค,ไทรโยค,1,ไทรโยค,11.0,10.0,0.0,1.0,10.0,100.0,9.090909090909092,Known
ไทรโยค,ไทรโยค,2,ไทรโยค,11.0,10.0,0.0,1.0,10.0,100.0,9.090909090909092,Known
ไทรโยค,ไทรโยค,3,ไทรโยค,11.0,10.0,0.0,1.0,10.0,100.0,9.090909090909092,Known
ไทรโยค,ไทรโยค,4,ไทรโยค,11.0,10.0,0.0,1.0,10.0,100.0,9.090909090909092,Known
ไทรโยค,ไทรโยค,5,ไทรโยค,11.0,10.0,0.0,1.0,10.0,100.0,9.090909090909092,Known
ไทรโยค,ไทรโยค,6,ไทรโยค,11.0,10.0,0.0,1.0,10.0,100.0,9.090909090909092,Known
ไทรโยค,ไทรโยค,7,ไทรโยค,11.0,10.0,0.0,1.0,10.0,100.0,9.090909090909092,Known
ไทรโยค,ไทรโยค,8,ไทรโยค,11.0,10.0,0.0,1.0,10.0,100.0,9.090909090909092,Known
ไทรโยค,ไทรโยค,9,ไทรโยค,11.0,10.0,0.0,1.0,10.0,100.0,9.090909090909092,Known
ไทรโยค,ไทรโยค,10,ไทรโยค,11.0,10.0,0.0,1.0,10.0,100.0,9.090909090909092,Known
ไทรโยค,ไทรโยค,11,ไทรโยค,11.0,10.0,0.0,1.0,10.0,100.0,9.090909090909092,Known
ไทรโยค,ไทรโยค,12,ไทรโยค,11.0,10.0,0.0,1.0,10.0,100.0,9.090909090909092,Known
ต้นสักใหญ่ (คลองตรอน),ต้นสักใหญ่,1,ต้นสักใหญ่,5.0,5.0,0.0,0.0,5.0,100.0,0.0,Known
ต้นสักใหญ่ (คลองตรอน),ต้นสักใหญ่,2,ต้นสักใหญ่,5.0,4.0,1.0,0.0,5.0,80.0,0.0,Known
ต้นสักใหญ่ (คลองตรอน),ต้นสักใหญ่,3,ต้นสักใหญ่,5.0,4.0,1.0,0.0,5.0,80.0,0.0,Known
ต้นสักใหญ่ (คลองตรอน),ต้นสักใหญ่,4,ต้นสักใหญ่,5.0,4.0,1.0,0.0,5.0,80.0,0.0,Known
ต้นสักใหญ่ (คลองตรอน),ต้นสักใหญ่,5,ต้นสักใหญ่,5.0,2.0,3.0,0.0,5.0,40.0,0.0,Known
ต้นสักใหญ่ (คลองตรอน),ต้นสักใหญ่,6,ต้นสักใหญ่,5.0,2.0,3.0,0.0,5.0,40.0,0.0,Known
ต้นสักใหญ่ (คลองตรอน),ต้นสักใหญ่,7,ต้นสักใหญ่,5.0,2.0,3.0,0.0,5.0,40.0,0.0,Known
ต้นสักใหญ่ (คลองตรอน),ต้นสักใหญ่,8,ต้นสักใหญ่,5.0,2.0,3.0,0.0,5.0,40.0,0.0,Known
ต้นสักใหญ่ (คลองตรอน),ต้นสักใหญ่,9,ต้นสักใหญ่,5.0,2.0,3.0,0.0,5.0,40.0,0.0,Known
ต้นสักใหญ่ (คลองตรอน),ต้นสักใหญ่,10,ต้นสักใหญ่,5.0,4.0,1.0,0.0,5.0,80.0,0.0,Known
ต้นสักใหญ่ (คลองตรอน),ต้นสักใหญ่,11,ต้นสักใหญ่,5.0,5.0,0.0,0.0,5.0,100.0,0.0,Known
ต้นสักใหญ่ (คลองตรอน),ต้นสักใหญ่,12,ต้นสักใหญ่,5.0,5.0,0.0,0.0,5.0,100.0,0.0,Known
น้ำตกบัวตอง-น้ำพุเจ็ดสี,น้ำตกบัวตอง-น้ำพุเจ็ดสี,1,น้ำตกบัวตอง-น้ำพุเจ็ดสี,3.0,3.0,0.0,0.0,3.0,100.0,0.0,Known
น้ำตกบัวตอง-น้ำพุเจ็ดสี,น้ำตกบัวตอง-น้ำพุเจ็ดสี,2,น้ำตกบัวตอง-น้ำพุเจ็ดสี,3.0,3.0,0.0,0.0,3.0,100.0,0.0,Known
น้ำตกบัวตอง-น้ำพุเจ็ดสี,น้ำตกบัวตอง-น้ำพุเจ็ดสี,3,น้ำตกบัวตอง-น้ำพุเจ็ดสี,3.0,3.0,0.0,0.0,3.0,100.0,0.0,Known
น้ำตกบัวตอง-น้ำพุเจ็ดสี,น้ำตกบัวตอง-น้ำพุเจ็ดสี,4,น้ำตกบัวตอง-น้ำพุเจ็ดสี,3.0,3.0,0.0,0.0,3.0,100.0,0.0,Known
น้ำตกบัวตอง-น้ำพุเจ็ดสี,น้ำตกบัวตอง-น้ำพุเจ็ดสี,5,น้ำตกบัวตอง-น้ำพุเจ็ดสี,3.0,3.0,0.0,0.0,3.0,100.0,0.0,Known
น้ำตกบัวตอง-น้ำพุเจ็ดสี,น้ำตกบัวตอง-น้ำพุเจ็ดสี,6,น้ำตกบัวตอง-น้ำพุเจ็ดสี,3.0,3.0,0.0,0.0,3.0,100.0,0.0,Known
น้ำตกบัวตอง-น้ำพุเจ็ดสี,น้ำตกบัวตอง-น้ำพุเจ็ดสี,7,น้ำตกบัวตอง-น้ำพุเจ็ดสี,3.0,3.0,0.0,0.0,3.0,100.0,0.0,Known
น้ำตกบัวตอง-น้ำพุเจ็ดสี,น้ำตกบัวตอง-น้ำพุเจ็ดสี,8,น้ำตกบัวตอง-น้ำพุเจ็ดสี,3.0,3.0,0.0,0.0,3.0,100.0,0.0,Known
น้ำตกบัวตอง-น้ำพุเจ็ดสี,น้ำตกบัวตอง-น้ำพุเจ็ดสี,9,น้ำตกบัวตอง-น้ำพุเจ็ดสี,3.0,3.0,0.0,0.0,3.0,100.0,0.0,Known
น้ำตกบัวตอง-น้ำพุเจ็ดสี,น้ำตกบัวตอง-น้ำพุเจ็ดสี,10,น้ำตกบัวตอง-น้ำพุเจ็ดสี,3.0,3.0,0.0,0.0,3.0,100.0,0.0,Known
น้ำตกบัวตอง-น้ำพุเจ็ดสี,น้ำตกบัวตอง-น้ำพุเจ็ดสี,11,น้ำตกบัวตอง-น้ำพุเจ็ดสี,3.0,3.0,0.0,0.0,3.0,100.0,0.0,Known
น้ำตกบัวตอง-น้ำพุเจ็ดสี,น้ำตกบัวตอง-น้ำพุเจ็ดสี,12,น้ำตกบัวตอง-น้ำพุเจ็ดสี,3.0,3.0,0.0,0.0,3.0,100.0,0.0,Known
ผาแดง (เชียงดาว),ผาแดง,1,ผาแดง,10.0,8.0,0.0,2.0,8.0,100.0,20.0,Known
ผาแดง (เชียงดาว),ผาแดง,2,ผาแดง,10.0,8.0,0.0,2.0,8.0,100.0,20.0,Known
ผาแดง (เชียงดาว),ผาแดง,3,ผาแดง,10.0,7.0,1.0,2.0,8.0,87.5,20.0,Known
ผาแดง (เชียงดาว),ผาแดง,4,ผาแดง,10.0,7.0,1.0,2.0,8.0,87.5,20.0,Known
ผาแดง (เชียงดาว),ผาแดง,5,ผาแดง,10.0,7.0,1.0,2.0,8.0,87.5,20.0,Known
ผาแดง (เชียงดาว),ผาแดง,6,ผาแดง,10.0,7.0,1.0,2.0,8.0,87.5,20.0,Known
ผาแดง (เชียงดาว),ผาแดง,7,ผาแดง,10.0,6.0,2.0,2.0,8.0,75.0,20.0,Known
ผาแดง (เชียงดาว),ผาแดง,8,ผาแดง,10.0,6.0,2.0,2.0,8.0,75.0,20.0,Known
ผาแดง (เชียงดาว),ผาแดง,9,ผาแดง,10.0,6.0,2.0,2.0,8.0,75.0,20.0,Known
ผาแดง (เชียงดาว),ผาแดง,10,ผาแดง,10.0,6.0,2.0,2.0,8.0,75.0,20.0,Known
ผาแดง (เชียงดาว),ผาแดง,11,ผาแดง,10.0,8.0,0.0,2.0,8.0,100.0,20.0,Known
ผาแดง (เชียงดาว),ผาแดง,12,ผาแดง,10.0,8.0,0.0,2.0,8.0,100.0,20.0,Known
ภูชี้ฟ้า,ภูชี้ฟ้า,1,ภูชี้ฟ้า,1.0,1.0,0.0,0.0,1.0,100.0,0.0,Known
ภูชี้ฟ้า,ภูชี้ฟ้า,2,ภูชี้ฟ้า,1.0,1.0,0.0,0.0,1.0,100.0,0.0,Known
ภูชี้ฟ้า,ภูชี้ฟ้า,3,ภูชี้ฟ้า,1.0,1.0,0.0,0.0,1.0,100.0,0.0,Known
ภูชี้ฟ้า,ภูชี้ฟ้า,4,ภูชี้ฟ้า,1.0,1.0,0.0,0.0,1.0,100.0,0.0,Known
ภูชี้ฟ้า,ภูชี้ฟ้า,5,ภูชี้ฟ้า,1.0,1.0,0.0,0.0,1.0,100.0,0.0,Known
ภูชี้ฟ้า,ภูชี้ฟ้า,6,ภูชี้ฟ้า,1.0,1.0,0.0,0.0,1.0,100.0,0.0,Known
ภูชี้ฟ้า,ภูชี้ฟ้า,7,ภูชี้ฟ้า,1.0,0.0,1.0,0.0,1.0,0.0,0.0,Known
ภูชี้ฟ้า,ภูชี้ฟ้า,8,ภูชี้ฟ้า,1.0,0.0,1.0,0.0,1.0,0.0,0.0,Known
ภูชี้ฟ้า,ภูชี้ฟ้า,9,ภูชี้ฟ้า,1.0,1.0,0.0,0.0,1.0,100.0,0.0,Known
ภูชี้ฟ้า,ภูชี้ฟ้า,10,ภูชี้ฟ้า,1.0,1.0,0.0,0.0,1.0,100.0,0.0,Known
ภูชี้ฟ้า,ภูชี้ฟ้า,11,ภูชี้ฟ้า,1.0,1.0,0.0,0.0,1.0,100.0,0.0,Known
ภูชี้ฟ้า,ภูชี้ฟ้า,12,ภูชี้ฟ้า,1.0,1.0,0.0,0.0,1.0,100.0,0.0,Known
ภูผายา,ภูหินจอมธาตุ-ภูพระบาท,1,ภูหินจอมธาตุ-ภูพระบาท,7.0,7.0,0.0,0.0,7.0,100.0,0.0,Known
ภูผายา,ภูหินจอมธาตุ-ภูพระบาท,2,ภูหินจอมธาตุ-ภูพระบาท,7.0,7.0,0.0,0.0,7.0,100.0,0.0,Known
ภูผายา,ภูหินจอมธาตุ-ภูพระบาท,3,ภูหินจอมธาตุ-ภูพระบาท,7.0,6.0,1.0,0.0,7.0,85.71428571428571,0.0,Known
ภูผายา,ภูหินจอมธาตุ-ภูพระบาท,4,ภูหินจอมธาตุ-ภูพระบาท,7.0,6.0,1.0,0.0,7.0,85.71428571428571,0.0,Known
ภูผายา,ภูหินจอมธาตุ-ภูพระบาท,5,ภูหินจอมธาตุ-ภูพระบาท,7.0,7.0,0.0,0.0,7.0,100.0,0.0,Known
ภูผายา,ภูหินจอมธาตุ-ภูพระบาท,6,ภูหินจอมธาตุ-ภูพระบาท,7.0,7.0,0.0,0.0,7.0,100.0,0.0,Known
ภูผายา,ภูหินจอมธาตุ-ภูพระบาท,7,ภูหินจอมธาตุ-ภูพระบาท,7.0,7.0,0.0,0.0,7.0,100.0,0.0,Known
ภูผายา,ภูหินจอมธาตุ-ภูพระบาท,8,ภูหินจอมธาตุ-ภูพระบาท,7.0,1.0,6.0,0.0,7.0,14.285714285714285,0.0,Known
ภูผายา,ภูหินจอมธาตุ-ภูพระบาท,9,ภูหินจอมธาตุ-ภูพระบาท,7.0,1.0,6.0,0.0,7.0,14.285714285714285,0.0,Known
ภูผายา,ภูหินจอมธาตุ-ภูพระบาท,10,ภูหินจอมธาตุ-ภูพระบาท,7.0,7.0,0.0,0.0,7.0,100.0,0.0,Known
ภูผายา,ภูหินจอมธาตุ-ภูพระบาท,11,ภูหินจอมธาตุ-ภูพระบาท,7.0,7.0,0.0,0.0,7.0,100.0,0.0,Known
ภูผายา,ภูหินจอมธาตุ-ภูพระบาท,12,ภูหินจอมธาตุ-ภูพระบาท,7.0,7.0,0.0,0.0,7.0,100.0,0.0,Known
ภูผาเทิบ (มุกดาหาร),ภูผาเทิบ,1,ภูผาเทิบ,13.0,13.0,0.0,0.0,13.0,100.0,0.0,Known
ภูผาเทิบ (มุกดาหาร),ภูผาเทิบ,2,ภูผาเทิบ,13.0,13.0,0.0,0.0,13.0,100.0,0.0,Known
ภูผาเทิบ (มุกดาหาร),ภูผาเทิบ,3,ภูผาเทิบ,13.0,13.0,0.0,0.0,13.0,100.0,0.0,Known
ภูผาเทิบ (มุกดาหาร),ภูผาเทิบ,4,ภูผาเทิบ,13.0,13.0,0.0,0.0,13.0,100.0,0.0,Known
ภูผาเทิบ (มุกดาหาร),ภูผาเทิบ,5,ภูผาเทิบ,13.0,13.0,0.0,0.0,13.0,100.0,0.0,Known
ภูผาเทิบ (มุกดาหาร),ภูผาเทิบ,6,ภูผาเทิบ,13.0,13.0,0.0,0.0,13.0,100.0,0.0,Known
ภูผาเทิบ (มุกดาหาร),ภูผาเทิบ,7,ภูผาเทิบ,13.0,13.0,0.0,0.0,13.0,100.0,0.0,Known
ภูผาเทิบ (มุกดาหาร),ภูผาเทิบ,8,ภูผาเทิบ,13.0,13.0,0.0,0.0,13.0,100.0,0.0,Known
ภูผาเทิบ (มุกดาหาร),ภูผาเทิบ,9,ภูผาเทิบ,13.0,13.0,0.0,0.0,13.0,100.0,0.0,Known
ภูผาเทิบ (มุกดาหาร),ภูผาเทิบ,10,ภูผาเทิบ,13.0,13.0,0.0,0.0,13.0,100.0,0.0,Known
ภูผาเทิบ (มุกดาหาร),ภูผาเทิบ,11,ภูผาเทิบ,13.0,13.0,0.0,0.0,13.0,100.0,0.0,Known
ภูผาเทิบ (มุกดาหาร),ภูผาเทิบ,12,ภูผาเทิบ,13.0,13.0,0.0,0.0,13.0,100.0,0.0,Known
ภูสวนทราย (นาแห้ว),ภูสวนทราย,1,ภูสวนทราย,20.0,20.0,0.0,0.0,20.0,100.0,0.0,Known
ภูสวนทราย (นาแห้ว),ภูสวนทราย,2,ภูสวนทราย,20.0,20.0,0.0,0.0,20.0,100.0,0.0,Known
ภูสวนทราย (นาแห้ว),ภูสวนทราย,3,ภูสวนทราย,20.0,20.0,0.0,0.0,20.0,100.0,0.0,Known
ภูสวนทราย (นาแห้ว),ภูสวนทราย,4,ภูสวนทราย,20.0,20.0,0.0,0.0,20.0,100.0,0.0,Known
ภูสวนทราย (นาแห้ว),ภูสวนทราย,5,ภูสวนทราย,20.0,20.0,0.0,0.0,20.0,100.0,0.0,Known
ภูสวนทราย (นาแห้ว),ภูสวนทราย,6,ภูสวนทราย,20.0,11.0,9.0,0.0,20.0,55.00000000000001,0.0,Known
ภูสวนทราย (นาแห้ว),ภูสวนทราย,7,ภูสวนทราย,20.0,11.0,9.0,0.0,20.0,55.00000000000001,0.0,Known
ภูสวนทราย (นาแห้ว),ภูสวนทราย,8,ภูสวนทราย,20.0,11.0,9.0,0.0,20.0,55.00000000000001,0.0,Known
ภูสวนทราย (นาแห้ว),ภูสวนทราย,9,ภูสวนทราย,20.0,11.0,9.0,0.0,20.0,55.00000000000001,0.0,Known
ภูสวนทราย (นาแห้ว),ภูสวนทราย,10,ภูสวนทราย,20.0,20.0,0.0,0.0,20.0,100.0,0.0,Known
ภูสวนทราย (นาแห้ว),ภูสวนทราย,11,ภูสวนทราย,20.0,20.0,0.0,0.0,20.0,100.0,0.0,Known
ภูสวนทราย (นาแห้ว),ภูสวนทราย,12,ภูสวนทราย,20.0,20.0,0.0,0.0,20.0,100.0,0.0,Known
อ่าวสยาม,อ่าวสยาม,1,อ่าวสยาม,5.0,5.0,0.0,0.0,5.0,100.0,0.0,Known
อ่าวสยาม,อ่าวสยาม,2,อ่าวสยาม,5.0,5.0,0.0,0.0,5.0,100.0,0.0,Known
อ่าวสยาม,อ่าวสยาม,3,อ่าวสยาม,5.0,5.0,0.0,0.0,5.0,100.0,0.0,Known
อ่าวสยาม,อ่าวสยาม,4,อ่าวสยาม,5.0,5.0,0.0,0.0,5.0,100.0,0.0,Known
อ่าวสยาม,อ่าวสยาม,5,อ่าวสยาม,5.0,5.0,0.0,0.0,5.0,100.0,0.0,Known
อ่าวสยาม,อ่าวสยาม,6,อ่าวสยาม,5.0,5.0,0.0,0.0,5.0,100.0,0.0,Known
อ่าวสยาม,อ่าวสยาม,7,อ่าวสยาม,5.0,5.0,0.0,0.0,5.0,100.0,0.0,Known
อ่าวสยาม,อ่าวสยาม,8,อ่าวสยาม,5.0,5.0,0.0,0.0,5.0,100.0,0.0,Known
อ่าวสยาม,อ่าวสยาม,9,อ่าวสยาม,5.0,5.0,0.0,0.0,5.0,100.0,0.0,Known
อ่าวสยาม,อ่าวสยาม,10,อ่าวสยาม,5.0,5.0,0.0,0.0,5.0,100.0,0.0,Known
อ่าวสยาม,อ่าวสยาม,11,อ่าวสยาม,5.0,2.0,3.0,0.0,5.0,40.0,0.0,Known
อ่าวสยาม,อ่าวสยาม,12,อ่าวสยาม,5.0,2.0,3.0,0.0,5.0,40.0,0.0,Known
เขลางค์บรรพต,เขลางค์บรรพต,1,เขลางค์บรรพต,3.0,3.0,0.0,0.0,3.0,100.0,0.0,Known
เขลางค์บรรพต,เขลางค์บรรพต,2,เขลางค์บรรพต,3.0,3.0,0.0,0.0,3.0,100.0,0.0,Known
เขลางค์บรรพต,เขลางค์บรรพต,3,เขลางค์บรรพต,3.0,1.0,2.0,0.0,3.0,33.33333333333333,0.0,Known
เขลางค์บรรพต,เขลางค์บรรพต,4,เขลางค์บรรพต,3.0,1.0,2.0,0.0,3.0,33.33333333333333,0.0,Known
เขลางค์บรรพต,เขลางค์บรรพต,5,เขลางค์บรรพต,3.0,2.0,1.0,0.0,3.0,66.66666666666666,0.0,Known
เขลางค์บรรพต,เขลางค์บรรพต,6,เขลางค์บรรพต,3.0,3.0,0.0,0.0,3.0,100.0,0.0,Known
เขลางค์บรรพต,เขลางค์บรรพต,7,เขลางค์บรรพต,3.0,3.0,0.0,0.0,3.0,100.0,0.0,Known
เขลางค์บรรพต,เขลางค์บรรพต,8,เขลางค์บรรพต,3.0,3.0,0.0,0.0,3.0,100.0,0.0,Known
เขลางค์บรรพต,เขลางค์บรรพต,9,เขลางค์บรรพต,3.0,3.0,0.0,0.0,3.0,100.0,0.0,Known
เขลางค์บรรพต,เขลางค์บรรพต,10,เขลางค์บรรพต,3.0,3.0,0.0,0.0,3.0,100.0,0.0,Known
เขลางค์บรรพต,เขลางค์บรรพต,11,เขลางค์บรรพต,3.0,3.0,0.0,0.0,3.0,100.0,0.0,Known
เขลางค์บรรพต,เขลางค์บรรพต,12,เขลางค์บรรพต,3.0,3.0,0.0,0.0,3.0,100.0,0.0,Known
แม่ยวมฝั่งซ้าย,แม่ยวมฝั่งซ้าย,1,,,,,,,,,Unknown
แม่ยวมฝั่งซ้าย,แม่ยวมฝั่งซ้าย,2,,,,,,,,,Unknown
แม่ยวมฝั่งซ้าย,แม่ยวมฝั่งซ้าย,3,,,,,,,,,Unknown
แม่ยวมฝั่งซ้าย,แม่ยวมฝั่งซ้าย,4,,,,,,,,,Unknown
แม่ยวมฝั่งซ้าย,แม่ยวมฝั่งซ้าย,5,,,,,,,,,Unknown
แม่ยวมฝั่งซ้าย,แม่ยวมฝั่งซ้าย,6,,,,,,,,,Unknown
แม่ยวมฝั่งซ้าย,แม่ยวมฝั่งซ้าย,7,,,,,,,,,Unknown
แม่ยวมฝั่งซ้าย,แม่ยวมฝั่งซ้าย,8,,,,,,,,,Unknown
แม่ยวมฝั่งซ้าย,แม่ยวมฝั่งซ้าย,9,,,,,,,,,Unknown
แม่ยวมฝั่งซ้าย,แม่ยวมฝั่งซ้าย,10,,,,,,,,,Unknown
แม่ยวมฝั่งซ้าย,แม่ยวมฝั่งซ้าย,11,,,,,,,,,Unknown
แม่ยวมฝั่งซ้าย,แม่ยวมฝั่งซ้าย,12,,,,,,,,,Unknown
ไม้กลายเป็นหิน,ดอยสอยมาลัย-ไม้กลายเป็นหิน,1,ดอยสอยมาลัย-ไม้กลายเป็นหิน,5.0,5.0,0.0,0.0,5.0,100.0,0.0,Known
ไม้กลายเป็นหิน,ดอยสอยมาลัย-ไม้กลายเป็นหิน,2,ดอยสอยมาลัย-ไม้กลายเป็นหิน,5.0,4.0,1.0,0.0,5.0,80.0,0.0,Known
ไม้กลายเป็นหิน,ดอยสอยมาลัย-ไม้กลายเป็นหิน,3,ดอยสอยมาลัย-ไม้กลายเป็นหิน,5.0,4.0,1.0,0.0,5.0,80.0,0.0,Known
ไม้กลายเป็นหิน,ดอยสอยมาลัย-ไม้กลายเป็นหิน,4,ดอยสอยมาลัย-ไม้กลายเป็นหิน,5.0,4.0,1.0,0.0,5.0,80.0,0.0,Known
ไม้กลายเป็นหิน,ดอยสอยมาลัย-ไม้กลายเป็นหิน,5,ดอยสอยมาลัย-ไม้กลายเป็นหิน,5.0,4.0,1.0,0.0,5.0,80.0,0.0,Known
ไม้กลายเป็นหิน,ดอยสอยมาลัย-ไม้กลายเป็นหิน,6,ดอยสอยมาลัย-ไม้กลายเป็นหิน,5.0,5.0,0.0,0.0,5.0,100.0,0.0,Known
ไม้กลายเป็นหิน,ดอยสอยมาลัย-ไม้กลายเป็นหิน,7,ดอยสอยมาลัย-ไม้กลายเป็นหิน,5.0,4.0,1.0,0.0,5.0,80.0,0.0,Known
ไม้กลายเป็นหิน,ดอยสอยมาลัย-ไม้กลายเป็นหิน,8,ดอยสอยมาลัย-ไม้กลายเป็นหิน,5.0,4.0,1.0,0.0,5.0,80.0,0.0,Known
ไม้กลายเป็นหิน,ดอยสอยมาลัย-ไม้กลายเป็นหิน,9,ดอยสอยมาลัย-ไม้กลายเป็นหิน,5.0,4.0,1.0,0.0,5.0,80.0,0.0,Known
ไม้กลายเป็นหิน,ดอยสอยมาลัย-ไม้กลายเป็นหิน,10,ดอยสอยมาลัย-ไม้กลายเป็นหิน,5.0,4.0,1.0,0.0,5.0,80.0,0.0,Known
ไม้กลายเป็นหิน,ดอยสอยมาลัย-ไม้กลายเป็นหิน,11,ดอยสอยมาลัย-ไม้กลายเป็นหิน,5.0,4.0,1.0,0.0,5.0,80.0,0.0,Known
ไม้กลายเป็นหิน,ดอยสอยมาลัย-ไม้กลายเป็นหิน,12,ดอยสอยมาลัย-ไม้กลายเป็นหิน,5.0,5.0,0.0,0.0,5.0,100.0,0.0,Known
ดอยสอยมาลัย,ดอยสอยมาลัย-ไม้กลายเป็นหิน,1,ดอยสอยมาลัย-ไม้กลายเป็นหิน,5.0,5.0,0.0,0.0,5.0,100.0,0.0,Known
ดอยสอยมาลัย,ดอยสอยมาลัย-ไม้กลายเป็นหิน,2,ดอยสอยมาลัย-ไม้กลายเป็นหิน,5.0,4.0,1.0,0.0,5.0,80.0,0.0,Known
ดอยสอยมาลัย,ดอยสอยมาลัย-ไม้กลายเป็นหิน,3,ดอยสอยมาลัย-ไม้กลายเป็นหิน,5.0,4.0,1.0,0.0,5.0,80.0,0.0,Known
ดอยสอยมาลัย,ดอยสอยมาลัย-ไม้กลายเป็นหิน,4,ดอยสอยมาลัย-ไม้กลายเป็นหิน,5.0,4.0,1.0,0.0,5.0,80.0,0.0,Known
ดอยสอยมาลัย,ดอยสอยมาลัย-ไม้กลายเป็นหิน,5,ดอยสอยมาลัย-ไม้กลายเป็นหิน,5.0,4.0,1.0,0.0,5.0,80.0,0.0,Known
ดอยสอยมาลัย,ดอยสอยมาลัย-ไม้กลายเป็นหิน,6,ดอยสอยมาลัย-ไม้กลายเป็นหิน,5.0,5.0,0.0,0.0,5.0,100.0,0.0,Known
ดอยสอยมาลัย,ดอยสอยมาลัย-ไม้กลายเป็นหิน,7,ดอยสอยมาลัย-ไม้กลายเป็นหิน,5.0,4.0,1.0,0.0,5.0,80.0,0.0,Known
ดอยสอยมาลัย,ดอยสอยมาลัย-ไม้กลายเป็นหิน,8,ดอยสอยมาลัย-ไม้กลายเป็นหิน,5.0,4.0,1.0,0.0,5.0,80.0,0.0,Known
ดอยสอยมาลัย,ดอยสอยมาลัย-ไม้กลายเป็นหิน,9,ดอยสอยมาลัย-ไม้กลายเป็นหิน,5.0,4.0,1.0,0.0,5.0,80.0,0.0,Known
ดอยสอยมาลัย,ดอยสอยมาลัย-ไม้กลายเป็นหิน,10,ดอยสอยมาลัย-ไม้กลายเป็นหิน,5.0,4.0,1.0,0.0,5.0,80.0,0.0,Known
ดอยสอยมาลัย,ดอยสอยมาลัย-ไม้กลายเป็นหิน,11,ดอยสอยมาลัย-ไม้กลายเป็นหิน,5.0,4.0,1.0,0.0,5.0,80.0,0.0,Known
ดอยสอยมาลัย,ดอยสอยมาลัย-ไม้กลายเป็นหิน,12,ดอยสอยมาลัย-ไม้กลายเป็นหิน,5.0,5.0,0.0,0.0,5.0,100.0,0.0,Known
ถ้ำหลวง-ขุนน้ำนางนอน,ถ้ำหลวง-ขุนน้ำนางนอน,1,ถ้ำหลวง-ขุนน้ำนางนอน,5.0,5.0,0.0,0.0,5.0,100.0,0.0,Known
ถ้ำหลวง-ขุนน้ำนางนอน,ถ้ำหลวง-ขุนน้ำนางนอน,2,ถ้ำหลวง-ขุนน้ำนางนอน,5.0,5.0,0.0,0.0,5.0,100.0,0.0,Known
ถ้ำหลวง-ขุนน้ำนางนอน,ถ้ำหลวง-ขุนน้ำนางนอน,3,ถ้ำหลวง-ขุนน้ำนางนอน,5.0,5.0,0.0,0.0,5.0,100.0,0.0,Known
ถ้ำหลวง-ขุนน้ำนางนอน,ถ้ำหลวง-ขุนน้ำนางนอน,4,ถ้ำหลวง-ขุนน้ำนางนอน,5.0,5.0,0.0,0.0,5.0,100.0,0.0,Known
ถ้ำหลวง-ขุนน้ำนางนอน,ถ้ำหลวง-ขุนน้ำนางนอน,5,ถ้ำหลวง-ขุนน้ำนางนอน,5.0,5.0,0.0,0.0,5.0,100.0,0.0,Known
ถ้ำหลวง-ขุนน้ำนางนอน,ถ้ำหลวง-ขุนน้ำนางนอน,6,ถ้ำหลวง-ขุนน้ำนางนอน,5.0,5.0,0.0,0.0,5.0,100.0,0.0,Known
ถ้ำหลวง-ขุนน้ำนางนอน,ถ้ำหลวง-ขุนน้ำนางนอน,7,ถ้ำหลวง-ขุนน้ำนางนอน,5.0,0.0,5.0,0.0,5.0,0.0,0.0,Known
ถ้ำหลวง-ขุนน้ำนางนอน,ถ้ำหลวง-ขุนน้ำนางนอน,8,ถ้ำหลวง-ขุนน้ำนางนอน,5.0,0.0,5.0,0.0,5.0,0.0,0.0,Known
ถ้ำหลวง-ขุนน้ำนางนอน,ถ้ำหลวง-ขุนน้ำนางนอน,9,ถ้ำหลวง-ขุนน้ำนางนอน,5.0,0.0,5.0,0.0,5.0,0.0,0.0,Known
ถ้ำหลวง-ขุนน้ำนางนอน,ถ้ำหลวง-ขุนน้ำนางนอน,10,ถ้ำหลวง-ขุนน้ำนางนอน,5.0,5.0,0.0,0.0,5.0,100.0,0.0,Known
ถ้ำหลวง-ขุนน้ำนางนอน,ถ้ำหลวง-ขุนน้ำนางนอน,11,ถ้ำหลวง-ขุนน้ำนางนอน,5.0,5.0,0.0,0.0,5.0,100.0,0.0,Known
ถ้ำหลวง-ขุนน้ำนางนอน,ถ้ำหลวง-ขุนน้ำนางนอน,12,ถ้ำหลวง-ขุนน้ำนางนอน,5.0,5.0,0.0,0.0,5.0,100.0,0.0,Known
ภูหินจอมธาตุ-ภูพระบาท,ภูหินจอมธาตุ-ภูพระบาท,1,ภูหินจอมธาตุ-ภูพระบาท,7.0,7.0,0.0,0.0,7.0,100.0,0.0,Known
ภูหินจอมธาตุ-ภูพระบาท,ภูหินจอมธาตุ-ภูพระบาท,2,ภูหินจอมธาตุ-ภูพระบาท,7.0,7.0,0.0,0.0,7.0,100.0,0.0,Known
ภูหินจอมธาตุ-ภูพระบาท,ภูหินจอมธาตุ-ภูพระบาท,3,ภูหินจอมธาตุ-ภูพระบาท,7.0,6.0,1.0,0.0,7.0,85.71428571428571,0.0,Known
ภูหินจอมธาตุ-ภูพระบาท,ภูหินจอมธาตุ-ภูพระบาท,4,ภูหินจอมธาตุ-ภูพระบาท,7.0,6.0,1.0,0.0,7.0,85.71428571428571,0.0,Known
ภูหินจอมธาตุ-ภูพระบาท,ภูหินจอมธาตุ-ภูพระบาท,5,ภูหินจอมธาตุ-ภูพระบาท,7.0,7.0,0.0,0.0,7.0,100.0,0.0,Known
ภูหินจอมธาตุ-ภูพระบาท,ภูหินจอมธาตุ-ภูพระบาท,6,ภูหินจอมธาตุ-ภูพระบาท,7.0,7.0,0.0,0.0,7.0,100.0,0.0,Known
ภูหินจอมธาตุ-ภูพระบาท,ภูหินจอมธาตุ-ภูพระบาท,7,ภูหินจอมธาตุ-ภูพระบาท,7.0,7.0,0.0,0.0,7.0,100.0,0.0,Known
ภูหินจอมธาตุ-ภูพระบาท,ภูหินจอมธาตุ-ภูพระบาท,8,ภูหินจอมธาตุ-ภูพระบาท,7.0,1.0,6.0,0.0,7.0,14.285714285714285,0.0,Known
ภูหินจอมธาตุ-ภูพระบาท,ภูหินจอมธาตุ-ภูพระบาท,9,ภูหินจอมธาตุ-ภูพระบาท,7.0,1.0,6.0,0.0,7.0,14.285714285714285,0.0,Known
ภูหินจอมธาตุ-ภูพระบาท,ภูหินจอมธาตุ-ภูพระบาท,10,ภูหินจอมธาตุ-ภูพระบาท,7.0,7.0,0.0,0.0,7.0,100.0,0.0,Known
ภูหินจอมธาตุ-ภูพระบาท,ภูหินจอมธาตุ-ภูพระบาท,11,ภูหินจอมธาตุ-ภูพระบาท,7.0,7.0,0.0,0.0,7.0,100.0,0.0,Known
ภูหินจอมธาตุ-ภูพระบาท,ภูหินจอมธาตุ-ภูพระบาท,12,ภูหินจอมธาตุ-ภูพระบาท,7.0,7.0,0.0,0.0,7.0,100.0,0.0,Known
แควน้อย,แควน้อย,1,แควน้อย,4.0,4.0,0.0,0.0,4.0,100.0,0.0,Known
แควน้อย,แควน้อย,2,แควน้อย,4.0,4.0,0.0,0.0,4.0,100.0,0.0,Known
แควน้อย,แควน้อย,3,แควน้อย,4.0,1.0,3.0,0.0,4.0,25.0,0.0,Known
แควน้อย,แควน้อย,4,แควน้อย,4.0,1.0,3.0,0.0,4.0,25.0,0.0,Known
แควน้อย,แควน้อย,5,แควน้อย,4.0,4.0,0.0,0.0,4.0,100.0,0.0,Known
แควน้อย,แควน้อย,6,แควน้อย,4.0,4.0,0.0,0.0,4.0,100.0,0.0,Known
แควน้อย,แควน้อย,7,แควน้อย,4.0,4.0,0.0,0.0,4.0,100.0,0.0,Known
แควน้อย,แควน้อย,8,แควน้อย,4.0,3.0,1.0,0.0,4.0,75.0,0.0,Known
แควน้อย,แควน้อย,9,แควน้อย,4.0,3.0,1.0,0.0,4.0,75.0,0.0,Known
แควน้อย,แควน้อย,10,แควน้อย,4.0,3.0,1.0,0.0,4.0,75.0,0.0,Known
แควน้อย,แควน้อย,11,แควน้อย,4.0,4.0,0.0,0.0,4.0,100.0,0.0,Known
แควน้อย,แควน้อย,12,แควน้อย,4.0,4.0,0.0,0.0,4.0,100.0,0.0,Known
แม่สะเรียง,แม่สะเรียง,1,แม่สะเรียง,1.0,1.0,0.0,0.0,1.0,100.0,0.0,Known
แม่สะเรียง,แม่สะเรียง,2,แม่สะเรียง,1.0,1.0,0.0,0.0,1.0,100.0,0.0,Known
แม่สะเรียง,แม่สะเรียง,3,แม่สะเรียง,1.0,1.0,0.0,0.0,1.0,100.0,0.0,Known
แม่สะเรียง,แม่สะเรียง,4,แม่สะเรียง,1.0,1.0,0.0,0.0,1.0,100.0,0.0,Known
แม่สะเรียง,แม่สะเรียง,5,แม่สะเรียง,1.0,1.0,0.0,0.0,1.0,100.0,0.0,Known
แม่สะเรียง,แม่สะเรียง,6,แม่สะเรียง,1.0,0.0,1.0,0.0,1.0,0.0,0.0,Known
แม่สะเรียง,แม่สะเรียง,7,แม่สะเรียง,1.0,0.0,1.0,0.0,1.0,0.0,0.0,Known
แม่สะเรียง,แม่สะเรียง,8,แม่สะเรียง,1.0,0.0,1.0,0.0,1.0,0.0,0.0,Known
แม่สะเรียง,แม่สะเรียง,9,แม่สะเรียง,1.0,0.0,1.0,0.0,1.0,0.0,0.0,Known
แม่สะเรียง,แม่สะเรียง,10,แม่สะเรียง,1.0,1.0,0.0,0.0,1.0,100.0,0.0,Known
แม่สะเรียง,แม่สะเรียง,11,แม่สะเรียง,1.0,1.0,0.0,0.0,1.0,100.0,0.0,Known
แม่สะเรียง,แม่สะเรียง,12,แม่สะเรียง,1.0,1.0,0.0,0.0,1.0,100.0,0.0,Known
ดอยสอยมาลัย-ไม้กลายเป็นหิน,ดอยสอยมาลัย-ไม้กลายเป็นหิน,1,ดอยสอยมาลัย-ไม้กลายเป็นหิน,5.0,5.0,0.0,0.0,5.0,100.0,0.0,Known
ดอยสอยมาลัย-ไม้กลายเป็นหิน,ดอยสอยมาลัย-ไม้กลายเป็นหิน,2,ดอยสอยมาลัย-ไม้กลายเป็นหิน,5.0,4.0,1.0,0.0,5.0,80.0,0.0,Known
ดอยสอยมาลัย-ไม้กลายเป็นหิน,ดอยสอยมาลัย-ไม้กลายเป็นหิน,3,ดอยสอยมาลัย-ไม้กลายเป็นหิน,5.0,4.0,1.0,0.0,5.0,80.0,0.0,Known
ดอยสอยมาลัย-ไม้กลายเป็นหิน,ดอยสอยมาลัย-ไม้กลายเป็นหิน,4,ดอยสอยมาลัย-ไม้กลายเป็นหิน,5.0,4.0,1.0,0.0,5.0,80.0,0.0,Known
ดอยสอยมาลัย-ไม้กลายเป็นหิน,ดอยสอยมาลัย-ไม้กลายเป็นหิน,5,ดอยสอยมาลัย-ไม้กลายเป็นหิน,5.0,4.0,1.0,0.0,5.0,80.0,0.0,Known
ดอยสอยมาลัย-ไม้กลายเป็นหิน,ดอยสอยมาลัย-ไม้กลายเป็นหิน,6,ดอยสอยมาลัย-ไม้กลายเป็นหิน,5.0,5.0,0.0,0.0,5.0,100.0,0.0,Known
ดอยสอยมาลัย-ไม้กลายเป็นหิน,ดอยสอยมาลัย-ไม้กลายเป็นหิน,7,ดอยสอยมาลัย-ไม้กลายเป็นหิน,5.0,4.0,1.0,0.0,5.0,80.0,0.0,Known
ดอยสอยมาลัย-ไม้กลายเป็นหิน,ดอยสอยมาลัย-ไม้กลายเป็นหิน,8,ดอยสอยมาลัย-ไม้กลายเป็นหิน,5.0,4.0,1.0,0.0,5.0,80.0,0.0,Known
ดอยสอยมาลัย-ไม้กลายเป็นหิน,ดอยสอยมาลัย-ไม้กลายเป็นหิน,9,ดอยสอยมาลัย-ไม้กลายเป็นหิน,5.0,4.0,1.0,0.0,5.0,80.0,0.0,Known
ดอยสอยมาลัย-ไม้กลายเป็นหิน,ดอยสอยมาลัย-ไม้กลายเป็นหิน,10,ดอยสอยมาลัย-ไม้กลายเป็นหิน,5.0,4.0,1.0,0.0,5.0,80.0,0.0,Known
ดอยสอยมาลัย-ไม้กลายเป็นหิน,ดอยสอยมาลัย-ไม้กลายเป็นหิน,11,ดอยสอยมาลัย-ไม้กลายเป็นหิน,5.0,4.0,1.0,0.0,5.0,80.0,0.0,Known
ดอยสอยมาลัย-ไม้กลายเป็นหิน,ดอยสอยมาลัย-ไม้กลายเป็นหิน,12,ดอยสอยมาลัย-ไม้กลายเป็นหิน,5.0,5.0,0.0,0.0,5.0,100.0,0.0,Known
เจ็ดคด-โป่งก้อนเส้า,เจ็ดคด-โป่งก้อนเส้า,1,เจ็ดคด-โป่งก้อนเส้า,9.0,9.0,0.0,0.0,9.0,100.0,0.0,Known
เจ็ดคด-โป่งก้อนเส้า,เจ็ดคด-โป่งก้อนเส้า,2,เจ็ดคด-โป่งก้อนเส้า,9.0,9.0,0.0,0.0,9.0,100.0,0.0,Known
เจ็ดคด-โป่งก้อนเส้า,เจ็ดคด-โป่งก้อนเส้า,3,เจ็ดคด-โป่งก้อนเส้า,9.0,0.0,9.0,0.0,9.0,0.0,0.0,Known
เจ็ดคด-โป่งก้อนเส้า,เจ็ดคด-โป่งก้อนเส้า,4,เจ็ดคด-โป่งก้อนเส้า,9.0,9.0,0.0,0.0,9.0,100.0,0.0,Known
เจ็ดคด-โป่งก้อนเส้า,เจ็ดคด-โป่งก้อนเส้า,5,เจ็ดคด-โป่งก้อนเส้า,9.0,9.0,0.0,0.0,9.0,100.0,0.0,Known
เจ็ดคด-โป่งก้อนเส้า,เจ็ดคด-โป่งก้อนเส้า,6,เจ็ดคด-โป่งก้อนเส้า,9.0,9.0,0.0,0.0,9.0,100.0,0.0,Known
เจ็ดคด-โป่งก้อนเส้า,เจ็ดคด-โป่งก้อนเส้า,7,เจ็ดคด-โป่งก้อนเส้า,9.0,9.0,0.0,0.0,9.0,100.0,0.0,Known
เจ็ดคด-โป่งก้อนเส้า,เจ็ดคด-โป่งก้อนเส้า,8,เจ็ดคด-โป่งก้อนเส้า,9.0,9.0,0.0,0.0,9.0,100.0,0.0,Known
เจ็ดคด-โป่งก้อนเส้า,เจ็ดคด-โป่งก้อนเส้า,9,เจ็ดคด-โป่งก้อนเส้า,9.0,9.0,0.0,0.0,9.0,100.0,0.0,Known
เจ็ดคด-โป่งก้อนเส้า,เจ็ดคด-โป่งก้อนเส้า,10,เจ็ดคด-โป่งก้อนเส้า,9.0,9.0,0.0,0.0,9.0,100.0,0.0,Known
เจ็ดคด-โป่งก้อนเส้า,เจ็ดคด-โป่งก้อนเส้า,11,เจ็ดคด-โป่งก้อนเส้า,9.0,9.0,0.0,0.0,9.0,100.0,0.0,Known
เจ็ดคด-โป่งก้อนเส้า,เจ็ดคด-โป่งก้อนเส้า,12,เจ็ดคด-โป่งก้อนเส้า,9.0,9.0,0.0,0.0,9.0,100.0,0.0,Known
