ปี,อุทยานแห่งชาติ,สังกัด, ต.ค. , พ.ย. , ธ.ค. , ม.ค. , ก.พ. , มี.ค. , เม.ย. , พ.ค. , มิ.ย. , ก.ค. , ส.ค. , ก.ย. 
2559,เขาใหญ่,สำนักบริหารพื้นที่อนุรักษ์ที่ 1,130757,113175,207246,156437,114294,57422,69303,64072,55369,120310,116129,71859
2559,ทับลาน,สำนักบริหารพื้นที่อนุรักษ์ที่ 1,1866,893,1931,1897,1061,1350,7170,1264,901,1084,966,628
2559,ปางสีดา,สำนักบริหารพื้นที่อนุรักษ์ที่ 1,21160,9184,6283,5060,1456,597,1331,1332,6750,23771,8536,6344
2559,ตาพระยา,สำนักบริหารพื้นที่อนุรักษ์ที่ 1,15,13,300,280,141,130,7,12,9,7,13,9
2559,น้ำตกสามหลั่น,สำนักบริหารพื้นที่อนุรักษ์ที่ 1 สาขาสระบุรี,6727,2108,2838,2326,1073,1422,1404,1572,1319,3254,2195,3196
2559,น้ำตกเจ็ดสาวน้อย (เตรียมการ),สำนักบริหารพื้นที่อนุรักษ์ที่ 1 สาขาสระบุรี,46898,45025,67148,59237,33573,48552,91708,65071,21037,47468,35014,22281
2559,น้ำตกพลิ้ว,สำนักบริหารพื้นที่อนุรักษ์ที่ 2,45546,28271,51797,47931,45018,104525,131729,92911,28673,39311,31383,20370
2559,เขาชะเมา-เขาวง,สำนักบริหารพื้นที่อนุรักษ์ที่ 2,22600,16553,17891,13559,9741,9991,19742,10172,9844,19082,17507,9980
2559,เขาคิชฌกูฎ,สำนักบริหารพื้นที่อนุรักษ์ที่ 2,13499,10082,15219,12030,14778,25481,28537,15626,5884,8203,8850,5489
2559,เขาแหลมหญ้า-หมู่เกาะเสม็ด,สำนักบริหารพื้นที่อนุรักษ์ที่ 2,22596,16928,27685,29224,28683,34559,42789,44312,22463,23675,20181,20216
2559,หมู่เกาะช้าง,สำนักบริหารพื้นที่อนุรักษ์ที่ 2,24108,21733,31517,29585,26854,23542,29468,29620,11024,19697,22533,9936
2559,น้ำตกคลองแก้ว,สำนักบริหารพื้นที่อนุรักษ์ที่ 2,3637,2112,2069,1854,889,1664,4105,1513,1043,1401,1082,864
2559,เขาสิบห้าชั้น,สำนักบริหารพื้นที่อนุรักษ์ที่ 2,396,295,680,1272,370,247,543,253,135,242,349,283
2559,เอราวัณ,สำนักบริหารพื้นที่อนุรักษ์ที่ 3,61035,53164,74183,71931,53799,44986,77420,64654,32586,68923,57314,31726
2559,เฉลิมรัตนโกสินทร์,สำนักบริหารพื้นที่อนุรักษ์ที่ 3,3454,2578,3711,4460,2718,1221,3642,1780,1476,3437,2422,1294
2559,ไทรโยค,สำนักบริหารพื้นที่อนุรักษ์ที่ 3,13341,11852,18572,20111,10705,9008,18239,14595,6358,15429,11366,6540
2559,เขื่อนศรีนครินทร์,สำนักบริหารพื้นที่อนุรักษ์ที่ 3,18606,9001,22148,21224,6167,3003,11938,8558,3809,9528,6461,4455
2559,เขาแหลม,สำนักบริหารพื้นที่อนุรักษ์ที่ 3,4330,3484,8387,6413,2555,823,1670,1529,864,2318,1539,1383
2559,พุเตย,สำนักบริหารพื้นที่อนุรักษ์ที่ 3,792,795,3482,2247,644,242,334,156,139,383,766,442
2559,ทองผาภูมิ,สำนักบริหารพื้นที่อนุรักษ์ที่ 3,3581,3291,7365,5805,2989,1217,2546,2981,1470,4397,2456,2445
2559,ลำคลองงู,สำนักบริหารพื้นที่อนุรักษ์ที่ 3,0,102,289,460,271,727,1295,259,38,57,0,0
2559,เฉลิมพระเกียรติไทยประจัน,สำนักบริหารพื้นที่อนุรักษ์ที่ 3,5459,5456,5175,5574,3250,2784,4194,2960,2684,3690,3873,3729
2559,เขาสามร้อยยอด,สำนักบริหารพื้นที่อนุรักษ์ที่ 3 สาขาเพชรบุรี,12719,7357,15532,15068,11366,12098,18837,16353,6856,13285,10198,5954
2559,แก่งกระจาน,สำนักบริหารพื้นที่อนุรักษ์ที่ 3 สาขาเพชรบุรี,8882,13697,26414,22769,12998,7990,12986,14238,9860,15001,6644,3901
2559,น้ำตกห้วยยาง,สำนักบริหารพื้นที่อนุรักษ์ที่ 3 สาขาเพชรบุรี,2691,2063,3017,3080,1817,1075,1344,1002,605,2151,1563,1061
2559,หาดวนกร,สำนักบริหารพื้นที่อนุรักษ์ที่ 3 สาขาเพชรบุรี,2337,998,3793,3190,1709,2169,7823,4065,1308,2115,1541,805
2559,กุยบุรี,สำนักบริหารพื้นที่อนุรักษ์ที่ 3 สาขาเพชรบุรี,824,614,1203,1288,886,808,678,557,445,1079,1038,617
2559,หมู่เกาะอ่างทอง,สำนักบริหารพื้นที่อนุรักษ์ที่ 4,8281,0,5420,11302,14613,13517,15622,12831,11401,18319,21469,16411
2559,เขาสก,สำนักบริหารพื้นที่อนุรักษ์ที่ 4,18147,16024,23823,30594,32924,40900,49086,33057,18953,32977,28445,17214
2559,แหลมสน,สำนักบริหารพื้นที่อนุรักษ์ที่ 4,1412,1148,2976,7716,1904,2381,10533,3744,558,847,452,296
2559,แก่งกรุง,สำนักบริหารพื้นที่อนุรักษ์ที่ 4,0,3,17,193,54,71,94,60,2,13,47,93
2559,ใต้ร่มเย็น,สำนักบริหารพื้นที่อนุรักษ์ที่ 4,1747,371,2658,6256,2041,3661,8008,2432,799,1440,1353,874
2559,หมู่เกาะชุมพร,สำนักบริหารพื้นที่อนุรักษ์ที่ 4,2524,1168,2429,3637,2767,2873,3196,2188,809,1886,1506,876
2559,ลำน้ำกระบุรี,สำนักบริหารพื้นที่อนุรักษ์ที่ 4,2803,1212,1578,1642,786,304,549,427,610,1563,922,746
2559,น้ำตกหงาว,สำนักบริหารพื้นที่อนุรักษ์ที่ 4,8003,4570,7881,11388,5634,5687,8085,4619,4001,7761,5339,5372
2559,คลองพนม,สำนักบริหารพื้นที่อนุรักษ์ที่ 4,22,18,332,411,49,79,66,17,13,27,49,107
2559,ธารเสด็จ-เกาะพะงัน (เตรียมการ),สำนักบริหารพื้นที่อนุรักษ์ที่ 4,5038,5345,7406,6064,5355,5066,3689,2967,3192,5046,5671,4868
2559,หมู่เกาะระนอง,สำนักบริหารพื้นที่อนุรักษ์ที่ 4,10,58,174,108,80,42,121,59,0,0,0,29
2559,เขาหลวง,สำนักบริหารพื้นที่อนุรักษ์ที่ 5,4991,640,4790,12246,4685,14393,41667,12498,2879,4595,3659,4197
2559,ตะรุเตา,สำนักบริหารพื้นที่อนุรักษ์ที่ 5,5561,13305,22854,19527,23565,130399,33050,14855,0,0,0,80
2559,ทะเลบัน,สำนักบริหารพื้นที่อนุรักษ์ที่ 5,734,578,987,1842,944,745,1284,787,634,1071,696,1289
2559,อ่าวพังงา,สำนักบริหารพื้นที่อนุรักษ์ที่ 5,31559,48812,91048,145691,151764,145428,136233,117055,106123,136290,151974,109764
2559,หมู่เกาะสุรินทร์,สำนักบริหารพื้นที่อนุรักษ์ที่ 5,936,4289,8426,8636,8755,10258,9084,1773,0,0,0,0
2559,เขาพนมเบญจา,สำนักบริหารพื้นที่อนุรักษ์ที่ 5,893,859,1589,2102,1612,2050,2089,1008,594,634,559,424
2559,สิรินาถ,สำนักบริหารพื้นที่อนุรักษ์ที่ 5,3173,1976,3735,4073,2673,3095,3672,2284,1756,1878,2351,1420
2559,หาดเจ้าไหม,สำนักบริหารพื้นที่อนุรักษ์ที่ 5,6556,4041,11338,16172,7731,10289,18767,8191,504,862,401,579
2559,หมู่เกาะสิมิลัน,สำนักบริหารพื้นที่อนุรักษ์ที่ 5,13788,43665,71832,85281,92665,76697,79842,27143,0,0,0,0
2559,หาดนพรัตน์ธารา-หมู่เกาะพีพี,สำนักบริหารพื้นที่อนุรักษ์ที่ 5,68677,103172,145404,161510,166395,180013,192470,151017,131955,164703,139906,126351
2559,หมู่เกาะเภตรา,สำนักบริหารพื้นที่อนุรักษ์ที่ 5,2563,2047,3124,4364,2272,2673,4568,2600,940,3849,1227,2952
2559,เขาลำปี-หาดท้ายเหมือง,สำนักบริหารพื้นที่อนุรักษ์ที่ 5,3177,3241,5182,7902,3890,3986,5213,2725,1927,3020,2523,1827
2559,ศรีพังงา,สำนักบริหารพื้นที่อนุรักษ์ที่ 5,1556,1294,2361,3697,2341,2561,3642,1581,695,1349,1311,354
2559,หมู่เกาะลันตา,สำนักบริหารพื้นที่อนุรักษ์ที่ 5,7405,13769,18677,21362,21181,18627,18180,11342,4008,6934,6945,4149
2559,น้ำตกโยง,สำนักบริหารพื้นที่อนุรักษ์ที่ 5,5527,2539,5565,11216,7995,19267,28211,9286,2334,3824,1900,2421
2559,เขาหลัก-ลำรู่,สำนักบริหารพื้นที่อนุรักษ์ที่ 5,5355,6198,8475,10843,8206,7790,10221,4625,2596,4522,3480,2445
2559,ธารโบกขรณี,สำนักบริหารพื้นที่อนุรักษ์ที่ 5,10233,7774,14861,19187,15313,17638,27125,13009,6210,8744,8717,6997
2559,น้ำตกสี่ขีด,สำนักบริหารพื้นที่อนุรักษ์ที่ 5,789,343,1239,2639,746,1901,8755,2544,454,881,995,600
2559,เขานัน,สำนักบริหารพื้นที่อนุรักษ์ที่ 5,185,160,782,1863,966,1585,4823,1156,295,458,395,232
2559,หาดขนอม-หมู่เกาะทะเลใต้ (เตรียมการ),สำนักบริหารพื้นที่อนุรักษ์ที่ 5,820,374,1788,20838,2497,1955,9327,2315,969,1749,1117,1061
2559,เขาปู่-เขาย่า,สำนักบริหารพื้นที่อนุรักษ์ที่ 6,467,224,5259,22985,4961,5398,20085,5035,2100,1301,1912,1685
2559,เขาน้ำค้าง,สำนักบริหารพื้นที่อนุรักษ์ที่ 6,90,815,570,480,341,600,152,74,182,139,201,140
2559,สันกาลาคีรี (เตรียมการ),สำนักบริหารพื้นที่อนุรักษ์ที่ 6,0,0,269,646,510,111,96,51,9,42,16,35
2559,บางลาง,สำนักบริหารพื้นที่อนุรักษ์ที่ 6 สาขาปัตตานี,901,212,523,995,456,1724,4781,1868,115,1991,359,1006
2559,บูโด-สุไหงปาดี,สำนักบริหารพื้นที่อนุรักษ์ที่ 6 สาขาปัตตานี,1263,374,997,683,502,1575,2938,863,107,1485,300,1211
2559,น้ำตกทรายขาว,สำนักบริหารพื้นที่อนุรักษ์ที่ 6 สาขาปัตตานี,11516,3014,7095,11973,7122,21776,41187,19359,3418,13766,5912,9488
2559,น้ำตกซีโป (เตรียมการ),สำนักบริหารพื้นที่อนุรักษ์ที่ 6 สาขาปัตตานี,1831,693,3866,3974,521,4955,9410,3295,934,2234,1056,3696
2559,อ่าวมะนาว-เขาตันหยง (เตรียมการ),สำนักบริหารพื้นที่อนุรักษ์ที่ 6 สาขาปัตตานี,2336,1437,1591,3006,2245,1662,5044,4245,2532,6686,2622,6419
2559,ตาดโตน,สำนักบริหารพื้นที่อนุรักษ์ที่ 7,23375,15023,23643,26365,15800,52914,157456,48740,16595,37136,26995,8105
2559,ไทรทอง,สำนักบริหารพื้นที่อนุรักษ์ที่ 7,4977,4389,5960,5086,3343,3738,3611,3728,4407,17631,20447,4210
2559,ป่าหินงาม,สำนักบริหารพื้นที่อนุรักษ์ที่ 7,4438,2584,3857,4424,1286,873,1061,1116,8005,63117,37029,4556
2559,ภูแลนคา,สำนักบริหารพื้นที่อนุรักษ์ที่ 7,5797,6219,22240,16500,5373,3348,3695,2984,3113,7718,6502,3662
2559,ภูกระดึง,สำนักบริหารพื้นที่อนุรักษ์ที่ 8,7166,6582,29930,14885,5170,1248,1034,944,1028,2047,1391,1210
2559,ภูเรือ,สำนักบริหารพื้นที่อนุรักษ์ที่ 8,20097,16071,66786,51242,14774,3645,2772,2838,2401,6563,3918,3188
2559,ภูผาม่าน,สำนักบริหารพื้นที่อนุรักษ์ที่ 8,714,369,1560,1486,914,262,199,231,236,640,356,326
2559,ภูเวียง,สำนักบริหารพื้นที่อนุรักษ์ที่ 8,1002,436,991,993,392,333,620,471,232,515,472,415
2559,ภูสวนทราย,สำนักบริหารพื้นที่อนุรักษ์ที่ 8,928,556,2822,2181,526,189,328,310,50,309,206,165
2559,น้ำพอง,สำนักบริหารพื้นที่อนุรักษ์ที่ 8,815,718,1212,1472,844,750,757,456,387,612,925,668
2559,แก่งตะนะ,สำนักบริหารพื้นที่อนุรักษ์ที่ 9,3864,2660,5137,5413,3386,2803,6380,3144,1516,3805,2635,1715
2559,ภูจอง-นายอย,สำนักบริหารพื้นที่อนุรักษ์ที่ 9,24142,9456,11114,9396,2433,2079,4286,1816,3338,19876,16041,11667
2559,ภูผาเทิบ,สำนักบริหารพื้นที่อนุรักษ์ที่ 9,7126,6111,9800,9174,7308,6438,3249,2634,2747,5042,3783,4242
2559,ผาแต้ม,สำนักบริหารพื้นที่อนุรักษ์ที่ 9,29649,19913,53774,33876,17856,13910,18312,12068,7361,28775,17073,13517
2559,ภูสระดอกบัว,สำนักบริหารพื้นที่อนุรักษ์ที่ 9,186,145,270,773,253,123,183,140,113,272,150,50
2559,เขาพระวิหาร,สำนักบริหารพื้นที่อนุรักษ์ที่ 9,35436,15522,27631,29025,8766,6425,9344,5673,5104,11297,9241,6720
2559,ภูพาน,สำนักบริหารพื้นที่อนุรักษ์ที่ 10,365,473,1341,916,461,216,116,93,145,64,503,174
2559,ภูเก้า-ภูพานคำ,สำนักบริหารพื้นที่อนุรักษ์ที่ 10,358,250,819,627,915,702,423,248,195,235,224,208
2559,ภูผายล,สำนักบริหารพื้นที่อนุรักษ์ที่ 10,466,499,292,268,260,109,163,233,527,86,336,338
2559,ภูลังกา,สำนักบริหารพื้นที่อนุรักษ์ที่ 10,4671,709,99,319,388,0,545,0,3225,10938,7095,3001
2559,ภูผาเหล็ก,สำนักบริหารพื้นที่อนุรักษ์ที่ 10,36,114,321,502,408,220,300,55,164,41,154,59
2559,นายูง-น้ำโสม (เตรียมการ),สำนักบริหารพื้นที่อนุรักษ์ที่ 10,2603,453,650,1094,1252,476,523,626,801,1476,1406,659
2559,ทุ่งแสลงหลวง,สำนักบริหารพื้นที่อนุรักษ์ที่ 11,9780,6315,14407,11977,3851,2339,7370,2268,1817,4178,3395,1702
2559,น้ำหนาว,สำนักบริหารพื้นที่อนุรักษ์ที่ 11,5685,4063,11936,9853,2449,958,1072,915,556,1671,1022,710
2559,ภูหินร่องกล้า,สำนักบริหารพื้นที่อนุรักษ์ที่ 11,47201,26808,53704,90693,35021,6108,4326,3422,4855,17518,11656,7369
2559,น้ำตกชาติตระการ,สำนักบริหารพื้นที่อนุรักษ์ที่ 11,1839,1208,2373,2569,728,629,0,0,371,961,662,421
2559,ลำน้ำน่าน,สำนักบริหารพื้นที่อนุรักษ์ที่ 11,1447,1421,3242,2662,1143,2804,7878,2296,646,1243,549,402
2559,ตาดหมอก,สำนักบริหารพื้นที่อนุรักษ์ที่ 11,451,466,1374,1239,3933,210,454,188,71,164,9,60
2559,ต้นสักใหญ่,สำนักบริหารพื้นที่อนุรักษ์ที่ 11,197,134,469,536,137,325,474,206,76,211,217,234
2559,แก่งเจ็ดแคว (เตรียมการ),สำนักบริหารพื้นที่อนุรักษ์ที่ 11,342,183,906,1141,336,144,2642,336,146,1605,206,130
2559,ภูสอยดาว,สำนักบริหารพื้นที่อนุรักษ์ที่ 11,3790,1953,4534,2464,511,1098,5044,801,166,1140,1573,1951
2559,เขาค้อ,สำนักบริหารพื้นที่อนุรักษ์ที่ 11,4121,2170,3206,3355,1026,1320,2845,999,522,1731,1138,677
2559,คลองลาน,สำนักบริหารพื้นที่อนุรักษ์ที่ 12,18552,14266,21736,25219,8192,6263,14610,9658,6847,18497,14727,8749
2559,แม่วงก์,สำนักบริหารพื้นที่อนุรักษ์ที่ 12,3560,3653,10316,9430,1914,673,3693,2046,1927,3412,2553,1804
2559,คลองวังเจ้า,สำนักบริหารพื้นที่อนุรักษ์ที่ 12,985,1176,2165,2527,966,1280,3743,1512,290,1136,594,477
2559,เวียงโกศัย,สำนักบริหารพื้นที่อนุรักษ์ที่ 13,1199,1238,2339,3073,997,2510,10357,2752,424,0,23,0
2559,แม่ยม,สำนักบริหารพื้นที่อนุรักษ์ที่ 13,295,289,989,539,413,698,2963,887,163,186,166,153
2559,ดอยภูคา,สำนักบริหารพื้นที่อนุรักษ์ที่ 13,3538,3135,10918,8303,5408,1810,4476,643,779,1537,663,847
2559,ดอยผากลอง,สำนักบริหารพื้นที่อนุรักษ์ที่ 13,80,122,480,730,130,286,919,119,41,126,83,35
2559,ศรีน่าน,สำนักบริหารพื้นที่อนุรักษ์ที่ 13,6240,9212,35868,21709,8442,1438,740,647,705,2230,1402,1540
2559,แม่จริม,สำนักบริหารพื้นที่อนุรักษ์ที่ 13,1157,1026,2268,1365,823,1078,1629,786,458,713,476,370
2559,ถ้ำสะเกิน,สำนักบริหารพื้นที่อนุรักษ์ที่ 13,1325,879,1887,1842,804,576,815,237,330,526,312,368
2559,ขุนน่าน,สำนักบริหารพื้นที่อนุรักษ์ที่ 13,104,134,1158,710,287,74,8,25,21,65,17,20
2559,นันทบุรี (เตรียมการ),สำนักบริหารพื้นที่อนุรักษ์ที่ 13,424,799,4037,3181,687,364,297,183,114,136,29,76
2559,ขุนสถาน (เตรียมการ),สำนักบริหารพื้นที่อนุรักษ์ที่ 13,3882,4253,19819,17900,4234,1346,879,792,886,1319,773,716
2559,ดอยขุนตาล,สำนักบริหารพื้นที่อนุรักษ์ที่ 13 สาขาลำปาง,1058,689,3120,2300,1433,527,337,336,401,749,443,530
2559,แจ้ซ้อน,สำนักบริหารพื้นที่อนุรักษ์ที่ 13 สาขาลำปาง,15238,13030,33882,40537,17388,16382,49798,18996,5649,10991,6651,5055
2559,แม่วะ,สำนักบริหารพื้นที่อนุรักษ์ที่ 13 สาขาลำปาง,116,100,484,313,56,77,575,82,66,159,167,148
2559,ดอยจง (เตรียมการ),สำนักบริหารพื้นที่อนุรักษ์ที่ 13 สาขาลำปาง,677,376,966,809,873,560,1158,636,484,853,414,334
2559,ถ้ำผาไท (เตรียมการ),สำนักบริหารพื้นที่อนุรักษ์ที่ 13 สาขาลำปาง,1814,1530,4193,7561,1965,2174,6608,1510,1088,1595,1481,1019
2559,ลานสาง,สำนักบริหารพื้นที่อนุรักษ์ที่ 14,3016,2602,5954,4824,2100,3915,10357,4118,599,3070,1845,1103
2559,รามคำแหง,สำนักบริหารพื้นที่อนุรักษ์ที่ 14,1754,1280,7202,2650,1501,554,540,329,995,2538,1871,1008
2559,ศรีสัชนาลัย,สำนักบริหารพื้นที่อนุรักษ์ที่ 14,1291,1253,2756,4840,1096,804,3932,820,437,1122,676,365
2559,ตากสินมหาราช,สำนักบริหารพื้นที่อนุรักษ์ที่ 14,1579,2038,10729,7983,1378,463,678,432,235,599,360,312
2559,แม่เมย,สำนักบริหารพื้นที่อนุรักษ์ที่ 14,413,602,4804,2301,525,174,844,188,58,150,25,54
2559,น้ำตกพาเจริญ (เตรียมการ),สำนักบริหารพื้นที่อนุรักษ์ที่ 14,7987,6757,12357,13061,6661,7334,18298,3412,1329,3577,2561,2725
2559,ขุนพะวอ,สำนักบริหารพื้นที่อนุรักษ์ที่ 14,381,543,2864,2017,217,85,17,84,22,95,35,27
2559,ดอยหลวง,สำนักบริหารพื้นที่อนุรักษ์ที่ 15,1781,1464,2183,2286,1696,4974,17541,3852,796,0,0,0
2559,ขุนแจ,สำนักบริหารพื้นที่อนุรักษ์ที่ 15,1101,1127,2080,1461,845,1783,846,735,708,840,723,737
2559,ภูซาง,สำนักบริหารพื้นที่อนุรักษ์ที่ 15,9008,8066,19352,16749,6875,10065,41442,8706,2898,3715,2332,2970
2559,ดอยภูนาง,สำนักบริหารพื้นที่อนุรักษ์ที่ 15,557,619,691,501,360,843,4783,1680,413,534,283,268
2559,แม่ปืม,สำนักบริหารพื้นที่อนุรักษ์ที่ 15,284,244,430,507,300,311,356,298,253,475,361,334
2559,ลำน้ำกก (เตรียมการ),สำนักบริหารพื้นที่อนุรักษ์ที่ 15,12639,10600,13852,12430,12320,16951,34869,12426,4916,7871,5918,5035
2559,ดอยอินทนนท์,สำนักบริหารพื้นที่อนุรักษ์ที่ 16,72189,74266,197431,180865,78238,32137,44143,23508,18138,32868,31722,20628
2559,ดอยสุเทพ-ปุย,สำนักบริหารพื้นที่อนุรักษ์ที่ 16,33241,30278,41483,37322,26232,29283,45488,21216,13170,23813,20204,13261
2559,แม่ปิง,สำนักบริหารพื้นที่อนุรักษ์ที่ 16,2149,1842,5859,4402,1897,1877,9265,2033,497,573,467,836
2559,ศรีลานนา,สำนักบริหารพื้นที่อนุรักษ์ที่ 16,8707,5653,11648,7483,4363,7266,13008,9811,4450,6558,4329,3410
2559,ออบหลวง,สำนักบริหารพื้นที่อนุรักษ์ที่ 16,3254,4914,12060,8287,3406,1897,3149,1511,956,2021,1852,1549
2559,ห้วยน้ำดัง,สำนักบริหารพื้นที่อนุรักษ์ที่ 16,15191,19046,61408,39480,15915,7916,17066,3846,3542,7152,5439,3758
2559,ดอยผ้าห่มปก,สำนักบริหารพื้นที่อนุรักษ์ที่ 16,8520,8522,27131,29628,12818,10427,23951,5416,3228,4704,4151,3641
2559,ผาแดง,สำนักบริหารพื้นที่อนุรักษ์ที่ 16,2975,3066,7160,5810,4393,4068,6813,1696,888,1813,1288,917
2559,แม่ตะไคร้ (เตรียมการ),สำนักบริหารพื้นที่อนุรักษ์ที่ 16,6381,4926,6891,6038,4195,4997,10876,5832,3418,5009,3737,3117
2559,ออบขาน (เตรียมการ),สำนักบริหารพื้นที่อนุรักษ์ที่ 16,2938,2689,3871,3734,3345,7993,24007,6456,1458,235,799,524
2559,ดอยเวียงผา (เตรียมการ),สำนักบริหารพื้นที่อนุรักษ์ที่ 16,117,68,416,871,874,294,91,56,69,110,150,21
2559,แม่โถ (เตรียมการ),สำนักบริหารพื้นที่อนุรักษ์ที่ 16,76,69,211,312,49,65,85,2,0,0,0,0
2559,ขุนขาน,สำนักบริหารพื้นที่อนุรักษ์ที่ 16,38,53,124,82,12,20,94,16,17,23,49,16
2559,แม่วาง,สำนักบริหารพื้นที่อนุรักษ์ที่ 16,8264,7531,14674,12392,6464,3226,2589,2409,2004,3694,2572,2047
2559,น้ำตกแม่สุรินทร์,สำนักบริหารพื้นที่อนุรักษ์ที่ 16 สาขาแม่สะเรียง,356,2706,2126,673,278,160,527,44,54,211,186,44
2559,สาละวิน,สำนักบริหารพื้นที่อนุรักษ์ที่ 16 สาขาแม่สะเรียง,49,169,283,134,71,208,5,86,50,12,0,0
2559,แม่เงา (เตรียมการ),สำนักบริหารพื้นที่อนุรักษ์ที่ 16 สาขาแม่สะเรียง,287,295,2535,1575,729,2044,8721,768,125,120,56,54
2559,ถ้ำปลา-น้ำตกผาเสื่อ,สำนักบริหารพื้นที่อนุรักษ์ที่ 16 สาขาแม่สะเรียง,6725,11395,27725,14512,6077,2759,3001,1713,1477,3095,1693,1279
2560,เขาใหญ่,สำนักบริหารพื้นที่อนุรักษ์ที่ 1,131847,123459,318392,225156,112769,70957,96398,70375,61626,125203,111160,86062
2560,ทับลาน,สำนักบริหารพื้นที่อนุรักษ์ที่ 1,932,681,3541,3272,933,835,6257,894,600,2032,1749,1225
2560,ปางสีดา,สำนักบริหารพื้นที่อนุรักษ์ที่ 1,21802,10398,9047,8835,2843,2331,5183,2691,4999,10287,17008,6178
2560,ตาพระยา,สำนักบริหารพื้นที่อนุรักษ์ที่ 1,6,21,225,258,13,314,43,27,150,227,253,132
2560,น้ำตกสามหลั่น,สำนักบริหารพื้นที่อนุรักษ์ที่ 1 สาขาสระบุรี,6288,1837,4830,3798,2027,1332,1812,1390,2433,8683,7250,4985
2560,น้ำตกเจ็ดสาวน้อย,สำนักบริหารพื้นที่อนุรักษ์ที่ 1 สาขาสระบุรี,34752,27157,50103,48633,37868,49041,97091,56304,18244,29685,28629,20860
2560,หมู่เกาะช้าง,สำนักบริหารพื้นที่อนุรักษ์ที่ 2,21903,22593,31966,35569,26889,25435,41936,25090,10300,20082,16583,11415
2560,เขาแหลมหญ้า-หมู่เกาะเสม็ด,สำนักบริหารพื้นที่อนุรักษ์ที่ 2,46701,45492,81977,80596,79618,90272,117565,101710,69143,98892,93582,72236
2560,น้ำตกพลิ้ว,สำนักบริหารพื้นที่อนุรักษ์ที่ 2,42119,24593,54696,51989,53559,86350,107272,74507,35148,41677,31996,20415
2560,เขาชะเมา-เขาวง,สำนักบริหารพื้นที่อนุรักษ์ที่ 2,16048,10752,13371,20177,10130,12108,34752,25448,13044,15103,16404,9440
2560,เขาคิชฌกูฎ,สำนักบริหารพื้นที่อนุรักษ์ที่ 2,10261,7969,11598,48136,332357,468345,25328,14170,6892,6920,7017,5232
2560,น้ำตกคลองแก้ว,สำนักบริหารพื้นที่อนุรักษ์ที่ 2,2038,1536,1188,2247,1144,1532,4519,1636,1055,1080,1125,1588
2560,เขาสิบห้าชั้น,สำนักบริหารพื้นที่อนุรักษ์ที่ 2,367,335,744,662,183,340,619,228,148,236,437,237
2560,เขื่อนศรีนครินทร์,สำนักบริหารพื้นที่อนุรักษ์ที่ 3,10996,8175,17960,19158,7558,2034,8659,3890,4221,8858,15227,9831
2560,เอราวัณ,สำนักบริหารพื้นที่อนุรักษ์ที่ 3,53468,45028,76602,75787,56699,54763,89527,50436,32715,63161,57885,36218
2560,ไทรโยค,สำนักบริหารพื้นที่อนุรักษ์ที่ 3,10695,6739,15838,19483,10675,8817,25287,11139,6618,11645,9662,7152
2560,เขาแหลม,สำนักบริหารพื้นที่อนุรักษ์ที่ 3,2569,2066,12749,9805,4163,1523,2505,1559,916,3394,2414,1943
2560,เฉลิมรัตนโกสินทร์,สำนักบริหารพื้นที่อนุรักษ์ที่ 3,4051,3338,4967,5476,1760,1804,6023,2122,1778,4362,3005,2322
2560,ทองผาภูมิ,สำนักบริหารพื้นที่อนุรักษ์ที่ 3,6332,6129,27228,20149,6269,2498,4829,3295,2230,5479,5310,3623
2560,ลำคลองงู,สำนักบริหารพื้นที่อนุรักษ์ที่ 3,0,52,617,703,236,616,1516,48,22,0,0,0
2560,เฉลิมพระเกียรติไทยประจัน,สำนักบริหารพื้นที่อนุรักษ์ที่ 3,3278,2812,4832,4339,3306,3988,4898,3759,4594,5103,6030,5385
2560,พุเตย,สำนักบริหารพื้นที่อนุรักษ์ที่ 3,727,1435,3948,2951,1537,340,189,126,212,581,633,296
2560,แก่งกระจาน,สำนักบริหารพื้นที่อนุรักษ์ที่ 3 สาขาเพชรบุรี,5824,10771,31209,23044,14392,10723,20311,13818,8482,10210,8144,4750
2560,กุยบุรี,สำนักบริหารพื้นที่อนุรักษ์ที่ 3 สาขาเพชรบุรี,800,575,1631,1646,1255,1113,1221,530,785,1402,1925,689
2560,เขาสามร้อยยอด,สำนักบริหารพื้นที่อนุรักษ์ที่ 3 สาขาเพชรบุรี,10467,6892,15637,16293,11992,12609,21924,11698,8195,15522,11910,6723
2560,น้ำตกห้วยยาง,สำนักบริหารพื้นที่อนุรักษ์ที่ 3 สาขาเพชรบุรี,1931,1500,2691,3768,1719,2183,4844,1579,1111,1978,2116,1297
2560,หาดวนกร,สำนักบริหารพื้นที่อนุรักษ์ที่ 3 สาขาเพชรบุรี,1959,1028,3236,2781,1571,2873,9153,3784,1694,2914,2122,1273
2560,อ่าวสยาม (เตรียมการฯ),สำนักบริหารพื้นที่อนุรักษ์ที่ 3 สาขาเพชรบุรี,1422,1648,1928,978,717,1169,1653,1736,1629,1531,1863,1733
2560,เขาสก,สำนักบริหารพื้นที่อนุรักษ์ที่ 4,26262,25234,30533,31024,34742,40885,50311,28456,18297,30608,30798,20575
2560,หมู่เกาะอ่างทอง,สำนักบริหารพื้นที่อนุรักษ์ที่ 4,15093,0,6875,11065,17884,15754,15370,11604,11978,17052,21532,10332
2560,หมู่เกาะชุมพร,สำนักบริหารพื้นที่อนุรักษ์ที่ 4,1810,952,924,425,261,1291,3230,1459,1012,937,562,778
2560,แหลมสน,สำนักบริหารพื้นที่อนุรักษ์ที่ 4,971,1464,4556,4747,1982,2638,7729,1823,457,755,571,481
2560,ใต้ร่มเย็น,สำนักบริหารพื้นที่อนุรักษ์ที่ 4,1071,284,968,1184,1258,3053,4723,1547,1127,1179,1519,914
2560,น้ำตกหงาว,สำนักบริหารพื้นที่อนุรักษ์ที่ 4,8607,6755,18858,13911,6167,6819,16917,7614,4706,6308,7941,6073
2560,แก่งกรุง,สำนักบริหารพื้นที่อนุรักษ์ที่ 4,0,0,137,21,159,126,189,60,34,97,131,5
2560,คลองพนม,สำนักบริหารพื้นที่อนุรักษ์ที่ 4,11,46,59,245,246,310,186,30,45,43,23,39
2560,ธารเสด็จ-เกาะพะงัน (เตรียมการฯ),สำนักบริหารพื้นที่อนุรักษ์ที่ 4,4023,4863,8864,12640,14143,17145,17315,11752,11753,16862,18058,11521
2560,ลำน้ำกระบุรี,สำนักบริหารพื้นที่อนุรักษ์ที่ 4,1325,1337,1662,1359,1080,1214,2082,1036,691,1192,974,1116
2560,หมู่เกาะระนอง,สำนักบริหารพื้นที่อนุรักษ์ที่ 4,15,70,127,60,78,41,89,38,0,0,0,0
2560,เขาหลวง,สำนักบริหารพื้นที่อนุรักษ์ที่ 5,4269,1536,1173,748,2919,9920,19349,5371,3913,5045,4486,4304
2560,หาดนพรัตน์ธารา-หมู่เกาะพีพี,สำนักบริหารพื้นที่อนุรักษ์ที่ 5,133298,121555,140363,163559,167043,209906,210061,183947,169941,176229,178307,136440
2560,อ่าวพังงา,สำนักบริหารพื้นที่อนุรักษ์ที่ 5,88463,78045,95046,123556,122342,122618,107972,93987,93804,150277,173749,132551
2560,หมู่เกาะสุรินทร์,สำนักบริหารพื้นที่อนุรักษ์ที่ 5,895,5567,6646,7130,9143,9035,9188,1803,0,0,0,0
2560,หมู่เกาะสิมิลัน,สำนักบริหารพื้นที่อนุรักษ์ที่ 5,11308,70795,84563,115204,121099,105831,95922,21591,0,0,0,0
2560,หาดเจ้าไหม,สำนักบริหารพื้นที่อนุรักษ์ที่ 5,2173,3392,6003,6960,5061,7783,17107,7655,371,1957,1250,1084
2560,ตะรุเตา,สำนักบริหารพื้นที่อนุรักษ์ที่ 5,6333,17409,27328,26022,32968,31439,38926,13872,196,153,157,8
2560,หมู่เกาะลันตา,สำนักบริหารพื้นที่อนุรักษ์ที่ 5,11295,23538,29225,34911,34254,33580,33286,13230,4542,7815,6874,5078
2560,สิรินาถ,สำนักบริหารพื้นที่อนุรักษ์ที่ 5,2014,3138,6613,8625,4798,4691,4899,2349,2267,1895,2400,1882
2560,น้ำตกโยง,สำนักบริหารพื้นที่อนุรักษ์ที่ 5,2930,2380,3187,2646,6664,15889,18033,4178,3387,5232,3283,4118
2560,เขานัน,สำนักบริหารพื้นที่อนุรักษ์ที่ 5,386,109,233,217,631,1362,3643,869,543,630,552,332
2560,ธารโบกขรณี,สำนักบริหารพื้นที่อนุรักษ์ที่ 5,9174,17259,13182,15109,15181,18436,23121,12430,9986,12508,14289,9141
2560,หมู่เกาะเภตรา,สำนักบริหารพื้นที่อนุรักษ์ที่ 5,1929,1326,3906,4434,2788,3459,10283,4724,3557,3391,1516,3814
2560,ทะเลบัน,สำนักบริหารพื้นที่อนุรักษ์ที่ 5,945,764,1501,1976,2135,2021,1943,923,597,902,840,914
2560,ศรีพังงา,สำนักบริหารพื้นที่อนุรักษ์ที่ 5,816,1174,1862,2692,2809,2359,3680,1149,727,923,796,830
2560,เขาลำปี-หาดท้ายเหมือง,สำนักบริหารพื้นที่อนุรักษ์ที่ 5,2900,3433,4922,6898,5417,6042,6375,3163,2401,2823,1910,2154
2560,เขาพนมเบญจา,สำนักบริหารพื้นที่อนุรักษ์ที่ 5,853,1005,1608,1166,1458,1657,2129,906,657,899,619,575
2560,น้ำตกสี่ขีด,สำนักบริหารพื้นที่อนุรักษ์ที่ 5,1008,320,394,676,568,1556,6031,805,632,970,994,713
2560,หาดขนอม-หมู่เกาะทะเลใต้ (เตรียมการฯ),สำนักบริหารพื้นที่อนุรักษ์ที่ 5,1765,823,1105,5857,1481,2199,13386,1663,1366,1271,1822,1248
2560,เขาหลัก-ลำรู่,สำนักบริหารพื้นที่อนุรักษ์ที่ 5,4350,6689,9284,12550,9512,8723,11719,3948,2626,4386,4078,1892
2560,เขาน้ำค้าง,สำนักบริหารพื้นที่อนุรักษ์ที่ 6,164,533,60,190,384,292,203,45,25,114,272,145
2560,เขาปู่-เขาย่า,สำนักบริหารพื้นที่อนุรักษ์ที่ 6,2109,1089,1509,2365,8943,13404,15944,15183,15295,13552,9655,7582
2560,สันกาลาคีรี (เตรียมการฯ),สำนักบริหารพื้นที่อนุรักษ์ที่ 6,115,44,67,50,196,720,2178,1746,946,1315,564,704
2560,บางลาง,สำนักบริหารพื้นที่อนุรักษ์ที่ 6 สาขาปัตตานี,595,74,24,209,477,3517,4741,2324,907,1176,586,824
2560,น้ำตกทรายขาว,สำนักบริหารพื้นที่อนุรักษ์ที่ 6 สาขาปัตตานี,6159,2887,1887,5163,5894,14550,15426,11606,4413,7741,4318,10147
2560,บูโด-สุไหงปาดี,สำนักบริหารพื้นที่อนุรักษ์ที่ 6 สาขาปัตตานี,830,299,156,379,429,2640,5540,3105,2838,3200,1228,3104
2560,อ่าวมะนาว-เขาตันหยง (เตรียมการ),สำนักบริหารพื้นที่อนุรักษ์ที่ 6 สาขาปัตตานี,2551,1615,1631,5340,2623,4622,5375,4624,7783,3056,3778,9501
2560,น้ำตกชีโป (เตรียมการฯ),สำนักบริหารพื้นที่อนุรักษ์ที่ 6 สาขาปัตตานี,1669,961,1116,1219,1539,6350,4540,3317,1562,3616,2230,2894
2560,ตาดโตน,สำนักบริหารพื้นที่อนุรักษ์ที่ 7,15288,11542,15292,19682,12944,37758,120233,27522,9082,19219,18585,8179
2560,ไทรทอง,สำนักบริหารพื้นที่อนุรักษ์ที่ 7,4148,2784,4589,4667,2139,2130,4082,2565,3350,23923,11297,2732
2560,ป่าหินงาม,สำนักบริหารพื้นที่อนุรักษ์ที่ 7,2589,1485,3563,4114,830,756,1128,1422,13001,72120,22133,2796
2560,ภูแลนคา,สำนักบริหารพื้นที่อนุรักษ์ที่ 7,7896,7430,28876,22816,5198,3047,5454,3257,3189,10736,6814,3777
2560,ภูกระดึง,สำนักบริหารพื้นที่อนุรักษ์ที่ 8,8633,8981,37642,15981,6506,1211,1514,829,863,1221,1210,792
2560,ภูเรือ,สำนักบริหารพื้นที่อนุรักษ์ที่ 8,12686,13039,66644,49298,15557,3872,3654,2421,3087,4619,3853,3938
2560,ภูเวียง,สำนักบริหารพื้นที่อนุรักษ์ที่ 8,1070,338,912,994,598,587,651,440,535,1007,1147,677
2560,ภูผาม่าน,สำนักบริหารพื้นที่อนุรักษ์ที่ 8,771,577,2388,1445,739,317,571,408,784,838,566,632
2560,น้ำพอง,สำนักบริหารพื้นที่อนุรักษ์ที่ 8,944,755,2054,2007,956,480,719,558,598,1373,1725,1053
2560,ภูสวนทราย (นาแห้ว),สำนักบริหารพื้นที่อนุรักษ์ที่ 8,587,574,3423,2322,726,172,358,122,164,273,171,107
2560,ผาแต้ม,สำนักบริหารพื้นที่อนุรักษ์ที่ 9,27027,15668,56609,37626,21254,16066,23484,10916,8822,19857,14320,11539
2560,แก่งตะนะ,สำนักบริหารพื้นที่อนุรักษ์ที่ 9,3151,2180,5941,5421,4214,2503,5445,1588,973,2093,1159,1200
2560,ภูจอง-นายอย,สำนักบริหารพื้นที่อนุรักษ์ที่ 9,23872,11346,12656,13314,4586,4263,10755,4123,7926,8438,10332,10306
2560,เขาพระวิหาร,สำนักบริหารพื้นที่อนุรักษ์ที่ 9,35533,23762,56738,49004,9668,5843,11798,6357,7815,13422,8806,9701
2560,ภูผาเทิบ (มุกดาหาร),สำนักบริหารพื้นที่อนุรักษ์ที่ 9,7323,5468,11483,9185,6961,5729,3938,2430,1724,3032,3066,2600
2560,ภูสระดอกบัว,สำนักบริหารพื้นที่อนุรักษ์ที่ 9,102,95,486,545,503,268,153,78,72,126,106,109
2560,ภูพาน,สำนักบริหารพื้นที่อนุรักษ์ที่ 10,29,210,1145,823,790,145,265,5,190,339,317,485
2560,นายูง-น้ำโสม (เตรียมการฯ),สำนักบริหารพื้นที่อนุรักษ์ที่ 10,1708,550,397,763,872,375,541,553,463,1378,1868,926
2560,ภูผาเหล็ก,สำนักบริหารพื้นที่อนุรักษ์ที่ 10,69,122,311,368,100,86,148,60,129,36,168,69
2560,ภูผายล,สำนักบริหารพื้นที่อนุรักษ์ที่ 10,239,344,602,334,421,146,200,124,342,159,174,260
2560,ภูลังกา,สำนักบริหารพื้นที่อนุรักษ์ที่ 10,3418,733,1232,1605,791,397,737,148,2876,4543,5661,2671
2560,ภูเก้า-ภูพานคำ,สำนักบริหารพื้นที่อนุรักษ์ที่ 10,260,272,655,686,843,261,816,555,243,317,400,319
2560,ภูผายา (เตรียมการฯ),สำนักบริหารพื้นที่อนุรักษ์ที่ 10,1550,3094,2342,916,1508,903,953,982,673,2217,2347,2297
2560,ทุ่งแสลงหลวง,สำนักบริหารพื้นที่อนุรักษ์ที่ 11,5739,5286,17345,10691,3295,2195,4636,1416,1170,3879,3216,1697
2560,ภูหินร่องกล้า,สำนักบริหารพื้นที่อนุรักษ์ที่ 11,20224,21373,75930,104087,43884,4735,3858,3141,4956,13746,12848,11893
2560,น้ำหนาว,สำนักบริหารพื้นที่อนุรักษ์ที่ 11,2394,2245,11408,7259,2177,671,1280,433,337,788,711,603
2560,น้ำตกชาติตระการ,สำนักบริหารพื้นที่อนุรักษ์ที่ 11,1117,1232,2453,2416,988,1064,4258,1077,573,765,808,338
2560,ภูสอยดาว,สำนักบริหารพื้นที่อนุรักษ์ที่ 11,2424,1197,4252,2545,489,719,3177,184,137,916,1611,3598
2560,ลำน้ำน่าน,สำนักบริหารพื้นที่อนุรักษ์ที่ 11,1294,1917,6672,4335,1727,2888,6718,1536,569,1126,745,458
2560,เขาค้อ,สำนักบริหารพื้นที่อนุรักษ์ที่ 11,2477,2024,5018,4274,1208,1606,5434,809,566,862,993,747
2560,แก่งเจ็ดแคว (เตรียมการฯ),สำนักบริหารพื้นที่อนุรักษ์ที่ 11,265,116,733,1942,235,95,976,202,89,138,103,239
2560,ต้นสักใหญ่ (คลองตรอน),สำนักบริหารพื้นที่อนุรักษ์ที่ 11,292,107,418,562,307,270,278,130,156,568,447,344
2560,ตาดหมอก,สำนักบริหารพื้นที่อนุรักษ์ที่ 11,147,493,3103,1952,2855,277,755,137,149,169,354,423
2560,แม่วงก์,สำนักบริหารพื้นที่อนุรักษ์ที่ 12,2997,3148,12153,10151,3078,1723,8871,2314,1260,3520,2542,1485
2560,คลองลาน,สำนักบริหารพื้นที่อนุรักษ์ที่ 12,19448,15337,26475,28023,10787,17356,50965,13385,7510,14197,14057,7096
2560,คลองวังเจ้า,สำนักบริหารพื้นที่อนุรักษ์ที่ 12,882,943,4080,3943,1938,2349,3742,1245,777,926,1014,621
2560,แม่ยม,สำนักบริหารพื้นที่อนุรักษ์ที่ 13,322,352,1030,865,309,754,2423,215,34,80,102,176
2560,เวียงโกศัย,สำนักบริหารพื้นที่อนุรักษ์ที่ 13,914,713,1892,2265,1036,2922,7669,1533,421,2,21,0
2560,ดอยผากลอง,สำนักบริหารพื้นที่อนุรักษ์ที่ 13,181,211,726,962,808,356,446,93,29,117,94,190
2560,ขุนน่าน,สำนักบริหารพื้นที่อนุรักษ์ที่ 13,141,233,1123,567,270,52,90,30,29,56,31,25
2560,ขุนสถาน,สำนักบริหารพื้นที่อนุรักษ์ที่ 13,2696,3369,14570,11333,4249,1998,1172,684,785,903,1165,1397
2560,ดอยภูคา,สำนักบริหารพื้นที่อนุรักษ์ที่ 13,3236,2974,12004,7926,4478,2226,4290,538,772,1274,1125,1111
2560,ถ้ำสะเกิน,สำนักบริหารพื้นที่อนุรักษ์ที่ 13,674,1211,8561,4624,1653,621,747,392,506,809,665,1116
2560,นันทบุรี (เตรียมการฯ),สำนักบริหารพื้นที่อนุรักษ์ที่ 13,346,703,3882,1702,878,677,395,276,105,89,98,106
2560,แม่จริม,สำนักบริหารพื้นที่อนุรักษ์ที่ 13,776,782,2103,1789,1024,1273,1739,896,817,810,645,640
2560,ศรีน่าน,สำนักบริหารพื้นที่อนุรักษ์ที่ 13,8200,10056,37094,22100,9080,1530,1232,793,836,1760,1326,1389
2560,แจ้ซ้อน,สำนักบริหารพื้นที่อนุรักษ์ที่ 13 สาขาลำปาง,11973,10555,39050,38799,19730,19394,46720,13000,6037,9813,9252,7473
2560,ดอยขุนตาล,สำนักบริหารพื้นที่อนุรักษ์ที่ 13 สาขาลำปาง,756,928,3276,2436,1098,660,472,474,602,646,433,528
2560,ถ้ำผาไท (เตรียมการฯ),สำนักบริหารพื้นที่อนุรักษ์ที่ 13 สาขาลำปาง,1571,1107,4837,6431,2147,2033,6873,1438,1242,2393,1659,803
2560,แม่วะ,สำนักบริหารพื้นที่อนุรักษ์ที่ 13 สาขาลำปาง,318,205,867,948,488,217,271,64,137,232,165,158
2560,ดอยจง (เตรียมการฯ),สำนักบริหารพื้นที่อนุรักษ์ที่ 13 สาขาลำปาง,607,251,682,892,659,901,1172,926,425,577,525,533
2560,เขลางค์บรรพต (เตรียมการฯ),สำนักบริหารพื้นที่อนุรักษ์ที่ 13 สาขาลำปาง,0,0,0,0,0,0,0,0,0,0,0,0
2560,ตากสินมหาราช,สำนักบริหารพื้นที่อนุรักษ์ที่ 14,983,1947,10919,5477,1573,426,568,398,220,559,501,398
2560,แม่เมย,สำนักบริหารพื้นที่อนุรักษ์ที่ 14,263,880,4862,3335,682,218,745,238,54,139,47,60
2560,น้ำตกพาเจริญ (เตรียมการฯ),สำนักบริหารพื้นที่อนุรักษ์ที่ 14,5432,4980,9485,8569,5026,6953,17367,4280,2773,2861,2256,3349
2560,รามคำแหง,สำนักบริหารพื้นที่อนุรักษ์ที่ 14,2232,2094,10453,4139,1799,665,724,470,1038,2684,1490,1093
2560,ศรีสัชนาลัย,สำนักบริหารพื้นที่อนุรักษ์ที่ 14,1077,873,2622,3262,936,803,2215,656,369,799,576,154
2560,ลานสาง,สำนักบริหารพื้นที่อนุรักษ์ที่ 14,2235,1359,4702,4859,2523,4027,11503,2951,1105,3142,2268,1127
2560,ขุนพะวอ,สำนักบริหารพื้นที่อนุรักษ์ที่ 14,335,2260,3359,3236,486,134,122,109,26,66,109,70
2560,ไม้กลายเป็นหิน (เตรียมการฯ),สำนักบริหารพื้นที่อนุรักษ์ที่ 14,3276,3022,5433,5358,4740,2727,2752,2207,1573,3118,2657,2061
2560,ดอยหลวง,สำนักบริหารพื้นที่อนุรักษ์ที่ 15,1313,1119,2017,1743,1602,4494,12823,2232,825,0,0,0
2560,ขุนแจ,สำนักบริหารพื้นที่อนุรักษ์ที่ 15,811,1099,1672,991,903,655,763,682,791,705,710,673
2560,ภูซาง,สำนักบริหารพื้นที่อนุรักษ์ที่ 15,6051,5614,14408,11383,7732,7856,34803,5221,2981,2708,3232,3216
2560,ดอยภูนาง,สำนักบริหารพื้นที่อนุรักษ์ที่ 15,857,896,1770,1335,1432,1987,5109,1457,448,427,320,208
2560,ลำน้ำกก (เตรียมการฯ),สำนักบริหารพื้นที่อนุรักษ์ที่ 15,10012,7719,9815,11554,10125,15792,27444,10253,5930,6541,5496,4023
2560,แม่ปืม,สำนักบริหารพื้นที่อนุรักษ์ที่ 15,363,324,627,500,306,224,359,129,184,347,242,174
2560,ภูชี้ฟ้า (เตรียมการฯ),สำนักบริหารพื้นที่อนุรักษ์ที่ 15,0,0,0,0,0,0,0,0,0,2892,1632,1809
2560,ดอยอินทนนท์,สำนักบริหารพื้นที่อนุรักษ์ที่ 16,62691,85669,210013,158754,86776,32590,39583,19461,16686,32320,28571,24321
2560,แม่ปิง,สำนักบริหารพื้นที่อนุรักษ์ที่ 16,1008,1218,4710,5080,4145,3442,6767,1270,463,1176,1267,1841
2560,ผาแดง (เชียงดาว),สำนักบริหารพื้นที่อนุรักษ์ที่ 16,3777,2792,7269,7634,3923,2942,4894,1280,943,1334,595,805
2560,ดอยผ้าห่มปก,สำนักบริหารพื้นที่อนุรักษ์ที่ 16,6927,5785,29015,25957,9789,7606,15591,4314,4162,6026,4950,3196
2560,ห้วยน้ำดัง,สำนักบริหารพื้นที่อนุรักษ์ที่ 16,14401,17773,52726,39996,15318,5387,12035,3089,3229,6200,6525,4586
2560,ดอยสุเทพ-ปุย,สำนักบริหารพื้นที่อนุรักษ์ที่ 16,28662,29222,42047,38544,27726,30500,38341,19941,16243,23018,19185,13575
2560,ออบหลวง,สำนักบริหารพื้นที่อนุรักษ์ที่ 16,3846,4418,13772,8011,3272,2706,3093,1642,1206,1889,1744,1565
2560,ศรีลานนา,สำนักบริหารพื้นที่อนุรักษ์ที่ 16,6095,4528,8880,6882,5089,7702,14024,9569,4260,4824,3577,3824
2560,ดอยเวียงผา (เตรียมการฯ),สำนักบริหารพื้นที่อนุรักษ์ที่ 16,178,200,334,220,188,88,133,89,106,68,52,75
2560,ออบขาน (เตรียมการฯ),สำนักบริหารพื้นที่อนุรักษ์ที่ 16,1184,1647,2178,1969,961,1651,28960,8176,1800,1878,1651,1023
2560,แม่โถ (เตรียมการฯ),สำนักบริหารพื้นที่อนุรักษ์ที่ 16,0,53,333,159,12,78,83,4,0,6,15,5
2560,แม่ตะไคร้ (เตรียมการฯ),สำนักบริหารพื้นที่อนุรักษ์ที่ 16,6588,5233,7991,6452,5969,6244,9541,4787,3365,4987,4625,4051
2560,ขุนขาน,สำนักบริหารพื้นที่อนุรักษ์ที่ 16,20,35,701,652,62,17,118,20,18,52,59,7
2560,แม่วาง,สำนักบริหารพื้นที่อนุรักษ์ที่ 16,5620,4918,16536,15226,7706,3179,4313,2937,2798,4388,4106,4302
2560,น้ำตกบัวตอง - น้ำพุเจ็ดสี (เตรียมการฯ),สำนักบริหารพื้นที่อนุรักษ์ที่ 16,0,0,0,0,0,0,0,0,0,0,0,0
2560,ถ้ำปลา-น้ำตกผาเสื่อ,สำนักบริหารพื้นที่อนุรักษ์ที่ 16,6197,10865,23600,15450,5376,2830,3167,1935,1648,2361,1904,1657
2560,น้ำตกแม่สุรินทร์,สำนักบริหารพื้นที่อนุรักษ์ที่ 16 สาขาแม่สะเรียง,330,2648,2023,981,283,184,375,85,57,177,244,69
2560,สาละวิน,สำนักบริหารพื้นที่อนุรักษ์ที่ 16 สาขาแม่สะเรียง,100,80,251,219,73,4,20,10,2,0,16,20
2560,แม่เงา (เตรียมการฯ),สำนักบริหารพื้นที่อนุรักษ์ที่ 16 สาขาแม่สะเรียง,181,274,1153,458,271,751,1974,157,52,91,19,46
2560,แม่ยวมฝั่งซ้าย (เตรียมการฯ),สำนักบริหารพื้นที่อนุรักษ์ที่ 16 สาขาแม่สะเรียง,0,0,0,0,0,0,0,0,0,0,0,0
2561,เขาใหญ่,สำนักบริหารพื้นที่อนุรักษ์ที่ 1,158948,143019,290360,174128,95383,73138,96289,86434,77806,120644,95145,78582
2561,ทับลาน,สำนักบริหารพื้นที่อนุรักษ์ที่ 1,2891,1344,3543,2808,1512,2052,11133,2219,2449,3428,3569,2141
2561,ปางสีดา,สำนักบริหารพื้นที่อนุรักษ์ที่ 1,11576,3190,6167,4093,2104,2118,3502,2950,4745,7567,6674,4917
2561,ตาพระยา,สำนักบริหารพื้นที่อนุรักษ์ที่ 1,517,405,545,510,365,258,181,230,248,273,350,344
2561,น้ำตกสามหลั่น,สำนักบริหารพื้นที่อนุรักษ์ที่ 1 สาขาสระบุรี,10531,5795,7460,3327,3123,2420,4854,2711,2921,5321,3106,4696
2561,น้ำตกเจ็ดสาวน้อย,สำนักบริหารพื้นที่อนุรักษ์ที่ 1 สาขาสระบุรี,31783,22982,33773,24882,21836,33643,45842,26101,16187,22127,16346,7592
2561,หมู่เกาะช้าง,สำนักบริหารพื้นที่อนุรักษ์ที่ 2,27549,22099,31914,30795,30185,31590,41588,28975,10435,18502,12283,7172
2561,เขาแหลมหญ้า-หมู่เกาะเสม็ด,สำนักบริหารพื้นที่อนุรักษ์ที่ 2,92699,88104,114787,110790,125659,134921,138232,115610,89389,98110,81385,63237
2561,น้ำตกพลิ้ว,สำนักบริหารพื้นที่อนุรักษ์ที่ 2,53137,20892,43222,41032,55709,91846,112736,85425,33789,41041,17437,17122
2561,เขาชะเมา-เขาวง,สำนักบริหารพื้นที่อนุรักษ์ที่ 2,20471,6669,15725,13194,9402,11971,28934,27126,15950,18492,8816,7256
2561,เขาคิชฌกูฎ,สำนักบริหารพื้นที่อนุรักษ์ที่ 2,10847,3849,8613,79120,400988,379974,25096,15131,5271,6680,2242,2751
2561,น้ำตกคลองแก้ว,สำนักบริหารพื้นที่อนุรักษ์ที่ 2,1952,647,1640,2566,1436,1513,6234,1782,948,391,199,568
2561,เขาสิบห้าชั้น,สำนักบริหารพื้นที่อนุรักษ์ที่ 2,566,220,899,676,308,414,703,258,164,298,261,342
2561,เขื่อนศรีนครินทร์,สำนักบริหารพื้นที่อนุรักษ์ที่ 3,17807,7452,19382,16325,8156,8449,23201,9894,4763,11271,4531,1496
2561,เอราวัณ,สำนักบริหารพื้นที่อนุรักษ์ที่ 3,50705,46623,68838,64819,54517,66128,94325,52943,33010,56300,37697,19843
2561,ไทรโยค,สำนักบริหารพื้นที่อนุรักษ์ที่ 3,12312,7192,17662,14909,7773,9905,20861,11070,5909,8227,5307,2755
2561,เขาแหลม,สำนักบริหารพื้นที่อนุรักษ์ที่ 3,5188,3354,9411,6579,2933,1673,2597,1434,924,4045,2254,2181
2561,เฉลิมรัตนโกสินทร์,สำนักบริหารพื้นที่อนุรักษ์ที่ 3,4243,1882,4109,4345,2423,2350,7412,2328,1830,2333,1766,1743
2561,ทองผาภูมิ,สำนักบริหารพื้นที่อนุรักษ์ที่ 3,10581,8796,22921,15496,6373,4048,6104,4637,2168,4614,2312,4308
2561,ลำคลองงู,สำนักบริหารพื้นที่อนุรักษ์ที่ 3,0,168,762,698,163,915,1680,144,12,0,0,70
2561,เฉลิมพระเกียรติไทยประจัน,สำนักบริหารพื้นที่อนุรักษ์ที่ 3,7335,5292,8830,8870,4655,5584,6780,4926,5082,5838,5821,4703
2561,พุเตย,สำนักบริหารพื้นที่อนุรักษ์ที่ 3,696,876,3711,2028,880,314,364,452,240,529,582,536
2561,แก่งกระจาน,สำนักบริหารพื้นที่อนุรักษ์ที่ 3 สาขาเพชรบุรี,7577,10581,25281,18128,10036,9251,17928,13458,7307,7124,1455,2235
2561,กุยบุรี,สำนักบริหารพื้นที่อนุรักษ์ที่ 3 สาขาเพชรบุรี,1036,1031,2587,2199,1405,1603,1538,607,796,2238,1797,804
2561,เขาสามร้อยยอด,สำนักบริหารพื้นที่อนุรักษ์ที่ 3 สาขาเพชรบุรี,12035,8301,16488,14717,11724,13990,16976,13225,8730,14106,9259,7136
2561,น้ำตกห้วยยาง,สำนักบริหารพื้นที่อนุรักษ์ที่ 3 สาขาเพชรบุรี,2818,1100,2960,3345,1817,2668,5677,2577,1496,2452,977,1124
2561,หาดวนกร,สำนักบริหารพื้นที่อนุรักษ์ที่ 3 สาขาเพชรบุรี,3348,983,3270,2150,1804,4007,9340,5309,2502,3515,1591,1456
2561,อ่าวสยาม (เตรียมการฯ),สำนักบริหารพื้นที่อนุรักษ์ที่ 3 สาขาเพชรบุรี,2363,2390,2732,2263,2145,2385,2945,2762,2451,2993,2972,2637
2561,เขาสก,สำนักบริหารพื้นที่อนุรักษ์ที่ 4,30469,33360,41040,43854,43356,52332,52838,29369,21114,33105,30188,17506
2561,หมู่เกาะอ่างทอง,สำนักบริหารพื้นที่อนุรักษ์ที่ 4,11194,0,3789,14291,18021,17639,14775,12238,12681,14197,21036,11517
2561,หมู่เกาะชุมพร,สำนักบริหารพื้นที่อนุรักษ์ที่ 4,494,63,1266,6764,4350,7024,10420,5941,4056,4771,2404,3637
2561,แหลมสน,สำนักบริหารพื้นที่อนุรักษ์ที่ 4,1435,1468,3286,4106,2632,3872,9473,2420,530,850,438,775
2561,ใต้ร่มเย็น,สำนักบริหารพื้นที่อนุรักษ์ที่ 4,1253,307,721,2187,2392,3135,4871,1071,674,772,629,568
2561,น้ำตกหงาว,สำนักบริหารพื้นที่อนุรักษ์ที่ 4,10603,5533,9072,7478,6598,7725,17523,8307,5556,7971,5283,7360
2561,แก่งกรุง,สำนักบริหารพื้นที่อนุรักษ์ที่ 4,0,0,40,11,103,114,281,8,9,56,12,41
2561,คลองพนม,สำนักบริหารพื้นที่อนุรักษ์ที่ 4,40,55,211,880,538,516,474,82,56,46,70,162
2561,ธารเสด็จ-เกาะพะงัน,สำนักบริหารพื้นที่อนุรักษ์ที่ 4,5770,5476,8684,16922,16174,15640,13761,11534,8057,12771,16583,10813
2561,ลำน้ำกระบุรี,สำนักบริหารพื้นที่อนุรักษ์ที่ 4,2230,1506,1818,1883,1592,1068,1550,1263,867,802,658,1059
2561,หมู่เกาะระนอง,สำนักบริหารพื้นที่อนุรักษ์ที่ 4,33,52,64,78,69,43,119,33,0,4,0,6
2561,เขาหลวง,สำนักบริหารพื้นที่อนุรักษ์ที่ 5,6255,1012,1117,2030,5469,12464,22395,3486,1881,2527,2838,2791
2561,หาดนพรัตน์ธารา-หมู่เกาะพีพี,สำนักบริหารพื้นที่อนุรักษ์ที่ 5,181266,173061,192532,202302,187985,213996,205835,174875,109980,79777,86259,70003
2561,อ่าวพังงา,สำนักบริหารพื้นที่อนุรักษ์ที่ 5,145960,146037,153489,173158,175737,174134,151688,115754,106674,101232,92407,61164
2561,หมู่เกาะสุรินทร์,สำนักบริหารพื้นที่อนุรักษ์ที่ 5,2244,5431,7897,9214,10402,12274,11108,2665,0,0,0,0
2561,หมู่เกาะสิมิลัน,สำนักบริหารพื้นที่อนุรักษ์ที่ 5,24150,106362,123737,155045,183279,158033,132832,29128,0,0,0,0
2561,หาดเจ้าไหม,สำนักบริหารพื้นที่อนุรักษ์ที่ 5,7563,5737,11252,14736,10076,14149,24881,6681,974,1592,1564,1048
2561,ตะรุเตา,สำนักบริหารพื้นที่อนุรักษ์ที่ 5,10111,22610,31840,33291,36352,49476,51060,20441,92,10,0,55
2561,หมู่เกาะลันตา,สำนักบริหารพื้นที่อนุรักษ์ที่ 5,14711,26399,32416,40398,42699,36062,31946,12823,4878,6561,7662,3902
2561,สิรินาถ,สำนักบริหารพื้นที่อนุรักษ์ที่ 5,2770,2702,5483,8189,4982,5312,4007,1818,1970,2420,2285,2633
2561,น้ำตกโยง,สำนักบริหารพื้นที่อนุรักษ์ที่ 5,6965,2129,3329,5955,10036,20250,22921,4780,2283,2929,2988,3266
2561,เขานัน,สำนักบริหารพื้นที่อนุรักษ์ที่ 5,522,168,100,701,775,1196,3987,399,306,330,267,267
2561,ธารโบกขรณี,สำนักบริหารพื้นที่อนุรักษ์ที่ 5,15858,10632,17235,20618,18533,20517,26850,12612,9241,10124,10674,8206
2561,หมู่เกาะเภตรา,สำนักบริหารพื้นที่อนุรักษ์ที่ 5,4249,2504,5086,6744,3998,6308,10015,4697,5123,4888,6285,4111
2561,ทะเลบัน,สำนักบริหารพื้นที่อนุรักษ์ที่ 5,1024,733,1293,1546,1136,1423,2038,732,559,654,1146,921
2561,ศรีพังงา,สำนักบริหารพื้นที่อนุรักษ์ที่ 5,1561,1358,1926,2594,2243,2641,4028,1405,496,376,624,576
2561,เขาลำปี-หาดท้ายเหมือง,สำนักบริหารพื้นที่อนุรักษ์ที่ 5,3311,3061,4438,5766,4659,5618,7078,2880,1199,1853,1739,1377
2561,เขาพนมเบญจา,สำนักบริหารพื้นที่อนุรักษ์ที่ 5,1145,1097,1777,2678,2039,2936,2130,823,423,478,756,460
2561,น้ำตกสี่ขีด,สำนักบริหารพื้นที่อนุรักษ์ที่ 5,1202,219,195,1018,1063,1587,4968,510,368,771,307,371
2561,หาดขนอม-หมู่เกาะทะเลใต้ (เตรียมการฯ),สำนักบริหารพื้นที่อนุรักษ์ที่ 5,1377,645,1500,5306,1912,1938,5827,1124,1173,1253,936,768
2561,เขาหลัก-ลำรู่,สำนักบริหารพื้นที่อนุรักษ์ที่ 5,5203,7939,7668,8956,9748,10111,12073,4231,2059,3776,3743,2529
2561,เขาน้ำค้าง,สำนักบริหารพื้นที่อนุรักษ์ที่ 6,120,55,329,709,554,336,1087,65,59,74,117,78
2561,เขาปู่-เขาย่า,สำนักบริหารพื้นที่อนุรักษ์ที่ 6,14315,7077,12568,14544,14271,18279,25939,9448,6299,6192,15945,11108
2561,สันกาลาคีรี (เตรียมการฯ),สำนักบริหารพื้นที่อนุรักษ์ที่ 6,735,68,122,566,2540,735,1282,194,335,429,760,671
2561,บางลาง,สำนักบริหารพื้นที่อนุรักษ์ที่ 6 สาขาปัตตานี,2130,352,287,417,832,2500,3785,837,822,587,1219,438
2561,น้ำตกทรายขาว,สำนักบริหารพื้นที่อนุรักษ์ที่ 6 สาขาปัตตานี,12119,2044,1144,4561,7122,18288,21578,16410,9964,8165,15220,6475
2561,บูโด-สุไหงปาดี,สำนักบริหารพื้นที่อนุรักษ์ที่ 6 สาขาปัตตานี,3007,455,762,1949,2758,5034,10084,4137,4034,1821,3281,1066
2561,อ่าวมะนาว-เขาตันหยง (เตรียมการฯ),สำนักบริหารพื้นที่อนุรักษ์ที่ 6 สาขาปัตตานี,4305,1602,1999,5536,3745,5110,6423,4359,9563,4110,8724,3761
2561,น้ำตกชีโป (เตรียมการฯ),สำนักบริหารพื้นที่อนุรักษ์ที่ 6 สาขาปัตตานี,3499,846,626,1229,2675,6370,7082,4009,3433,2993,2199,847
2561,ตาดโตน,สำนักบริหารพื้นที่อนุรักษ์ที่ 7,9962,7567,13966,15566,13519,40831,94553,21593,14268,16637,15614,8978
2561,ไทรทอง,สำนักบริหารพื้นที่อนุรักษ์ที่ 7,3358,2455,3412,2880,1516,1913,3960,2240,4911,21380,5719,1901
2561,ป่าหินงาม,สำนักบริหารพื้นที่อนุรักษ์ที่ 7,2848,1368,3405,2557,1091,802,1198,2030,18835,40159,14990,1932
2561,ภูแลนคา,สำนักบริหารพื้นที่อนุรักษ์ที่ 7,11019,9804,25145,18802,4988,4171,5349,3457,4034,10199,6874,4303
2561,ภูกระดึง,สำนักบริหารพื้นที่อนุรักษ์ที่ 8,9355,9263,31041,15370,6473,2876,3190,1908,502,1087,692,634
2561,ภูเรือ,สำนักบริหารพื้นที่อนุรักษ์ที่ 8,16381,16967,67149,42118,11482,4056,3678,2396,3223,5329,3768,4806
2561,ภูเวียง,สำนักบริหารพื้นที่อนุรักษ์ที่ 8,1278,759,1141,1112,515,434,667,374,315,478,416,437
2561,ภูผาม่าน,สำนักบริหารพื้นที่อนุรักษ์ที่ 8,1125,856,2635,2038,1306,341,849,311,406,591,532,435
2561,น้ำพอง,สำนักบริหารพื้นที่อนุรักษ์ที่ 8,2026,783,1866,2355,840,806,783,4612,4095,6033,14431,6981
2561,ภูสวนทราย,สำนักบริหารพื้นที่อนุรักษ์ที่ 8,958,549,3704,1258,470,204,381,212,308,616,393,272
2561,ผาแต้ม,สำนักบริหารพื้นที่อนุรักษ์ที่ 9,25900,14618,40647,25455,12891,13099,16126,9009,6212,15159,8737,9890
2561,แก่งตะนะ,สำนักบริหารพื้นที่อนุรักษ์ที่ 9,2636,2056,5343,4255,1992,2637,6394,1496,1030,2328,1608,1562
2561,ภูจองนายอย,สำนักบริหารพื้นที่อนุรักษ์ที่ 9,18969,7593,10798,6927,2709,4565,11465,5847,5985,8347,8389,9652
2561,เขาพระวิหาร,สำนักบริหารพื้นที่อนุรักษ์ที่ 9,37474,16716,35704,26689,10195,7917,13694,7592,8932,12636,10379,12471
2561,ภูผาเทิบ,สำนักบริหารพื้นที่อนุรักษ์ที่ 9,4521,4672,9197,8046,5456,4929,3406,2037,2730,3532,2794,2835
2561,ภูสระดอกบัว,สำนักบริหารพื้นที่อนุรักษ์ที่ 9,150,104,453,211,177,102,90,75,47,77,179,201
2561,ภูพาน,สำนักบริหารพื้นที่อนุรักษ์ที่ 10,40,447,1476,1111,1533,110,336,149,86,247,417,179
2561,นายูง-น้ำโสม (เตรียมการฯ),สำนักบริหารพื้นที่อนุรักษ์ที่ 10,1338,530,908,606,765,534,924,937,667,947,1130,914
2561,ภูผาเหล็ก,สำนักบริหารพื้นที่อนุรักษ์ที่ 10,116,110,300,375,103,109,124,75,90,38,109,86
2561,ภูผายล,สำนักบริหารพื้นที่อนุรักษ์ที่ 10,128,207,713,839,342,175,318,149,274,94,219,210
2561,ภูลังกา,สำนักบริหารพื้นที่อนุรักษ์ที่ 10,3918,215,412,855,892,127,103,827,2544,2073,2171,2682
2561,ภูเก้า-ภูพานคำ,สำนักบริหารพื้นที่อนุรักษ์ที่ 10,361,298,916,478,664,340,409,211,142,189,199,196
2561,ภูหินจอมธาตุ-ภูพระบาท (เตรียมการฯ),สำนักบริหารพื้นที่อนุรักษ์ที่ 10,1783,1355,1191,2382,1299,1286,1199,1050,1441,886,1228,416
2561,ทุ่งแสลงหลวง,สำนักบริหารพื้นที่อนุรักษ์ที่ 11,4984,2841,15847,7737,2144,1767,4767,1161,1106,3483,2335,1913
2561,ภูหินร่องกล้า,สำนักบริหารพื้นที่อนุรักษ์ที่ 11,31987,26035,64891,82736,17108,6560,4375,4848,5838,11670,15221,16964
2561,น้ำหนาว,สำนักบริหารพื้นที่อนุรักษ์ที่ 11,3288,2989,9495,5605,1344,581,908,1494,544,1907,928,1094
2561,น้ำตกชาติตระการ,สำนักบริหารพื้นที่อนุรักษ์ที่ 11,1105,968,2814,2580,747,986,5355,577,362,551,407,370
2561,ภูสอยดาว,สำนักบริหารพื้นที่อนุรักษ์ที่ 11,2780,1112,3713,1752,818,582,3525,398,204,1448,1686,2775
2561,ลำน้ำน่าน,สำนักบริหารพื้นที่อนุรักษ์ที่ 11,1013,1361,4410,2830,1721,3777,6722,1353,834,1036,731,651
2561,เขาค้อ,สำนักบริหารพื้นที่อนุรักษ์ที่ 11,3198,1805,4124,2945,1462,2178,6755,755,707,789,574,812
2561,แควน้อย (เตรียมการฯ),สำนักบริหารพื้นที่อนุรักษ์ที่ 11,358,141,1709,1320,53,722,631,50,22,139,116,135
2561,ต้นสักใหญ่,สำนักบริหารพื้นที่อนุรักษ์ที่ 11,808,461,925,1079,359,866,1014,536,683,742,507,316
2561,ตาดหมอก,สำนักบริหารพื้นที่อนุรักษ์ที่ 11,744,701,2453,2007,5746,473,1031,267,305,690,556,361
2561,แม่วงก์,สำนักบริหารพื้นที่อนุรักษ์ที่ 12,3069,3408,11770,6580,2381,1860,8251,1219,1295,2355,1958,1490
2561,คลองลาน,สำนักบริหารพื้นที่อนุรักษ์ที่ 12,13546,11928,29924,26791,12831,18237,52298,15249,9952,15256,11381,7686
2561,คลองวังเจ้า,สำนักบริหารพื้นที่อนุรักษ์ที่ 12,1228,1450,4712,2603,1957,1893,7355,2121,1256,1658,966,1171
2561,แม่ยม,สำนักบริหารพื้นที่อนุรักษ์ที่ 13,169,197,1743,1870,410,449,2405,259,93,65,77,79
2561,เวียงโกศัย,สำนักบริหารพื้นที่อนุรักษ์ที่ 13,654,552,1629,1491,997,3031,9098,1367,399,1,13,0
2561,ดอยผากลอง,สำนักบริหารพื้นที่อนุรักษ์ที่ 13,240,259,603,933,796,149,570,116,75,53,55,136
2561,ขุนน่าน,สำนักบริหารพื้นที่อนุรักษ์ที่ 13,229,150,1114,523,99,72,26,9,19,33,44,4
2561,ขุนสถาน,สำนักบริหารพื้นที่อนุรักษ์ที่ 13,3364,2973,14014,9956,3271,1626,808,651,744,833,956,1202
2561,ดอยภูคา,สำนักบริหารพื้นที่อนุรักษ์ที่ 13,4430,3369,11480,6394,3515,1922,7553,1053,1145,2189,1734,1805
2561,ถ้ำสะเกิน,สำนักบริหารพื้นที่อนุรักษ์ที่ 13,1839,1768,5537,3202,1545,511,905,302,171,219,193,204
2561,นันทบุรี (เตรียมการฯ),สำนักบริหารพื้นที่อนุรักษ์ที่ 13,348,467,2235,1355,350,266,91,39,17,110,13,13
2561,แม่จริม,สำนักบริหารพื้นที่อนุรักษ์ที่ 13,1103,719,1950,1783,1099,1526,1502,660,533,889,1269,507
2561,ศรีน่าน,สำนักบริหารพื้นที่อนุรักษ์ที่ 13,11584,10848,44096,23896,6725,1696,1395,1005,986,2820,1602,1630
2561,แจ้ซ้อน,สำนักบริหารพื้นที่อนุรักษ์ที่ 13 สาขาลำปาง,13789,12630,42783,35831,15951,18123,52458,14682,6543,8625,8706,6431
2561,ดอยขุนตาล,สำนักบริหารพื้นที่อนุรักษ์ที่ 13 สาขาลำปาง,934,868,2809,1674,553,312,389,285,455,752,501,638
2561,ถ้ำผาไท (เตรียมการฯ),สำนักบริหารพื้นที่อนุรักษ์ที่ 13 สาขาลำปาง,1463,1377,5508,5436,2704,3569,11944,2938,2047,1180,950,1224
2561,แม่วะ,สำนักบริหารพื้นที่อนุรักษ์ที่ 13 สาขาลำปาง,368,255,1350,1325,213,105,207,303,204,466,317,150
2561,ดอยจง,สำนักบริหารพื้นที่อนุรักษ์ที่ 13 สาขาลำปาง,548,230,812,719,428,817,1327,707,526,472,496,529
2561,เขลางค์บรรพต (เตรียมการฯ),สำนักบริหารพื้นที่อนุรักษ์ที่ 13 สาขาลำปาง,0,0,0,37,0,0,95,764,0,0,110,18
2561,ตากสินมหาราช,สำนักบริหารพื้นที่อนุรักษ์ที่ 14,1798,3073,10473,4342,1326,721,937,795,473,710,587,563
2561,แม่เมย,สำนักบริหารพื้นที่อนุรักษ์ที่ 14,392,1065,4855,2278,377,412,987,80,125,93,45,56
2561,น้ำตกพาเจริญ (เตรียมการฯ),สำนักบริหารพื้นที่อนุรักษ์ที่ 14,6486,6541,16816,14174,9746,15573,48381,6648,4060,2212,2270,4012
2561,รามคำแหง,สำนักบริหารพื้นที่อนุรักษ์ที่ 14,1903,1778,7795,2155,889,883,754,666,846,1438,1114,1280
2561,ศรีสัชนาลัย,สำนักบริหารพื้นที่อนุรักษ์ที่ 14,344,932,1561,1871,475,731,1878,586,452,919,799,453
2561,ลานสาง,สำนักบริหารพื้นที่อนุรักษ์ที่ 14,2052,2151,4242,4453,2544,5351,13102,2716,1099,1149,1112,1009
2561,ขุนพะวอ,สำนักบริหารพื้นที่อนุรักษ์ที่ 14,501,833,3510,521,471,973,625,81,840,119,81,78
2561,ดอยสอยมาลัย (เตรียมการฯ),สำนักบริหารพื้นที่อนุรักษ์ที่ 14,3237,2675,5774,4342,3408,2524,2645,1901,1176,1688,2050,1453
2561,ดอยหลวง,สำนักบริหารพื้นที่อนุรักษ์ที่ 15,855,1036,1978,1862,1572,3632,15620,1838,782,0,0,0
2561,ขุนแจ,สำนักบริหารพื้นที่อนุรักษ์ที่ 15,841,843,3165,948,726,722,791,760,712,881,719,824
2561,ภูซาง,สำนักบริหารพื้นที่อนุรักษ์ที่ 15,7435,6377,11799,10588,6909,10199,42736,6167,3887,3629,3408,3343
2561,ดอยภูนาง,สำนักบริหารพื้นที่อนุรักษ์ที่ 15,695,788,2063,1311,1054,1770,10699,6501,1578,863,520,371
2561,ลำน้ำกก (เตรียมการฯ),สำนักบริหารพื้นที่อนุรักษ์ที่ 15,7097,7622,8799,12401,9733,14022,23908,8971,3263,4164,670,1574
2561,แม่ปืม,สำนักบริหารพื้นที่อนุรักษ์ที่ 15,416,279,613,642,400,916,3871,456,342,355,412,321
2561,ถ้ำหลวง-ขุนน้ำนางนอน (เตรียมการฯ),สำนักบริหารพื้นที่อนุรักษ์ที่ 15,4292,30636,94472,72656,59311,28452,16609,7735,4967,4120,2912,2818
2561,ภูชี้ฟ้า (เตรียมการฯ),สำนักบริหารพื้นที่อนุรักษ์ที่ 15,68306,87099,190223,152250,65996,38463,44798,24520,22250,31554,31967,32047
2561,ดอยอินทนนท์,สำนักบริหารพื้นที่อนุรักษ์ที่ 16,1948,2463,6141,6254,5021,7796,15614,2695,918,1519,1479,1567
2561,แม่ปิง,สำนักบริหารพื้นที่อนุรักษ์ที่ 16,2753,2614,7761,7150,4376,4118,7787,2189,1246,1566,1434,1628
2561,ผาแดง,สำนักบริหารพื้นที่อนุรักษ์ที่ 16,4987,4628,21916,18482,10558,5761,11040,3019,3900,5135,5054,3230
2561,ดอยผ้าห่มปก,สำนักบริหารพื้นที่อนุรักษ์ที่ 16,13520,17338,45493,28607,13131,6685,15408,3718,3803,4758,5709,4888
2561,ห้วยน้ำดัง,สำนักบริหารพื้นที่อนุรักษ์ที่ 16,18073,28057,33300,28160,23563,30793,38305,20525,12170,16875,15644,14112
2561,ดอยสุเทพ-ปุย,สำนักบริหารพื้นที่อนุรักษ์ที่ 16,3407,3368,10752,5866,2473,1996,3027,1508,998,1627,1033,1170
2561,ออบหลวง,สำนักบริหารพื้นที่อนุรักษ์ที่ 16,7448,4004,7421,6449,5188,8364,12633,8281,4611,3812,3789,3643
2561,ศรีลานนา,สำนักบริหารพื้นที่อนุรักษ์ที่ 16,124,118,463,279,516,102,131,56,76,55,55,58
2561,ดอยเวียงผา (เตรียมการฯ),สำนักบริหารพื้นที่อนุรักษ์ที่ 16,879,1907,3012,3065,3371,12744,26474,5068,816,778,759,1146
2561,ออบขาน (เตรียมการฯ),สำนักบริหารพื้นที่อนุรักษ์ที่ 16,27,130,409,158,32,25,107,22,152,0,0,0
2561,แม่โถ (เตรียมการฯ),สำนักบริหารพื้นที่อนุรักษ์ที่ 16,5483,4136,5956,6433,3195,2761,8613,3758,2430,3326,2887,3082
2561,แม่ตะไคร้,สำนักบริหารพื้นที่อนุรักษ์ที่ 16,28,52,405,248,45,18,148,19,27,39,45,8
2561,ขุนขาน,สำนักบริหารพื้นที่อนุรักษ์ที่ 16,7019,6889,19189,16242,5959,4308,4848,3291,2754,4178,4118,3805
2561,แม่วาง,สำนักบริหารพื้นที่อนุรักษ์ที่ 16,0,0,0,12140,10610,14165,21712,0,6979,11370,7603,8392
2561,น้ำตกบัวตอง - น้ำพุเจ็ดสี (เตรียมการฯ),สำนักบริหารพื้นที่อนุรักษ์ที่ 16,7114,12924,30662,16947,6229,3231,3330,2023,1133,926,1521,1397
2561,ถ้ำปลา-น้ำตกผาเสื่อ,สำนักบริหารพื้นที่อนุรักษ์ที่ 16 สาขาแม่สะเรียง,306,2471,1713,954,383,279,131,116,72,183,202,158
2561,น้ำตกแม่สุรินทร์,สำนักบริหารพื้นที่อนุรักษ์ที่ 16 สาขาแม่สะเรียง,156,522,403,278,145,17,14,5,3,0,10,92
2561,สาละวิน,สำนักบริหารพื้นที่อนุรักษ์ที่ 16 สาขาแม่สะเรียง,140,435,1502,823,639,1193,4124,246,73,25,6,11
2561,แม่เงา (เตรียมการฯ),สำนักบริหารพื้นที่อนุรักษ์ที่ 16 สาขาแม่สะเรียง,0,0,0,0,0,0,0,0,0,0,0,0
2561,แม่สะเรียง (เตรียมการฯ),สำนักบริหารพื้นที่อนุรักษ์ที่ 16 สาขาแม่สะเรียง,0,0,0,0,0,0,0,0,0,0,0,0
2562,เขาใหญ่,สำนักบริหารพื้นที่อนุรักษ์ที่ 1,184311,142599,294233,161324,103188,72457,97145,95113,88876,122174,106731,83298
2562,ทับลาน,สำนักบริหารพื้นที่อนุรักษ์ที่ 1,6025,4257,12598,5408,3298,2449,11797,1834,1744,3282,2208,2175
2562,ปางสีดา,สำนักบริหารพื้นที่อนุรักษ์ที่ 1,12077,4771,5991,3061,1947,1283,2106,3238,6464,6243,5072,6129
2562,ตาพระยา,สำนักบริหารพื้นที่อนุรักษ์ที่ 1,412,271,489,445,198,336,223,132,270,183,240,199
2562,น้ำตกสามหลั่น,สำนักบริหารพื้นที่อนุรักษ์ที่ 1 สาขาสระบุรี,5322,3700,6512,2822,2300,2373,5017,3201,2765,4018,4016,3782
2562,น้ำตกเจ็ดสาวน้อย,สำนักบริหารพื้นที่อนุรักษ์ที่ 1 สาขาสระบุรี,29723,20444,37335,25652,27970,38987,68059,57517,22108,35790,16489,9027
2562,หมู่เกาะช้าง,สำนักบริหารพื้นที่อนุรักษ์ที่ 2,22953,20601,28812,26240,27261,24539,33886,23132,9870,16265,11714,4622
2562,เขาแหลมหญ้า-หมู่เกาะเสม็ด,สำนักบริหารพื้นที่อนุรักษ์ที่ 2,93816,82860,128778,137843,164761,153145,167249,151857,113658,159960,159403,106578
2562,น้ำตกพลิ้ว,สำนักบริหารพื้นที่อนุรักษ์ที่ 2,55695,25411,48972,35436,55120,106798,143204,92368,30183,39757,24364,14088
2562,เขาชะเมา-เขาวง,สำนักบริหารพื้นที่อนุรักษ์ที่ 2,21537,12215,20751,14466,12493,16679,40213,27320,10920,24220,11052,6564
2562,เขาคิชฌกูฎ,สำนักบริหารพื้นที่อนุรักษ์ที่ 2,12526,6281,11295,8332,333585,675818,97903,14671,5249,7523,3927,2561
2562,น้ำตกคลองแก้ว,สำนักบริหารพื้นที่อนุรักษ์ที่ 2,3261,1821,2414,1843,1227,1365,5841,3937,1347,1283,351,1124
2562,เขาสิบห้าชั้น,สำนักบริหารพื้นที่อนุรักษ์ที่ 2,1020,715,2336,1747,602,462,876,438,482,341,285,253
2562,เขื่อนศรีนครินทร์,สำนักบริหารพื้นที่อนุรักษ์ที่ 3,12671,8220,16070,8312,7354,8348,28818,12053,7690,21857,8869,4992
2562,เอราวัณ,สำนักบริหารพื้นที่อนุรักษ์ที่ 3,47793,42934,67045,52728,54894,54896,98479,64775,33989,65215,45689,22415
2562,ไทรโยค,สำนักบริหารพื้นที่อนุรักษ์ที่ 3,9008,6809,13860,8821,8807,9100,18771,12942,6679,10538,7417,4649
2562,เขาแหลม,สำนักบริหารพื้นที่อนุรักษ์ที่ 3,10121,6549,17570,7973,4693,2889,1306,1068,1917,5935,3450,2721
2562,เฉลิมรัตนโกสินทร์,สำนักบริหารพื้นที่อนุรักษ์ที่ 3,3380,2180,3504,2750,1883,2233,6250,2236,1589,2657,1727,1147
2562,ทองผาภูมิ,สำนักบริหารพื้นที่อนุรักษ์ที่ 3,14713,10090,25616,13986,7109,3517,6626,4717,5889,10739,4223,5107
2562,ลำคลองงู,สำนักบริหารพื้นที่อนุรักษ์ที่ 3,0,92,563,198,136,1107,1585,237,99,15,0,0
2562,เฉลิมพระเกียรติไทยประจัน,สำนักบริหารพื้นที่อนุรักษ์ที่ 3,5564,5783,8631,6779,3614,4495,5902,5306,7105,10107,8749,3243
2562,พุเตย,สำนักบริหารพื้นที่อนุรักษ์ที่ 3,1616,1007,3183,850,543,254,160,175,198,431,194,219
2562,แก่งกระจาน,สำนักบริหารพื้นที่อนุรักษ์ที่ 3 สาขาเพชรบุรี,3899,5964,16892,9722,8456,6889,15350,14306,6845,9808,2667,2712
2562,กุยบุรี,สำนักบริหารพื้นที่อนุรักษ์ที่ 3 สาขาเพชรบุรี,1756,1232,2551,2282,1872,1729,1933,1016,1026,2390,1988,971
2562,เขาสามร้อยยอด,สำนักบริหารพื้นที่อนุรักษ์ที่ 3 สาขาเพชรบุรี,15469,8907,18092,14354,14727,13039,20612,14610,8710,16196,12098,7921
2562,น้ำตกห้วยยาง,สำนักบริหารพื้นที่อนุรักษ์ที่ 3 สาขาเพชรบุรี,3188,1381,3399,2621,1976,2336,6052,743,1173,2165,1144,728
2562,หาดวนกร,สำนักบริหารพื้นที่อนุรักษ์ที่ 3 สาขาเพชรบุรี,4027,1357,4901,1620,2313,4516,10998,5649,1662,2831,2000,1394
2562,อ่าวสยาม (เตรียมการ),สำนักบริหารพื้นที่อนุรักษ์ที่ 3 สาขาเพชรบุรี,1750,1195,1679,1895,1577,2590,2792,1863,805,1328,1048,835
2562,เขาสก,สำนักบริหารพื้นที่อนุรักษ์ที่ 4,28437,35321,42628,40019,43872,45371,49605,28164,18442,34670,35341,17600
2562,หมู่เกาะอ่างทอง,สำนักบริหารพื้นที่อนุรักษ์ที่ 4,8064,0,6115,10978,15811,14801,15027,10713,11315,16032,16528,8931
2562,หมู่เกาะชุมพร,สำนักบริหารพื้นที่อนุรักษ์ที่ 4,4649,1757,4423,3501,3582,4615,13100,6035,2789,3316,2463,2689
2562,แหลมสน,สำนักบริหารพื้นที่อนุรักษ์ที่ 4,1531,1465,4361,2107,2271,2928,9281,1761,664,990,404,495
2562,ใต้ร่มเย็น,สำนักบริหารพื้นที่อนุรักษ์ที่ 4,725,91,820,1264,1814,2517,4587,747,129,728,494,520
2562,น้ำตกหงาว,สำนักบริหารพื้นที่อนุรักษ์ที่ 4,11956,9394,15748,10445,8225,9989,15283,10743,8190,10581,7698,7563
2562,แก่งกรุง,สำนักบริหารพื้นที่อนุรักษ์ที่ 4,0,0,40,41,104,130,303,31,68,77,88,27
2562,คลองพนม,สำนักบริหารพื้นที่อนุรักษ์ที่ 4,51,121,274,203,240,140,190,36,123,66,60,207
2562,ธารเสด็จ-เกาะพะงัน (เตรียมการ),สำนักบริหารพื้นที่อนุรักษ์ที่ 4,9062,10097,13937,16593,22257,20535,14354,10467,9473,10153,14175,6987
2562,ลำน้ำกระบุรี,สำนักบริหารพื้นที่อนุรักษ์ที่ 4,2115,1321,2257,2039,1105,1085,2485,1257,960,1194,881,1019
2562,หมู่เกาะระนอง,สำนักบริหารพื้นที่อนุรักษ์ที่ 4,27,34,65,69,49,66,105,53,1,0,4,9
2562,เขาหลวง,สำนักบริหารพื้นที่อนุรักษ์ที่ 5,3899,1317,2574,3282,7331,12806,31025,6874,3215,5784,4080,2462
2562,หาดนพรัตน์ธารา-หมู่เกาะพีพี,สำนักบริหารพื้นที่อนุรักษ์ที่ 5,92259,91793,107029,96361,97356,106514,113749,87349,78634,89583,95525,85961
2562,อ่าวพังงา,สำนักบริหารพื้นที่อนุรักษ์ที่ 5,76666,89179,102739,111673,106836,103145,90513,62818,59607,71850,67819,56190
2562,หมู่เกาะสุรินทร์,สำนักบริหารพื้นที่อนุรักษ์ที่ 5,3294,6513,8136,7167,8604,9178,9713,1566,0,0,0,0
2562,หมู่เกาะสิมิลัน,สำนักบริหารพื้นที่อนุรักษ์ที่ 5,19517,82294,103489,118465,126358,108633,97762,20275,0,0,0,0
2562,หาดเจ้าไหม,สำนักบริหารพื้นที่อนุรักษ์ที่ 5,5232,4536,9706,8107,6667,10737,25873,6352,1006,2103,1589,1115
2562,ตะรุเตา,สำนักบริหารพื้นที่อนุรักษ์ที่ 5,11986,23191,33902,31854,38853,36825,47052,14605,8,8,3,122
2562,หมู่เกาะลันตา,สำนักบริหารพื้นที่อนุรักษ์ที่ 5,11895,25664,30799,33428,33500,28514,25132,8883,3807,5623,6314,3872
2562,สิรินาถ,สำนักบริหารพื้นที่อนุรักษ์ที่ 5,3269,4227,6062,7285,6414,5785,5330,3402,2522,2799,2149,1956
2562,น้ำตกโยง,สำนักบริหารพื้นที่อนุรักษ์ที่ 5,4198,2671,5047,8080,11525,18870,26382,5895,3601,4258,3000,4077
2562,เขานัน,สำนักบริหารพื้นที่อนุรักษ์ที่ 5,320,193,405,424,503,708,3096,455,326,73,184,85
2562,ธารโบกขรณี,สำนักบริหารพื้นที่อนุรักษ์ที่ 5,12233,15557,21850,20651,21267,22386,26499,12308,6288,8191,8833,7020
2562,หมู่เกาะเภตรา,สำนักบริหารพื้นที่อนุรักษ์ที่ 5,7294,5885,12107,10939,12927,15516,25192,8280,8507,6298,9864,7042
2562,ทะเลบัน,สำนักบริหารพื้นที่อนุรักษ์ที่ 5,919,713,1520,1080,1343,1310,1674,734,758,711,592,642
2562,ศรีพังงา,สำนักบริหารพื้นที่อนุรักษ์ที่ 5,1382,1502,2243,2321,2415,2351,4221,1145,764,1271,914,722
2562,เขาลำปี-หาดท้ายเหมือง,สำนักบริหารพื้นที่อนุรักษ์ที่ 5,2649,3132,5510,6179,5855,6195,8502,2616,1875,3283,2310,2390
2562,เขาพนมเบญจา,สำนักบริหารพื้นที่อนุรักษ์ที่ 5,832,1419,2484,2173,1874,1935,2512,713,577,1236,577,975
2562,น้ำตกสี่ขีด,สำนักบริหารพื้นที่อนุรักษ์ที่ 5,567,109,515,813,1082,2315,8232,988,690,708,602,382
2562,หาดขนอม-หมู่เกาะทะเลใต้ (เตรียมการ),สำนักบริหารพื้นที่อนุรักษ์ที่ 5,1396,492,2384,2622,1363,1161,10151,983,1028,1181,947,747
2562,เขาหลัก-ลำรู่,สำนักบริหารพื้นที่อนุรักษ์ที่ 5,5047,6790,9120,8511,8620,8159,9440,3748,2275,4110,3676,2666
2562,เขาน้ำค้าง,สำนักบริหารพื้นที่อนุรักษ์ที่ 6,91,14,37,121,164,221,821,17,55,28,96,124
2562,เขาปู่-เขาย่า,สำนักบริหารพื้นที่อนุรักษ์ที่ 6,13933,11345,14565,14854,15344,22866,32433,9521,7723,8491,9000,7234
2562,สันกาลาคีรี (เตรียมการ),สำนักบริหารพื้นที่อนุรักษ์ที่ 6,769,159,528,915,1070,1218,1279,500,142,297,246,404
2562,บางลาง,สำนักบริหารพื้นที่อนุรักษ์ที่ 6 สาขาปัตตานี,574,306,738,773,860,2365,3264,319,348,445,759,234
2562,น้ำตกทรายขาว,สำนักบริหารพื้นที่อนุรักษ์ที่ 6 สาขาปัตตานี,5306,2659,3421,6181,7917,18752,25986,8349,7437,5470,9449,4236
2562,บูโด-สุไหงปาดี,สำนักบริหารพื้นที่อนุรักษ์ที่ 6 สาขาปัตตานี,2159,798,857,1310,2334,6199,11498,1668,2420,2431,3170,1069
2562,อ่าวมะนาว-เขาตันหยง (เตรียมการ),สำนักบริหารพื้นที่อนุรักษ์ที่ 6 สาขาปัตตานี,4372,3219,4418,7006,14582,14569,9547,2460,11486,4150,15851,4301
2562,น้ำตกชีโป (เตรียมการ),สำนักบริหารพื้นที่อนุรักษ์ที่ 6 สาขาปัตตานี,2282,614,759,1267,1989,4087,5748,1048,2181,1848,2503,1505
2562,ตาดโตน,สำนักบริหารพื้นที่อนุรักษ์ที่ 7,23401,11725,16265,13678,27073,47043,123164,44530,17805,33020,23996,6965
2562,ไทรทอง,สำนักบริหารพื้นที่อนุรักษ์ที่ 7,2687,3004,4238,3325,2001,2394,3211,2479,4138,14819,6623,2314
2562,ป่าหินงาม,สำนักบริหารพื้นที่อนุรักษ์ที่ 7,2041,1568,2807,1719,763,659,842,1086,16815,50302,25211,2615
2562,ภูแลนคา,สำนักบริหารพื้นที่อนุรักษ์ที่ 7,10408,11273,18002,13056,4723,2693,3650,3064,4318,10348,7756,4578
2562,ภูกระดึง,สำนักบริหารพื้นที่อนุรักษ์ที่ 8,16029,10285,28082,13700,8704,2376,2385,1866,606,985,659,582
2562,ภูเรือ,สำนักบริหารพื้นที่อนุรักษ์ที่ 8,21219,17345,60530,33022,10787,2980,2690,2077,2580,7604,3744,5065
2562,ภูเวียง,สำนักบริหารพื้นที่อนุรักษ์ที่ 8,617,383,928,945,413,251,544,243,340,611,595,280
2562,ภูผาม่าน,สำนักบริหารพื้นที่อนุรักษ์ที่ 8,803,768,2446,1707,875,232,365,295,409,636,826,320
2562,น้ำพอง,สำนักบริหารพื้นที่อนุรักษ์ที่ 8,10958,5578,11075,8009,4297,3039,3718,3005,3748,5190,5494,4162
2562,ภูสวนทราย,สำนักบริหารพื้นที่อนุรักษ์ที่ 8,1271,825,3640,1536,607,260,393,135,129,481,338,292
2562,ผาแต้ม,สำนักบริหารพื้นที่อนุรักษ์ที่ 9,21860,17265,29815,23875,13878,11714,14413,8472,8288,14851,11061,4663
2562,แก่งตะนะ,สำนักบริหารพื้นที่อนุรักษ์ที่ 9,3057,1747,4488,3621,2325,1920,6345,1381,1331,2180,2059,716
2562,ภูจอง-นายอย,สำนักบริหารพื้นที่อนุรักษ์ที่ 9,19588,4461,8428,5742,3227,2265,6510,3006,5192,7570,16149,4114
2562,เขาพระวิหาร,สำนักบริหารพื้นที่อนุรักษ์ที่ 9,39589,17378,35137,22457,8547,6906,10989,8477,9056,15355,20348,8377
2562,ภูผาเทิบ,สำนักบริหารพื้นที่อนุรักษ์ที่ 9,4692,5138,9425,6374,6695,3663,2319,1561,1834,2038,2237,1633
2562,ภูสระดอกบัว,สำนักบริหารพื้นที่อนุรักษ์ที่ 9,108,58,287,389,299,147,121,53,42,101,144,63
2562,ภูพาน,สำนักบริหารพื้นที่อนุรักษ์ที่ 10,174,333,755,864,1029,271,339,137,234,200,276,283
2562,นายูง-น้ำโสม (เตรียมการ),สำนักบริหารพื้นที่อนุรักษ์ที่ 10,1250,323,665,329,818,321,669,305,306,640,987,1744
2562,ภูผาเหล็ก,สำนักบริหารพื้นที่อนุรักษ์ที่ 10,99,120,231,109,24,87,70,56,70,45,51,74
2562,ภูผายล,สำนักบริหารพื้นที่อนุรักษ์ที่ 10,399,442,1021,952,345,133,432,190,221,165,287,438
2562,ภูลังกา,สำนักบริหารพื้นที่อนุรักษ์ที่ 10,3659,125,248,538,873,313,75,97,3928,6762,4322,3211
2562,ภูเก้า-ภูพานคำ,สำนักบริหารพื้นที่อนุรักษ์ที่ 10,412,254,691,373,578,300,418,295,186,327,342,161
2562,ภูผายา (เตรียมการ),สำนักบริหารพื้นที่อนุรักษ์ที่ 10,287,1114,2057,1486,1609,1167,792,902,516,753,572,907
2562,ทุ่งแสลงหลวง,สำนักบริหารพื้นที่อนุรักษ์ที่ 11,7771,3440,13757,5389,2827,1565,4906,1915,1684,4233,2601,2038
2562,ภูหินร่องกล้า,สำนักบริหารพื้นที่อนุรักษ์ที่ 11,43587,27083,61003,59131,31510,4715,8279,4839,8863,16899,12224,11077
2562,น้ำหนาว,สำนักบริหารพื้นที่อนุรักษ์ที่ 11,3722,2766,10535,5719,1868,756,1337,648,511,1704,1163,1111
2562,น้ำตกชาติตระการ,สำนักบริหารพื้นที่อนุรักษ์ที่ 11,1380,968,1454,1448,900,914,3152,609,603,859,422,324
2562,ภูสอยดาว,สำนักบริหารพื้นที่อนุรักษ์ที่ 11,2485,1086,3389,1587,511,573,2848,456,238,1827,2340,2366
2562,ลำน้ำน่าน,สำนักบริหารพื้นที่อนุรักษ์ที่ 11,1040,1422,4046,2180,1358,2279,8101,2339,1691,1510,906,1054
2562,เขาค้อ,สำนักบริหารพื้นที่อนุรักษ์ที่ 11,4413,2894,5406,2982,1532,3020,7278,1399,1121,1911,721,932
2562,แก่งเจ็ดแคว (เตรียมการ),สำนักบริหารพื้นที่อนุรักษ์ที่ 11,213,329,2092,320,162,30,1456,592,265,42,120,71
2562,ต้นสักใหญ่,สำนักบริหารพื้นที่อนุรักษ์ที่ 11,729,309,808,367,482,653,323,82,50,82,105,99
2562,ตาดหมอก,สำนักบริหารพื้นที่อนุรักษ์ที่ 11,1321,1264,3256,1952,5994,358,970,395,451,1049,573,289
2562,แม่วงก์,สำนักบริหารพื้นที่อนุรักษ์ที่ 12,4916,3523,8748,4924,2678,2196,9618,3164,2151,4161,3218,2529
2562,คลองลาน,สำนักบริหารพื้นที่อนุรักษ์ที่ 12,19221,12285,20830,17534,12572,18954,46595,18304,8850,15906,8543,6813
2562,คลองวังเจ้า,สำนักบริหารพื้นที่อนุรักษ์ที่ 12,3367,2515,4939,3559,2425,2499,7617,2036,1271,1653,841,648
2562,แม่ยม,สำนักบริหารพื้นที่อนุรักษ์ที่ 13,269,398,988,348,264,443,3037,422,219,217,41,92
2562,เวียงโกศัย,สำนักบริหารพื้นที่อนุรักษ์ที่ 13,1131,562,1554,1256,807,3117,10573,2544,495,14,3,4
2562,ดอยผากลอง,สำนักบริหารพื้นที่อนุรักษ์ที่ 13,136,362,917,951,583,177,406,44,97,51,83,84
2562,ขุนน่าน,สำนักบริหารพื้นที่อนุรักษ์ที่ 13,209,149,1284,319,161,9,22,5,5,93,116,273
2562,ขุนสถาน,สำนักบริหารพื้นที่อนุรักษ์ที่ 13,3041,2938,8070,6893,3711,1078,753,614,764,1357,1195,1531
2562,ดอยภูคา,สำนักบริหารพื้นที่อนุรักษ์ที่ 13,7351,4657,14516,7571,7182,2199,11980,600,1296,2933,1404,1413
2562,ถ้ำสะเกิน,สำนักบริหารพื้นที่อนุรักษ์ที่ 13,1313,1172,5421,2137,429,80,75,44,105,297,592,322
2562,นันทบุรี (เตรียมการ),สำนักบริหารพื้นที่อนุรักษ์ที่ 13,394,279,2349,1024,481,216,115,96,72,124,18,80
2562,แม่จริม,สำนักบริหารพื้นที่อนุรักษ์ที่ 13,727,777,1934,1268,521,809,1667,783,394,553,370,283
2562,ศรีน่าน,สำนักบริหารพื้นที่อนุรักษ์ที่ 13,16943,13500,47276,20492,8669,1223,822,489,846,2169,1347,1582
2562,แจ้ซ้อน,สำนักบริหารพื้นที่อนุรักษ์ที่ 13 สาขาลำปาง,16790,13620,40489,30471,18997,19026,57478,18105,8174,11962,6707,6562
2562,ดอยขุนตาล,สำนักบริหารพื้นที่อนุรักษ์ที่ 13 สาขาลำปาง,1136,1208,3732,2770,1248,655,500,613,899,1301,794,1112
2562,ถ้ำผาไท (เตรียมการ),สำนักบริหารพื้นที่อนุรักษ์ที่ 13 สาขาลำปาง,2193,1666,6260,4493,2752,2378,7810,2086,1358,1369,666,842
2562,แม่วะ,สำนักบริหารพื้นที่อนุรักษ์ที่ 13 สาขาลำปาง,660,449,1533,689,549,121,237,53,114,1189,172,112
2562,ดอยจง (เตรียมการ),สำนักบริหารพื้นที่อนุรักษ์ที่ 13 สาขาลำปาง,528,284,856,580,712,780,1355,985,678,1028,463,578
2562,เขลางค์บรรพต (เตรียมการ),สำนักบริหารพื้นที่อนุรักษ์ที่ 13 สาขาลำปาง,22,100,157,110,60,43,234,233,145,214,103,154
2562,ตากสินมหาราช,สำนักบริหารพื้นที่อนุรักษ์ที่ 14,2573,3635,12121,4475,1726,692,1077,493,632,1326,786,658
2562,แม่เมย,สำนักบริหารพื้นที่อนุรักษ์ที่ 14,629,1321,4029,1262,561,177,515,108,17,110,56,51
2562,น้ำตกพาเจริญ (เตรียมการ),สำนักบริหารพื้นที่อนุรักษ์ที่ 14,15023,11493,22480,15148,10748,14751,38728,8220,5078,5083,2505,3282
2562,รามคำแหง,สำนักบริหารพื้นที่อนุรักษ์ที่ 14,2819,2502,6059,1829,1390,261,393,157,1796,2988,1762,1400
2562,ศรีสัชนาลัย,สำนักบริหารพื้นที่อนุรักษ์ที่ 14,1005,789,1620,1301,678,529,2095,444,315,859,513,421
2562,ลานสาง,สำนักบริหารพื้นที่อนุรักษ์ที่ 14,2845,1414,4571,3526,2530,4126,11522,3337,1154,1927,950,980
2562,ขุนพะวอ,สำนักบริหารพื้นที่อนุรักษ์ที่ 14,1606,1739,4064,903,357,205,189,98,663,143,122,218
2562,ไม้กลายเป็นหิน (เตรียมการ),สำนักบริหารพื้นที่อนุรักษ์ที่ 14,2223,2406,3363,3297,1990,2518,2346,2093,2080,2177,1704,1958
2562,ดอยหลวง,สำนักบริหารพื้นที่อนุรักษ์ที่ 15,1360,853,1481,1458,1464,4336,22942,5826,1296,0,0,0
2562,ขุนแจ,สำนักบริหารพื้นที่อนุรักษ์ที่ 15,766,1402,1254,1120,830,1163,939,708,1022,653,709,674
2562,ภูซาง,สำนักบริหารพื้นที่อนุรักษ์ที่ 15,9874,7990,17967,9755,6722,8091,30795,5605,3576,4687,1857,4090
2562,ดอยภูนาง,สำนักบริหารพื้นที่อนุรักษ์ที่ 15,1698,1451,3854,2365,1886,2960,13763,3893,969,1372,379,591
2562,ลำน้ำกก (เตรียมการ),สำนักบริหารพื้นที่อนุรักษ์ที่ 15,6064,7191,7266,6315,6869,9379,30006,12487,5226,6134,3655,4252
2562,แม่ปืม,สำนักบริหารพื้นที่อนุรักษ์ที่ 15,717,458,1068,1075,1017,1339,3897,1141,476,435,315,429
2562,ภูชี้ฟ้า (เตรียมการ),สำนักบริหารพื้นที่อนุรักษ์ที่ 15,69007,221296,272550,319458,181095,94983,145753,67005,47294,65803,47686,41546
2562,ดอยอินทนนท์,สำนักบริหารพื้นที่อนุรักษ์ที่ 16,13935,29927,60591,127860,25555,6622,4427,4155,4428,4355,4224,3676
2562,แม่ปิง,สำนักบริหารพื้นที่อนุรักษ์ที่ 16,85310,93308,211981,141621,73766,42311,45619,26588,29129,47875,41752,35112
2562,ผาแดง,สำนักบริหารพื้นที่อนุรักษ์ที่ 16,2205,2011,7206,4626,3422,3773,9216,2778,1463,1941,521,733
2562,ดอยผ้าห่มปก,สำนักบริหารพื้นที่อนุรักษ์ที่ 16,3161,2976,7332,6942,5007,3542,7334,2674,1482,1951,1082,1258
2562,ห้วยน้ำดัง,สำนักบริหารพื้นที่อนุรักษ์ที่ 16,11391,7764,16567,16212,8081,4685,9790,2711,2698,3681,4016,3248
2562,ดอยสุเทพ-ปุย,สำนักบริหารพื้นที่อนุรักษ์ที่ 16,14838,18474,46921,28259,15083,6609,11763,2255,4142,7132,4523,4064
2562,ออบหลวง,สำนักบริหารพื้นที่อนุรักษ์ที่ 16,20510,24941,26469,41027,32666,33477,41753,28131,20306,26672,17062,15645
2562,ศรีลานนา,สำนักบริหารพื้นที่อนุรักษ์ที่ 16,3995,4519,11763,6845,3561,1862,2439,1332,1142,2081,1737,1432
2562,ดอยเวียงผา (เตรียมการ),สำนักบริหารพื้นที่อนุรักษ์ที่ 16,5881,4313,9856,6689,5623,7392,12044,9116,5975,7087,3690,3998
2562,ออบขาน (เตรียมการ),สำนักบริหารพื้นที่อนุรักษ์ที่ 16,313,142,341,185,161,239,104,62,57,60,13,27
2562,แม่โถ (เตรียมการ),สำนักบริหารพื้นที่อนุรักษ์ที่ 16,1557,1427,2768,2991,3102,10225,24080,11351,1607,1627,443,654
2562,แม่ตะไคร้,สำนักบริหารพื้นที่อนุรักษ์ที่ 16,0,6,434,227,224,43,393,0,0,0,0,0
2562,ขุนขาน,สำนักบริหารพื้นที่อนุรักษ์ที่ 16,4093,4463,1986,844,649,264,6588,1474,1494,1580,1349,1778
2562,แม่วาง,สำนักบริหารพื้นที่อนุรักษ์ที่ 16,59,22,192,135,22,9,49,21,19,21,28,10
2562,น้ำตกบัวตอง - น้ำพุเจ็ดสี (เตรียมการ),สำนักบริหารพื้นที่อนุรักษ์ที่ 16,8734,9343,17825,12913,6495,3315,2829,2528,3673,4780,3774,4166
2562,ถ้ำปลา-น้ำตกผาเสื่อ,สำนักบริหารพื้นที่อนุรักษ์ที่ 16,10338,10931,11488,11714,11880,15243,32880,17424,10880,16657,10715,7819
2562,น้ำตกแม่สุรินทร์,สำนักบริหารพื้นที่อนุรักษ์ที่ 16 สาขาแม่สะเรียง,9299,14360,25317,15459,7985,3177,3386,1732,1858,2652,1806,2016
2562,สาละวิน,สำนักบริหารพื้นที่อนุรักษ์ที่ 16 สาขาแม่สะเรียง,398,2061,975,461,464,235,174,17,147,286,131,122
2562,แม่เงา (เตรียมการ),สำนักบริหารพื้นที่อนุรักษ์ที่ 16 สาขาแม่สะเรียง,245,257,670,445,177,38,9,92,63,45,13,0
2562,แม่ยวมฝั่งซ้าย (เตรียมการ),สำนักบริหารพื้นที่อนุรักษ์ที่ 16 สาขาแม่สะเรียง,182,159,1328,859,210,419,2772,197,91,21,38,28
2563,เขาใหญ่,สำนักบริหารพื้นที่อนุรักษ์ที่ 1,202997,188737,328758,147071,102413,49076,0,0,0,181446,117248,130178
2563,ทับลาน,สำนักบริหารพื้นที่อนุรักษ์ที่ 1,6081,5924,12637,4201,2956,833,0,0,0,6065,4580,5360
2563,ปางสีดา,สำนักบริหารพื้นที่อนุรักษ์ที่ 1,14754,4198,3738,3020,935,678,0,0,0,4991,3787,3314
2563,ตาพระยา,สำนักบริหารพื้นที่อนุรักษ์ที่ 1,225,200,233,189,263,39,0,0,0,351,309,236
2563,น้ำตกสามหลั่น,สำนักบริหารพื้นที่อนุรักษ์ที่ 1 สาขาสระบุรี,4187,4078,9033,5767,3183,1775,0,0,0,5172,4625,5765
2563,น้ำตกเจ็ดสาวน้อย,สำนักบริหารพื้นที่อนุรักษ์ที่ 1 สาขาสระบุรี,31218,23500,27556,24739,23260,11511,0,0,0,16410,10947,11461
2563,หมู่เกาะช้าง,สำนักบริหารพื้นที่อนุรักษ์ที่ 2,21871,20594,26522,27218,23254,10777,0,0,0,18582,7052,9040
2563,เขาแหลมหญ้า-หมู่เกาะเสม็ด,สำนักบริหารพื้นที่อนุรักษ์ที่ 2,146731,144883,178210,209630,62450,36574,0,0,0,54779,36470,51237
2563,น้ำตกพลิ้ว,สำนักบริหารพื้นที่อนุรักษ์ที่ 2,55326,25511,40674,37836,57561,38950,0,0,0,27669,15221,27513
2563,เขาชะเมา-เขาวง,สำนักบริหารพื้นที่อนุรักษ์ที่ 2,28874,11582,11844,10841,5189,4367,0,0,0,6151,5885,7900
2563,เขาคิชฌกูฎ,สำนักบริหารพื้นที่อนุรักษ์ที่ 2,13140,5693,8689,71224,510202,325845,0,0,0,3218,1641,4688
2563,น้ำตกคลองแก้ว,สำนักบริหารพื้นที่อนุรักษ์ที่ 2,3629,1367,2292,2979,1054,814,0,0,0,745,363,714
2563,เขาสิบห้าชั้น,สำนักบริหารพื้นที่อนุรักษ์ที่ 2,1084,842,2852,835,1446,177,0,0,0,1369,671,1142
2563,เขื่อนศรีนครินทร์,สำนักบริหารพื้นที่อนุรักษ์ที่ 3,13349,13745,15570,8535,6385,5357,0,0,0,8897,3578,5726
2563,เอราวัณ,สำนักบริหารพื้นที่อนุรักษ์ที่ 3,60723,46596,63318,59014,47289,25567,0,0,0,26982,15247,16829
2563,ไทรโยค,สำนักบริหารพื้นที่อนุรักษ์ที่ 3,9993,7208,13705,8928,7557,4516,0,0,0,14544,6288,6606
2563,เขาแหลม,สำนักบริหารพื้นที่อนุรักษ์ที่ 3,12040,7595,18931,7876,4811,1899,0,0,0,10884,4085,5477
2563,เฉลิมรัตนโกสินทร์,สำนักบริหารพื้นที่อนุรักษ์ที่ 3,3802,1976,3904,3210,1387,967,0,0,0,4438,2011,2765
2563,ทองผาภูมิ,สำนักบริหารพื้นที่อนุรักษ์ที่ 3,16519,11761,25083,13606,6355,2734,0,0,0,14830,6354,7468
2563,ลำคลองงู,สำนักบริหารพื้นที่อนุรักษ์ที่ 3,0,243,837,246,817,882,0,0,0,0,0,0
2563,เฉลิมพระเกียรติไทยประจัน,สำนักบริหารพื้นที่อนุรักษ์ที่ 3,8950,7228,8998,6353,4633,2177,0,0,0,2991,1733,1985
2563,พุเตย,สำนักบริหารพื้นที่อนุรักษ์ที่ 3,2140,2361,3929,824,544,183,0,0,0,1906,1697,1983
2563,แก่งกระจาน,สำนักบริหารพื้นที่อนุรักษ์ที่ 3 สาขาเพชรบุรี,7654,7956,17354,9762,6865,4558,0,0,0,13981,4056,4793
2563,กุยบุรี,สำนักบริหารพื้นที่อนุรักษ์ที่ 3 สาขาเพชรบุรี,1686,1323,2790,2343,2081,862,0,0,0,1968,964,882
2563,เขาสามร้อยยอด,สำนักบริหารพื้นที่อนุรักษ์ที่ 3 สาขาเพชรบุรี,15883,10659,21016,17952,15347,8839,0,0,0,20922,9515,12148
2563,น้ำตกห้วยยาง,สำนักบริหารพื้นที่อนุรักษ์ที่ 3 สาขาเพชรบุรี,3507,1839,3063,2064,1440,385,0,0,0,2683,1114,1799
2563,หาดวนกร,สำนักบริหารพื้นที่อนุรักษ์ที่ 3 สาขาเพชรบุรี,4147,1868,5573,3543,3872,3419,0,0,0,5753,2978,4621
2563,อ่าวสยาม (เตรียมการฯ),สำนักบริหารพื้นที่อนุรักษ์ที่ 3 สาขาเพชรบุรี,1110,1526,1727,1984,3687,1271,0,0,0,492,494,511
2563,เขาสก,สำนักบริหารพื้นที่อนุรักษ์ที่ 4,30188,36563,46904,48432,49258,27658,0,0,0,20878,16779,21208
2563,หมู่เกาะอ่างทอง,สำนักบริหารพื้นที่อนุรักษ์ที่ 4,8116,0,6024,12752,11435,6936,0,0,0,2578,1468,1516
2563,หมู่เกาะชุมพร,สำนักบริหารพื้นที่อนุรักษ์ที่ 4,3008,2360,4670,5088,3885,2422,0,0,0,7312,3080,4985
2563,แหลมสน,สำนักบริหารพื้นที่อนุรักษ์ที่ 4,1518,1429,5820,4512,1914,1754,0,0,0,2717,1436,1426
2563,ใต้ร่มเย็น,สำนักบริหารพื้นที่อนุรักษ์ที่ 4,316,106,1490,2170,941,896,0,0,0,440,161,161
2563,น้ำตกหงาว,สำนักบริหารพื้นที่อนุรักษ์ที่ 4,14876,8423,15672,12368,6756,4002,0,0,0,3952,2369,2271
2563,แก่งกรุง,สำนักบริหารพื้นที่อนุรักษ์ที่ 4,82,2,164,196,135,216,0,0,0,121,62,42
2563,คลองพนม,สำนักบริหารพื้นที่อนุรักษ์ที่ 4,43,91,486,728,453,141,0,0,0,30,21,9
2563,ธารเสด็จ-เกาะพะงัน,สำนักบริหารพื้นที่อนุรักษ์ที่ 4,6424,7943,11874,15081,11291,6769,0,0,0,2764,1531,1407
2563,ลำน้ำกระบุรี,สำนักบริหารพื้นที่อนุรักษ์ที่ 4,1945,1355,1830,1548,857,622,0,0,0,1414,1287,1319
2563,หมู่เกาะระนอง,สำนักบริหารพื้นที่อนุรักษ์ที่ 4,16,47,74,97,49,50,0,0,0,16,27,39
2563,เขาหลวง,สำนักบริหารพื้นที่อนุรักษ์ที่ 5,2577,1832,5776,9225,4905,5567,0,0,0,2996,1887,2138
2563,หาดนพรัตน์ธารา-หมู่เกาะพีพี,สำนักบริหารพื้นที่อนุรักษ์ที่ 5,99560,99683,117553,113296,75759,35901,0,0,0,16359,17658,23951
2563,อ่าวพังงา,สำนักบริหารพื้นที่อนุรักษ์ที่ 5,65451,72094,76532,83995,48379,22943,0,0,0,5776,8306,15633
2563,หมู่เกาะสุรินทร์,สำนักบริหารพื้นที่อนุรักษ์ที่ 5,2675,5773,8859,8697,8503,5244,0,0,0,0,0,0
2563,หมู่เกาะสิมิลัน,สำนักบริหารพื้นที่อนุรักษ์ที่ 5,28982,95162,105856,109546,52301,30460,0,0,0,0,0,0
2563,หาดเจ้าไหม,สำนักบริหารพื้นที่อนุรักษ์ที่ 5,7471,5912,14188,14753,9404,5171,0,0,0,4361,2557,3949
2563,ตะรุเตา,สำนักบริหารพื้นที่อนุรักษ์ที่ 5,12123,22050,37675,36863,33228,18724,0,0,0,0,0,0
2563,หมู่เกาะลันตา,สำนักบริหารพื้นที่อนุรักษ์ที่ 5,11339,19413,28060,33557,24153,12303,0,0,0,3493,2333,2551
2563,สิรินาถ,สำนักบริหารพื้นที่อนุรักษ์ที่ 5,3991,4331,11054,7736,5699,3058,0,0,0,1621,910,748
2563,น้ำตกโยง,สำนักบริหารพื้นที่อนุรักษ์ที่ 5,3545,3324,7146,13478,6963,7220,0,0,0,1871,1426,1337
2563,เขานัน,สำนักบริหารพื้นที่อนุรักษ์ที่ 5,231,263,852,1426,410,305,0,0,8,310,148,150
2563,ธารโบกขรณี,สำนักบริหารพื้นที่อนุรักษ์ที่ 5,10354,11987,18476,18683,13324,7889,0,0,0,3329,2540,3805
2563,หมู่เกาะเภตรา,สำนักบริหารพื้นที่อนุรักษ์ที่ 5,9851,7091,14773,12776,11919,6250,0,0,0,9515,11851,10531
2563,ทะเลบัน,สำนักบริหารพื้นที่อนุรักษ์ที่ 5,976,908,1129,1147,1232,631,0,0,0,0,750,1266
2563,ศรีพังงา,สำนักบริหารพื้นที่อนุรักษ์ที่ 5,1891,1338,2716,3090,2132,1811,0,0,0,0,854,693
2563,เขาลำปี-หาดท้ายเหมือง,สำนักบริหารพื้นที่อนุรักษ์ที่ 5,5175,5456,12375,11583,7476,4436,0,0,0,2134,1331,1234
2563,เขาพนมเบญจา,สำนักบริหารพื้นที่อนุรักษ์ที่ 5,1246,1595,2211,2844,1923,946,0,0,0,461,438,974
2563,น้ำตกสี่ขีด,สำนักบริหารพื้นที่อนุรักษ์ที่ 5,767,523,1164,2721,685,819,0,0,0,934,675,606
2563,หาดขนอม-หมู่เกาะทะเลใต้ (เตรียมการฯ),สำนักบริหารพื้นที่อนุรักษ์ที่ 5,1128,887,36805,22351,8345,6053,0,0,0,17240,16537,18576
2563,เขาหลัก-ลำรู่,สำนักบริหารพื้นที่อนุรักษ์ที่ 5,6039,6027,9490,9319,8337,4824,0,0,0,0,0,1614
2563,เขาน้ำค้าง,สำนักบริหารพื้นที่อนุรักษ์ที่ 6,50,59,317,573,385,382,0,0,0,0,8,98
2563,เขาปู่-เขาย่า,สำนักบริหารพื้นที่อนุรักษ์ที่ 6,7560,6642,12451,14153,13403,10387,0,0,0,0,8092,12490
2563,สันกาลาคีรี (เตรียมการฯ),สำนักบริหารพื้นที่อนุรักษ์ที่ 6,253,209,488,974,748,560,0,0,0,313,144,164
2563,บางลาง,สำนักบริหารพื้นที่อนุรักษ์ที่ 6 สาขาปัตตานี,564,265,583,1386,299,1006,0,0,0,711,1119,533
2563,น้ำตกทรายขาว,สำนักบริหารพื้นที่อนุรักษ์ที่ 6 สาขาปัตตานี,5205,2991,4392,11935,7393,10850,0,0,0,2270,1547,1390
2563,บูโด-สุไหงปาดี,สำนักบริหารพื้นที่อนุรักษ์ที่ 6 สาขาปัตตานี,2016,1167,1705,4332,1989,3018,0,0,0,0,2137,2216
2563,อ่าวมะนาว-เขาตันหยง (เตรียมการฯ),สำนักบริหารพื้นที่อนุรักษ์ที่ 6 สาขาปัตตานี,3622,3889,1463,10357,3450,2261,0,0,0,2577,1685,1333
2563,น้ำตกชีโป (เตรียมการฯ),สำนักบริหารพื้นที่อนุรักษ์ที่ 6 สาขาปัตตานี,2770,1083,824,2977,2179,4681,0,0,0,0,7848,4988
2563,ตาดโตน,สำนักบริหารพื้นที่อนุรักษ์ที่ 7,30315,13431,16070,15122,15472,17493,0,0,0,30810,16488,20263
2563,ไทรทอง,สำนักบริหารพื้นที่อนุรักษ์ที่ 7,2796,1738,2703,1692,1445,1110,0,0,0,7798,10082,3448
2563,ป่าหินงาม,สำนักบริหารพื้นที่อนุรักษ์ที่ 7,2801,2212,4287,1932,1090,456,0,0,0,49368,36274,11233
2563,ภูแลนคา,สำนักบริหารพื้นที่อนุรักษ์ที่ 7,12721,11612,27586,10879,3832,1860,0,0,0,12666,8485,7320
2563,ภูกระดึง,สำนักบริหารพื้นที่อนุรักษ์ที่ 8,16991,14288,26115,11141,6988,942,0,0,0,0,0,0
2563,ภูเรือ,สำนักบริหารพื้นที่อนุรักษ์ที่ 8,19296,17578,53422,24222,7922,1874,0,0,0,9165,4337,8391
2563,ภูเวียง,สำนักบริหารพื้นที่อนุรักษ์ที่ 8,637,606,1462,1290,861,341,0,0,0,0,3072,3286
2563,ภูผาม่าน,สำนักบริหารพื้นที่อนุรักษ์ที่ 8,968,1825,3018,2006,1000,258,0,0,0,2935,2928,3657
2563,น้ำพอง,สำนักบริหารพื้นที่อนุรักษ์ที่ 8,6088,4717,8328,4407,3099,1752,0,0,0,11031,5355,7194
2563,ภูสวนทราย,สำนักบริหารพื้นที่อนุรักษ์ที่ 8,920,772,3458,741,494,172,0,0,0,0,269,1045
2563,ผาแต้ม,สำนักบริหารพื้นที่อนุรักษ์ที่ 9,16713,14866,38127,19954,14852,5254,0,0,0,16999,10613,13857
2563,แก่งตะนะ,สำนักบริหารพื้นที่อนุรักษ์ที่ 9,2143,1343,4717,3451,3223,976,0,0,0,3319,1623,3141
2563,ภูจองนายอย,สำนักบริหารพื้นที่อนุรักษ์ที่ 9,16570,6191,7076,5860,1837,892,0,0,0,12827,10396,15286
2563,เขาพระวิหาร,สำนักบริหารพื้นที่อนุรักษ์ที่ 9,37355,26225,54839,22271,9013,3899,0,0,0,43551,35666,36996
2563,ภูผาเทิบ,สำนักบริหารพื้นที่อนุรักษ์ที่ 9,3549,3849,4839,3866,3851,729,0,0,0,2396,2170,2384
2563,ภูสระดอกบัว,สำนักบริหารพื้นที่อนุรักษ์ที่ 9,94,100,532,734,637,365,0,0,0,153,95,232
2563,ภูพาน,สำนักบริหารพื้นที่อนุรักษ์ที่ 10,226,280,824,605,947,8,0,0,0,158,34,153
2563,นายูง-น้ำโสม (เตรียมการฯ),สำนักบริหารพื้นที่อนุรักษ์ที่ 10,1014,370,560,354,733,167,0,0,0,1281,848,1194
2563,ภูผาเหล็ก,สำนักบริหารพื้นที่อนุรักษ์ที่ 10,74,122,233,180,219,78,0,0,0,230,68,113
2563,ภูผายล,สำนักบริหารพื้นที่อนุรักษ์ที่ 10,571,539,3196,1008,605,281,0,0,0,800,545,999
2563,ภูลังกา,สำนักบริหารพื้นที่อนุรักษ์ที่ 10,3259,8,914,391,1142,0,0,0,0,12887,6147,13446
2563,ภูเก้า-ภูพานคำ,สำนักบริหารพื้นที่อนุรักษ์ที่ 10,568,429,509,548,356,133,0,0,0,363,330,350
2563,ภูหินจอมธาตุ-ภูพระบาท (เตรียมการฯ),สำนักบริหารพื้นที่อนุรักษ์ที่ 10,1234,1063,1071,1153,2708,622,0,0,0,3858,3549,3815
2563,ทุ่งแสลงหลวง,สำนักบริหารพื้นที่อนุรักษ์ที่ 11,6339,4177,14460,4635,2479,1002,0,0,0,10340,4014,5477
2563,ภูหินร่องกล้า,สำนักบริหารพื้นที่อนุรักษ์ที่ 11,34201,30320,70454,49278,12560,3502,0,0,0,31046,14445,18709
2563,น้ำหนาว,สำนักบริหารพื้นที่อนุรักษ์ที่ 11,4083,3297,10090,3957,2390,477,0,0,0,2629,1349,1870
2563,น้ำตกชาติตระการ,สำนักบริหารพื้นที่อนุรักษ์ที่ 11,1531,833,1651,1049,472,298,0,0,0,1266,338,548
2563,ภูสอยดาว,สำนักบริหารพื้นที่อนุรักษ์ที่ 11,3536,2117,4224,1898,727,408,0,0,0,2572,3123,3212
2563,ลำน้ำน่าน,สำนักบริหารพื้นที่อนุรักษ์ที่ 11,2461,1912,5097,2600,1511,1198,0,0,0,2830,1035,1492
2563,เขาค้อ,สำนักบริหารพื้นที่อนุรักษ์ที่ 11,4556,2493,2679,1948,653,8,0,0,0,2578,1979,2945
2563,แควน้อย (เตรียมการฯ),สำนักบริหารพื้นที่อนุรักษ์ที่ 11,42,122,1880,879,117,93,0,0,0,556,68,267
2563,ต้นสักใหญ่,สำนักบริหารพื้นที่อนุรักษ์ที่ 11,159,101,266,193,160,67,0,0,0,3497,2105,2104
2563,ตาดหมอก,สำนักบริหารพื้นที่อนุรักษ์ที่ 11,1975,1731,3671,1421,5426,488,0,0,0,2053,859,1088
2563,แม่วงก์,สำนักบริหารพื้นที่อนุรักษ์ที่ 12,7179,5528,12832,6203,3069,1340,0,0,6,8460,6511,8992
2563,คลองลาน,สำนักบริหารพื้นที่อนุรักษ์ที่ 12,23474,10930,19840,15092,6591,3345,0,0,0,23179,11499,16554
2563,คลองวังเจ้า,สำนักบริหารพื้นที่อนุรักษ์ที่ 12,2451,2626,6014,2943,1600,1185,0,0,0,3692,1729,2302
2563,แม่ยม,สำนักบริหารพื้นที่อนุรักษ์ที่ 13,279,310,1540,822,195,147,0,0,0,129,77,257
2563,เวียงโกศัย,สำนักบริหารพื้นที่อนุรักษ์ที่ 13,1416,735,1918,1570,866,1268,0,0,0,0,0,0
2563,ดอยผากลอง,สำนักบริหารพื้นที่อนุรักษ์ที่ 13,110,108,820,1244,434,45,0,0,0,136,57,138
2563,ขุนน่าน,สำนักบริหารพื้นที่อนุรักษ์ที่ 13,348,175,1828,585,220,24,0,0,0,315,218,513
2563,ขุนสถาน,สำนักบริหารพื้นที่อนุรักษ์ที่ 13,3920,4128,9740,9458,2854,558,0,0,0,2660,1220,2001
2563,ดอยภูคา,สำนักบริหารพื้นที่อนุรักษ์ที่ 13,7114,5070,13595,5890,3263,860,0,0,0,3838,1544,2449
2563,ถ้ำสะเกิน,สำนักบริหารพื้นที่อนุรักษ์ที่ 13,1082,816,4384,1775,346,88,0,0,0,853,273,752
2563,นันทบุรี (เตรียมการฯ),สำนักบริหารพื้นที่อนุรักษ์ที่ 13,389,270,2086,856,144,43,0,0,0,168,18,60
2563,แม่จริม,สำนักบริหารพื้นที่อนุรักษ์ที่ 13,872,485,1575,935,346,287,0,0,0,353,177,253
2563,ศรีน่าน,สำนักบริหารพื้นที่อนุรักษ์ที่ 13,18147,13662,38455,17449,4892,700,0,0,0,5273,2193,5885
2563,แจ้ซ้อน,สำนักบริหารพื้นที่อนุรักษ์ที่ 13 สาขาลำปาง,19318,15835,47722,35002,18137,9193,0,0,0,24203,8810,14130
2563,ดอยขุนตาล,สำนักบริหารพื้นที่อนุรักษ์ที่ 13 สาขาลำปาง,2750,2376,4703,1716,1444,460,0,0,0,2222,1926,2953
2563,ถ้ำผาไท (เตรียมการฯ),สำนักบริหารพื้นที่อนุรักษ์ที่ 13 สาขาลำปาง,2691,2331,10166,7624,3976,2059,0,0,0,3911,1552,2327
2563,แม่วะ,สำนักบริหารพื้นที่อนุรักษ์ที่ 13 สาขาลำปาง,303,278,1151,518,265,44,0,0,0,225,150,156
2563,ดอยจง,สำนักบริหารพื้นที่อนุรักษ์ที่ 13 สาขาลำปาง,554,290,898,680,962,789,0,0,0,637,739,559
2563,เขลางค์บรรพต (เตรียมการฯ),สำนักบริหารพื้นที่อนุรักษ์ที่ 13 สาขาลำปาง,80,133,199,127,353,71,0,0,0,81,95,75
2563,ตากสินมหาราช,สำนักบริหารพื้นที่อนุรักษ์ที่ 14,4525,4623,11447,3713,1661,461,0,0,0,2458,1371,2255
2563,แม่เมย,สำนักบริหารพื้นที่อนุรักษ์ที่ 14,780,1174,5354,1421,486,195,0,0,0,481,174,449
2563,น้ำตกพาเจริญ (เตรียมการฯ),สำนักบริหารพื้นที่อนุรักษ์ที่ 14,14315,12761,24975,14407,8063,4610,0,0,0,6218,4037,4124
2563,รามคำแหง,สำนักบริหารพื้นที่อนุรักษ์ที่ 14,2566,2190,5266,1541,355,86,0,0,0,2498,1999,1704
2563,ศรีสัชนาลัย,สำนักบริหารพื้นที่อนุรักษ์ที่ 14,826,905,2004,1552,867,175,0,0,0,0,0,0
2563,ลานสาง,สำนักบริหารพื้นที่อนุรักษ์ที่ 14,2902,1943,4110,3378,1748,1247,0,0,0,0,0,1995
2563,ขุนพะวอ,สำนักบริหารพื้นที่อนุรักษ์ที่ 14,1893,1821,4896,914,395,135,0,0,0,969,862,1180
2563,ดอยสอยมาลัย (เตรียมการฯ),สำนักบริหารพื้นที่อนุรักษ์ที่ 14,3218,4074,5618,4202,2356,874,0,0,0,2129,2066,2560
2563,ดอยหลวง,สำนักบริหารพื้นที่อนุรักษ์ที่ 15,2092,1331,1534,1537,1284,1953,0,0,0,1909,661,948
2563,ขุนแจ,สำนักบริหารพื้นที่อนุรักษ์ที่ 15,795,958,1599,1048,809,632,0,0,0,2,0,0
2563,ภูซาง,สำนักบริหารพื้นที่อนุรักษ์ที่ 15,10839,7929,16141,10459,8911,4634,0,0,0,5293,1432,4811
2563,ดอยภูนาง,สำนักบริหารพื้นที่อนุรักษ์ที่ 15,1999,1196,2506,2050,1360,1599,0,0,0,2037,512,1039
2563,ลำน้ำกก (เตรียมการฯ),สำนักบริหารพื้นที่อนุรักษ์ที่ 15,6210,5289,6517,6603,6021,4420,0,0,0,4409,1464,3894
2563,แม่ปืม,สำนักบริหารพื้นที่อนุรักษ์ที่ 15,958,1982,4274,2059,1418,833,0,0,0,985,654,1245
2563,ถ้ำหลวง-ขุนน้ำนางนอน (เตรียมการฯ),สำนักบริหารพื้นที่อนุรักษ์ที่ 15,108753,111540,191041,150160,71154,22242,0,0,0,27236,20945,20844
2563,ภูชี้ฟ้า (เตรียมการฯ),สำนักบริหารพื้นที่อนุรักษ์ที่ 15,22329,37640,85312,113448,38652,4504,0,0,0,2349,946,2371
2563,ดอยอินทนนท์,สำนักบริหารพื้นที่อนุรักษ์ที่ 16,97109,112628,239851,148352,67171,16260,0,0,2,0,21161,29940
2563,แม่ปิง,สำนักบริหารพื้นที่อนุรักษ์ที่ 16,2233,2280,7250,4761,2211,1015,0,0,0,302,112,167
2563,ผาแดง,สำนักบริหารพื้นที่อนุรักษ์ที่ 16,3189,2574,6389,6901,4070,1956,0,0,0,0,0,1544
2563,ดอยผ้าห่มปก,สำนักบริหารพื้นที่อนุรักษ์ที่ 16,7288,7474,19548,18230,8474,2543,0,0,0,5057,3486,4316
2563,ห้วยน้ำดัง,สำนักบริหารพื้นที่อนุรักษ์ที่ 16,15268,17643,44638,27120,11192,3445,0,0,0,1966,2107,4008
2563,ดอยสุเทพ-ปุย,สำนักบริหารพื้นที่อนุรักษ์ที่ 16,31244,30544,37980,32196,23629,13312,0,0,0,12294,7222,8511
2563,ออบหลวง,สำนักบริหารพื้นที่อนุรักษ์ที่ 16,4965,6055,11981,6517,3048,1076,0,0,0,2387,1484,2575
2563,ศรีลานนา,สำนักบริหารพื้นที่อนุรักษ์ที่ 16,6666,5070,6569,4605,4604,4545,0,0,0,6856,3700,4374
2563,ดอยเวียงผา (เตรียมการฯ),สำนักบริหารพื้นที่อนุรักษ์ที่ 16,118,87,660,397,549,23,0,0,0,0,0,0
2563,ออบขาน (เตรียมการฯ),สำนักบริหารพื้นที่อนุรักษ์ที่ 16,1948,2519,3211,2528,3529,5720,0,0,0,0,0,0
2563,แม่โถ (เตรียมการฯ),สำนักบริหารพื้นที่อนุรักษ์ที่ 16,0,0,188,126,48,0,0,0,0,0,0,0
2563,แม่ตะไคร้,สำนักบริหารพื้นที่อนุรักษ์ที่ 16,2064,2363,2968,2418,2165,1646,0,0,0,1627,177,455
2563,ขุนขาน,สำนักบริหารพื้นที่อนุรักษ์ที่ 16,90,834,205,79,18,2,0,0,0,0,0,17
2563,แม่วาง,สำนักบริหารพื้นที่อนุรักษ์ที่ 16,9527,7868,16871,9825,4899,1496,0,0,0,0,2986,3763
2563,น้ำตกบัวตอง - น้ำพุเจ็ดสี (เตรียมการฯ),สำนักบริหารพื้นที่อนุรักษ์ที่ 16,15162,12272,14500,15391,12921,6509,0,0,0,0,2957,5296
2563,ถ้ำปลา-น้ำตกผาเสื่อ,สำนักบริหารพื้นที่อนุรักษ์ที่ 16 สาขาแม่สะเรียง,12615,17345,31091,16782,9475,2597,0,0,0,5442,2163,3865
2563,น้ำตกแม่สุรินทร์,สำนักบริหารพื้นที่อนุรักษ์ที่ 16 สาขาแม่สะเรียง,462,2957,1258,645,506,138,0,0,0,199,90,92
2563,สาละวิน,สำนักบริหารพื้นที่อนุรักษ์ที่ 16 สาขาแม่สะเรียง,163,204,837,418,467,39,0,0,0,0,0,0
2563,แม่เงา (เตรียมการฯ),สำนักบริหารพื้นที่อนุรักษ์ที่ 16 สาขาแม่สะเรียง,314,317,1847,514,501,353,0,0,0,0,18,169
2563,แม่สะเรียง (เตรียมการฯ),สำนักบริหารพื้นที่อนุรักษ์ที่ 16 สาขาแม่สะเรียง,0,0,102,17,6,0,0,0,0,0,0,0
2564,เขาใหญ่,สำนักบริหารพื้นที่อนุรักษ์ที่ 1,69292,206853,233666,103919,81230,57042,62164,45275,71266,36938,64033,115734
2564,ทับลาน,สำนักบริหารพื้นที่อนุรักษ์ที่ 1,3765,4660,7881,5587,16469,15234,6242,0,0,0,0,0
2564,ปางสีดา,สำนักบริหารพื้นที่อนุรักษ์ที่ 1,3973,5054,3560,871,0,0,0,0,0,331,0,1510
2564,ตาพระยา,สำนักบริหารพื้นที่อนุรักษ์ที่ 1,150,252,304,251,0,0,72,0,0,0,0,0
2564,น้ำตกสามหลั่น,สำนักบริหารพื้นที่อนุรักษ์ที่ 1 สาขาสระบุรี,7298,6923,6534,1653,3413,2737,2187,0,0,0,0,0
2564,น้ำตกเจ็ดสาวน้อย,สำนักบริหารพื้นที่อนุรักษ์ที่ 1 สาขาสระบุรี,7422,15970,22361,2832,13429,27398,15474,0,0,0,0,0
2564,หมู่เกาะช้าง,สำนักบริหารพื้นที่อนุรักษ์ที่ 2,15518,17739,19097,2700,6228,9093,19815,686,0,0,0,2069
2564,เขาแหลมหญ้า-หมู่เกาะเสม็ด,สำนักบริหารพื้นที่อนุรักษ์ที่ 2,56327,73055,58669,8683,35143,53744,75024,6015,31395,11521,5568,19054
2564,น้ำตกพลิ้ว,สำนักบริหารพื้นที่อนุรักษ์ที่ 2,23459,38758,26586,2280,13120,23052,33632,3831,5985,0,1138,2377
2564,เขาชะเมา-เขาวง,สำนักบริหารพื้นที่อนุรักษ์ที่ 2,6927,5863,3607,784,2015,6113,12231,2871,4042,1259,0,0
2564,เขาคิชฌกูฎ,สำนักบริหารพื้นที่อนุรักษ์ที่ 2,4132,8172,6160,604,4116,7277,8981,480,736,0,140,302
2564,น้ำตกคลองแก้ว,สำนักบริหารพื้นที่อนุรักษ์ที่ 2,1332,1824,1022,304,728,1446,2160,286,464,157,81,77
2564,เขาสิบห้าชั้น,สำนักบริหารพื้นที่อนุรักษ์ที่ 2,870,2031,2941,360,1304,503,700,164,196,0,109,235
2564,เขื่อนศรีนครินทร์,สำนักบริหารพื้นที่อนุรักษ์ที่ 3,3809,8725,9374,7198,7952,6866,8786,3117,9921,1834,0,0
2564,เอราวัณ,สำนักบริหารพื้นที่อนุรักษ์ที่ 3,12921,32611,26157,6744,20039,21774,24337,1095,0,1073,0,11147
2564,ไทรโยค,สำนักบริหารพื้นที่อนุรักษ์ที่ 3,4668,7773,7804,2240,4454,4496,7528,1487,2836,1156,596,3175
2564,เขาแหลม,สำนักบริหารพื้นที่อนุรักษ์ที่ 3,4755,6497,6316,1193,1510,0,0,153,187,27,0,0
2564,เฉลิมรัตนโกสินทร์,สำนักบริหารพื้นที่อนุรักษ์ที่ 3,1866,3027,3389,1845,1296,0,3678,1287,2057,515,726,2326
2564,ทองผาภูมิ,สำนักบริหารพื้นที่อนุรักษ์ที่ 3,7709,13458,13160,3297,3880,2784,4667,441,0,0,0,278
2564,ลำคลองงู,สำนักบริหารพื้นที่อนุรักษ์ที่ 3,0,260,615,335,388,307,312,0,0,0,0,0
2564,เฉลิมพระเกียรติไทยประจัน,สำนักบริหารพื้นที่อนุรักษ์ที่ 3,1091,2118,2181,1449,0,0,3205,1085,1491,645,526,1125
2564,พุเตย,สำนักบริหารพื้นที่อนุรักษ์ที่ 3,1188,2577,4233,894,526,672,0,0,0,0,0,0
2564,แก่งกระจาน,สำนักบริหารพื้นที่อนุรักษ์ที่ 3 สาขาเพชรบุรี,2088,8289,10067,6560,4872,4491,5395,4556,3818,976,136,543
2564,กุยบุรี,สำนักบริหารพื้นที่อนุรักษ์ที่ 3 สาขาเพชรบุรี,668,1202,1539,500,782,0,0,0,106,113,14,0
2564,เขาสามร้อยยอด,สำนักบริหารพื้นที่อนุรักษ์ที่ 3 สาขาเพชรบุรี,8528,11755,12283,7659,9650,8482,12955,3615,0,0,171,6874
2564,น้ำตกห้วยยาง,สำนักบริหารพื้นที่อนุรักษ์ที่ 3 สาขาเพชรบุรี,1233,2082,1509,1262,1024,857,1502,0,0,131,3,540
2564,หาดวนกร,สำนักบริหารพื้นที่อนุรักษ์ที่ 3 สาขาเพชรบุรี,3172,4715,4866,2047,3632,4462,6167,0,0,0,0,518
2564,อ่าวสยาม (เตรียมการฯ),สำนักบริหารพื้นที่อนุรักษ์ที่ 3 สาขาเพชรบุรี,260,266,728,509,448,620,589,0,0,0,0,0
2564,เขาสก,สำนักบริหารพื้นที่อนุรักษ์ที่ 4,16951,20975,17889,4837,6840,10164,21427,836,2161,835,481,1582
2564,หมู่เกาะอ่างทอง,สำนักบริหารพื้นที่อนุรักษ์ที่ 4,2182,0,730,57,753,1953,5335,0,147,237,258,430
2564,หมู่เกาะชุมพร,สำนักบริหารพื้นที่อนุรักษ์ที่ 4,2650,2444,2204,1888,2273,3620,5097,10,0,16,179,444
2564,แหลมสน,สำนักบริหารพื้นที่อนุรักษ์ที่ 4,1249,2699,2619,2258,1518,1713,5426,0,0,0,0,0
2564,ใต้ร่มเย็น,สำนักบริหารพื้นที่อนุรักษ์ที่ 4,161,248,275,200,1088,1918,1057,0,0,0,0,0
2564,น้ำตกหงาว,สำนักบริหารพื้นที่อนุรักษ์ที่ 4,2500,2748,5750,1816,1873,2527,3626,0,0,0,0,0
2564,แก่งกรุง,สำนักบริหารพื้นที่อนุรักษ์ที่ 4,0,0,30,5,314,396,283,0,0,0,0,0
2564,คลองพนม,สำนักบริหารพื้นที่อนุรักษ์ที่ 4,67,19,133,88,40,69,56,0,0,0,10,10
2564,ธารเสด็จ-เกาะพะงัน,สำนักบริหารพื้นที่อนุรักษ์ที่ 4,1466,1043,1383,1111,742,941,1472,0,729,927,599,0
2564,ลำน้ำกระบุรี,สำนักบริหารพื้นที่อนุรักษ์ที่ 4,1433,2641,2328,1181,800,622,824,0,0,0,0,0
2564,หมู่เกาะระนอง,สำนักบริหารพื้นที่อนุรักษ์ที่ 4,41,88,114,112,67,62,59,0,0,0,0,0
2564,เขาหลวง,สำนักบริหารพื้นที่อนุรักษ์ที่ 5,1422,1332,1114,1029,2251,2299,2452,0,0,0,241,382
2564,หาดนพรัตน์ธารา-หมู่เกาะพีพี,สำนักบริหารพื้นที่อนุรักษ์ที่ 5,30914,43960,40607,11184,13852,33782,62012,515,0,221,737,2057
2564,อ่าวพังงา,สำนักบริหารพื้นที่อนุรักษ์ที่ 5,11332,11504,11006,2818,2865,6674,12934,59,0,0,48,404
2564,หมู่เกาะสุรินทร์,สำนักบริหารพื้นที่อนุรักษ์ที่ 5,1596,4057,5971,1853,2754,5029,8335,107,0,0,0,0
2564,หมู่เกาะสิมิลัน,สำนักบริหารพื้นที่อนุรักษ์ที่ 5,6731,14888,20593,6877,8493,18349,29759,1832,0,0,0,0
2564,หาดเจ้าไหม,สำนักบริหารพื้นที่อนุรักษ์ที่ 5,2720,7616,9906,5815,4347,6019,12756,658,100,0,672,1466
2564,ตะรุเตา,สำนักบริหารพื้นที่อนุรักษ์ที่ 5,15332,24001,23296,4946,12223,27528,38680,558,0,0,8,0
2564,หมู่เกาะลันตา,สำนักบริหารพื้นที่อนุรักษ์ที่ 5,2328,7001,6581,2193,2939,4067,9706,35,0,0,99,226
2564,สิรินาถ,สำนักบริหารพื้นที่อนุรักษ์ที่ 5,662,1730,2790,2962,2153,1754,2120,652,8,366,382,483
2564,น้ำตกโยง,สำนักบริหารพื้นที่อนุรักษ์ที่ 5,602,1153,792,3096,11425,14004,6834,51,0,0,0,0
2564,เขานัน,สำนักบริหารพื้นที่อนุรักษ์ที่ 5,55,101,55,95,188,238,520,56,57,31,41,98
2564,ธารโบกขรณี,สำนักบริหารพื้นที่อนุรักษ์ที่ 5,7543,14753,13680,5308,6854,12169,16627,386,0,179,256,821
2564,หมู่เกาะเภตรา,สำนักบริหารพื้นที่อนุรักษ์ที่ 5,8673,12578,9402,6562,7794,12199,15971,202,0,0,152,971
2564,ทะเลบัน,สำนักบริหารพื้นที่อนุรักษ์ที่ 5,467,520,767,435,897,1647,1011,0,0,0,72,317
2564,ศรีพังงา,สำนักบริหารพื้นที่อนุรักษ์ที่ 5,334,1383,1277,1359,1117,1047,998,0,0,0,34,129
2564,เขาลำปี-หาดท้ายเหมือง,สำนักบริหารพื้นที่อนุรักษ์ที่ 5,1062,2345,3466,3027,2694,2553,2322,0,0,0,47,175
2564,เขาพนมเบญจา,สำนักบริหารพื้นที่อนุรักษ์ที่ 5,148,376,471,469,574,762,1272,194,0,0,144,135
2564,น้ำตกสี่ขีด,สำนักบริหารพื้นที่อนุรักษ์ที่ 5,280,282,199,208,835,1529,1493,48,71,34,4,43
2564,หาดขนอม-หมู่เกาะทะเลใต้ (เตรียมการฯ),สำนักบริหารพื้นที่อนุรักษ์ที่ 5,15842,13423,9876,4653,6997,7413,9730,0,0,0,0,0
2564,เขาหลัก-ลำรู่,สำนักบริหารพื้นที่อนุรักษ์ที่ 5,1713,2416,2944,1433,1380,1385,2850,0,0,230,168,452
2564,เขาน้ำค้าง,สำนักบริหารพื้นที่อนุรักษ์ที่ 6,0,0,41,198,296,167,356,0,0,0,0,0
2564,เขาปู่-เขาย่า,สำนักบริหารพื้นที่อนุรักษ์ที่ 6,5719,6126,6023,2441,4328,7270,9076,0,0,0,0,722
2564,สันกาลาคีรี (เตรียมการฯ),สำนักบริหารพื้นที่อนุรักษ์ที่ 6,61,57,183,442,758,445,334,0,0,0,0,0
2564,บางลาง,สำนักบริหารพื้นที่อนุรักษ์ที่ 6 สาขาปัตตานี,630,1493,562,140,652,1348,1608,3,0,0,0,3
2564,น้ำตกทรายขาว,สำนักบริหารพื้นที่อนุรักษ์ที่ 6 สาขาปัตตานี,861,689,498,548,1728,1683,1497,0,0,0,0,0
2564,บูโด-สุไหงปาดี,สำนักบริหารพื้นที่อนุรักษ์ที่ 6 สาขาปัตตานี,2030,1486,738,619,2190,4534,4903,3,0,0,0,0
2564,อ่าวมะนาว-เขาตันหยง (เตรียมการฯ),สำนักบริหารพื้นที่อนุรักษ์ที่ 6 สาขาปัตตานี,1509,1657,1737,1645,2593,3968,2165,0,0,0,0,0
2564,น้ำตกชีโป (เตรียมการฯ),สำนักบริหารพื้นที่อนุรักษ์ที่ 6 สาขาปัตตานี,2405,1741,449,311,1350,1361,1500,0,0,0,0,0
2564,ตาดโตน,สำนักบริหารพื้นที่อนุรักษ์ที่ 7,8615,15520,10961,4822,22851,49518,27652,0,0,1619,2582,4643
2564,ไทรทอง,สำนักบริหารพื้นที่อนุรักษ์ที่ 7,791,1052,1002,593,24,0,0,0,0,0,935,489
2564,ป่าหินงาม,สำนักบริหารพื้นที่อนุรักษ์ที่ 7,4910,4046,3613,1850,124,0,620,0,0,0,3079,4250
2564,ภูแลนคา,สำนักบริหารพื้นที่อนุรักษ์ที่ 7,9986,20682,19231,11140,5627,3640,2903,0,0,1272,11306,17043
2564,ภูกระดึง,สำนักบริหารพื้นที่อนุรักษ์ที่ 8,10175,22250,23758,1752,3521,1782,1680,0,0,0,0,0
2564,ภูเรือ,สำนักบริหารพื้นที่อนุรักษ์ที่ 8,12288,32319,43142,9639,5219,2807,2134,0,0,0,1451,2982
2564,ภูเวียง,สำนักบริหารพื้นที่อนุรักษ์ที่ 8,3249,4339,7505,4913,3606,3449,3993,0,4,0,3324,6771
2564,ภูผาม่าน,สำนักบริหารพื้นที่อนุรักษ์ที่ 8,4369,11779,9344,4418,3209,1590,853,0,9,0,4,1163
2564,น้ำพอง,สำนักบริหารพื้นที่อนุรักษ์ที่ 8,7361,8461,9508,6226,2124,0,2196,0,0,0,935,7112
2564,ภูสวนทราย,สำนักบริหารพื้นที่อนุรักษ์ที่ 8,866,1864,3497,1110,550,404,286,0,0,0,152,595
2564,ผาแต้ม,สำนักบริหารพื้นที่อนุรักษ์ที่ 9,18603,33685,34749,10175,6941,9484,9303,0,0,1132,1599,6701
2564,แก่งตะนะ,สำนักบริหารพื้นที่อนุรักษ์ที่ 9,1665,2987,3767,2195,1749,2205,2852,0,0,256,0,554
2564,ภูจองนายอย,สำนักบริหารพื้นที่อนุรักษ์ที่ 9,5562,9156,5827,2492,1712,0,0,0,3563,724,0,8391
2564,เขาพระวิหาร,สำนักบริหารพื้นที่อนุรักษ์ที่ 9,29222,33454,31290,16492,7771,5771,0,0,0,0,0,0
2564,ภูผาเทิบ,สำนักบริหารพื้นที่อนุรักษ์ที่ 9,2615,3813,3811,1263,939,1617,920,102,0,0,0,436
2564,ภูสระดอกบัว,สำนักบริหารพื้นที่อนุรักษ์ที่ 9,214,285,435,1210,875,317,411,0,0,0,0,970
2564,ภูพาน,สำนักบริหารพื้นที่อนุรักษ์ที่ 10,60,225,541,145,153,33,39,0,0,0,0,0
2564,นายูง-น้ำโสม (เตรียมการฯ),สำนักบริหารพื้นที่อนุรักษ์ที่ 10,936,670,301,210,444,0,0,0,0,0,0,0
2564,ภูผาเหล็ก,สำนักบริหารพื้นที่อนุรักษ์ที่ 10,66,188,810,223,0,0,0,0,0,0,48,52
2564,ภูผายล,สำนักบริหารพื้นที่อนุรักษ์ที่ 10,1231,4776,3182,984,565,245,304,0,0,0,546,386
2564,ภูลังกา,สำนักบริหารพื้นที่อนุรักษ์ที่ 10,8339,9543,10616,5591,6010,6588,4572,0,0,2658,1287,6375
2564,ภูเก้า-ภูพานคำ,สำนักบริหารพื้นที่อนุรักษ์ที่ 10,297,786,1627,1598,1260,375,331,0,0,0,0,0
2564,ภูหินจอมธาตุ-ภูพระบาท (เตรียมการฯ),สำนักบริหารพื้นที่อนุรักษ์ที่ 10,3486,2645,2353,2300,2375,1763,1412,0,0,0,0,0
2564,ทุ่งแสลงหลวง,สำนักบริหารพื้นที่อนุรักษ์ที่ 11,7076,12929,14706,5763,5381,2883,1229,0,0,0,0,663
2564,ภูหินร่องกล้า,สำนักบริหารพื้นที่อนุรักษ์ที่ 11,20604,40081,65005,31200,8633,4592,1458,601,568,30,0,2767
2564,น้ำหนาว,สำนักบริหารพื้นที่อนุรักษ์ที่ 11,2527,5602,8753,3129,1631,729,639,0,0,0,0,0
2564,น้ำตกชาติตระการ,สำนักบริหารพื้นที่อนุรักษ์ที่ 11,682,1289,1408,585,547,831,202,0,0,0,0,102
2564,ภูสอยดาว,สำนักบริหารพื้นที่อนุรักษ์ที่ 11,64,2746,3670,768,378,597,414,0,0,0,0,0
2564,ลำน้ำน่าน,สำนักบริหารพื้นที่อนุรักษ์ที่ 11,1485,5109,7641,3724,2695,3033,2963,1530,0,0,0,2203
2564,เขาค้อ,สำนักบริหารพื้นที่อนุรักษ์ที่ 11,2408,6855,6002,1130,970,1243,254,2,0,0,0,0
2564,แควน้อย (เตรียมการฯ),สำนักบริหารพื้นที่อนุรักษ์ที่ 11,66,133,325,151,0,0,0,0,0,0,0,0
2564,ต้นสักใหญ่,สำนักบริหารพื้นที่อนุรักษ์ที่ 11,1948,3562,3683,2063,1149,2729,2300,0,0,0,0,0
2564,ตาดหมอก,สำนักบริหารพื้นที่อนุรักษ์ที่ 11,1794,3733,4437,950,2019,1419,366,0,0,0,0,0
2564,แม่วงก์,สำนักบริหารพื้นที่อนุรักษ์ที่ 12,8414,14124,14355,7629,5598,4125,2548,0,0,0,483,1318
2564,คลองลาน,สำนักบริหารพื้นที่อนุรักษ์ที่ 12,16470,25465,22894,12982,12980,11885,10906,0,0,0,8721,29217
2564,คลองวังเจ้า,สำนักบริหารพื้นที่อนุรักษ์ที่ 12,1480,3259,3267,3170,5375,6141,3708,0,0,0,30,310
2564,แม่ยม,สำนักบริหารพื้นที่อนุรักษ์ที่ 13,207,846,1778,874,453,321,679,90,177,22,0,0
2564,เวียงโกศัย,สำนักบริหารพื้นที่อนุรักษ์ที่ 13,0,0,1229,626,1001,3258,1636,271,276,0,0,0
2564,ดอยผากลอง,สำนักบริหารพื้นที่อนุรักษ์ที่ 13,248,400,755,251,155,240,169,68,0,0,0,53
2564,ขุนน่าน,สำนักบริหารพื้นที่อนุรักษ์ที่ 13,266,750,1575,274,127,49,1,0,0,0,20,64
2564,ขุนสถาน,สำนักบริหารพื้นที่อนุรักษ์ที่ 13,3539,6902,9718,2449,1618,0,0,0,0,0,0,0
2564,ดอยภูคา,สำนักบริหารพื้นที่อนุรักษ์ที่ 13,4737,8915,12190,2061,2685,1220,237,17,0,0,68,702
2564,ถ้ำสะเกิน,สำนักบริหารพื้นที่อนุรักษ์ที่ 13,825,2140,2644,1362,227,78,74,124,0,0,217,293
2564,นันทบุรี (เตรียมการฯ),สำนักบริหารพื้นที่อนุรักษ์ที่ 13,174,739,1367,404,137,71,26,84,0,0,198,432
2564,แม่จริม,สำนักบริหารพื้นที่อนุรักษ์ที่ 13,346,748,1283,277,290,662,553,0,0,0,0,0
2564,ศรีน่าน,สำนักบริหารพื้นที่อนุรักษ์ที่ 13,15101,37508,43316,7116,1653,848,393,240,0,0,0,0
2564,แจ้ซ้อน,สำนักบริหารพื้นที่อนุรักษ์ที่ 13 สาขาลำปาง,13733,27216,34556,19323,19751,20408,8929,0,0,0,0,0
2564,ดอยขุนตาล,สำนักบริหารพื้นที่อนุรักษ์ที่ 13 สาขาลำปาง,3760,5662,4174,1248,1566,938,411,0,0,51,89,446
2564,ถ้ำผาไท (เตรียมการฯ),สำนักบริหารพื้นที่อนุรักษ์ที่ 13 สาขาลำปาง,2408,4935,4781,2739,2426,2536,1650,0,0,0,0,0
2564,แม่วะ,สำนักบริหารพื้นที่อนุรักษ์ที่ 13 สาขาลำปาง,416,838,706,408,35,0,128,0,10,60,109,199
2564,ดอยจง,สำนักบริหารพื้นที่อนุรักษ์ที่ 13 สาขาลำปาง,425,371,956,785,573,256,178,0,0,0,0,0
2564,เขลางค์บรรพต (เตรียมการฯ),สำนักบริหารพื้นที่อนุรักษ์ที่ 13 สาขาลำปาง,232,373,810,728,0,0,323,60,0,0,0,0
2564,ตากสินมหาราช,สำนักบริหารพื้นที่อนุรักษ์ที่ 14,1873,5977,5757,1770,1030,502,355,0,0,0,0,0
2564,แม่เมย,สำนักบริหารพื้นที่อนุรักษ์ที่ 14,449,1411,2496,359,0,0,0,0,0,0,0,0
2564,น้ำตกพาเจริญ (เตรียมการฯ),สำนักบริหารพื้นที่อนุรักษ์ที่ 14,4536,9651,6326,1133,0,0,0,0,0,0,0,0
2564,รามคำแหง,สำนักบริหารพื้นที่อนุรักษ์ที่ 14,2316,2704,3722,1100,1376,0,0,0,0,0,0,0
2564,ศรีสัชนาลัย,สำนักบริหารพื้นที่อนุรักษ์ที่ 14,608,1363,1975,2475,1581,1095,1238,0,0,0,0,0
2564,ลานสาง,สำนักบริหารพื้นที่อนุรักษ์ที่ 14,1065,3113,1876,781,1311,2285,1169,0,0,0,0,0
2564,ขุนพะวอ,สำนักบริหารพื้นที่อนุรักษ์ที่ 14,903,2155,1977,465,0,0,0,0,0,0,0,0
2564,ดอยสอยมาลัย (เตรียมการฯ),สำนักบริหารพื้นที่อนุรักษ์ที่ 14,1506,1942,1373,1171,1038,1358,1379,0,0,0,0,0
2564,ดอยหลวง,สำนักบริหารพื้นที่อนุรักษ์ที่ 15,1655,2008,1173,727,1633,4636,3840,561,748,0,0,0
2564,ขุนแจ,สำนักบริหารพื้นที่อนุรักษ์ที่ 15,27,403,909,333,274,380,378,154,143,6,115,139
2564,ภูซาง,สำนักบริหารพื้นที่อนุรักษ์ที่ 15,4840,9502,8688,4557,4980,10327,6161,1229,965,0,0,1222
2564,ดอยภูนาง,สำนักบริหารพื้นที่อนุรักษ์ที่ 15,1572,3033,2491,1145,1289,1797,1449,328,274,0,0,0
2564,ลำน้ำกก (เตรียมการฯ),สำนักบริหารพื้นที่อนุรักษ์ที่ 15,4931,6008,3744,1551,5573,15230,7825,0,0,0,0,0
2564,แม่ปืม,สำนักบริหารพื้นที่อนุรักษ์ที่ 15,1444,3153,5408,3951,2619,1606,1073,700,954,856,1273,1643
2564,ถ้ำหลวง-ขุนน้ำนางนอน (เตรียมการฯ),สำนักบริหารพื้นที่อนุรักษ์ที่ 15,44668,64843,20971,11152,13283,18123,12055,0,0,0,0,0
2564,ภูชี้ฟ้า (เตรียมการฯ),สำนักบริหารพื้นที่อนุรักษ์ที่ 15,3300,41077,31324,14164,3557,1842,2030,951,525,0,0,0
2564,ดอยอินทนนท์,สำนักบริหารพื้นที่อนุรักษ์ที่ 16,60305,151800,106177,29895,15939,12203,5570,0,0,0,0,0
2564,แม่ปิง,สำนักบริหารพื้นที่อนุรักษ์ที่ 16,1174,3361,5044,1266,1385,1506,534,135,3,0,0,0
2564,ผาแดง,สำนักบริหารพื้นที่อนุรักษ์ที่ 16,2497,4770,3770,1575,2412,2789,647,0,0,0,0,0
2564,ดอยผ้าห่มปก,สำนักบริหารพื้นที่อนุรักษ์ที่ 16,5317,10151,10185,11254,5902,6653,1209,0,0,0,0,0
2564,ห้วยน้ำดัง,สำนักบริหารพื้นที่อนุรักษ์ที่ 16,8294,24941,24638,9631,4126,2325,896,0,0,0,0,0
2564,ดอยสุเทพ-ปุย,สำนักบริหารพื้นที่อนุรักษ์ที่ 16,11016,22134,15671,10565,8585,9535,3103,98,0,0,1497,1522
2564,ออบหลวง,สำนักบริหารพื้นที่อนุรักษ์ที่ 16,3785,9967,7763,2423,2169,2401,863,0,0,0,0,0
2564,ศรีลานนา,สำนักบริหารพื้นที่อนุรักษ์ที่ 16,6342,7124,6324,3484,3935,7078,5551,0,0,0,5,1176
2564,ดอยเวียงผา (เตรียมการฯ),สำนักบริหารพื้นที่อนุรักษ์ที่ 16,135,256,210,211,323,104,18,0,0,0,0,0
2564,ออบขาน (เตรียมการฯ),สำนักบริหารพื้นที่อนุรักษ์ที่ 16,1377,2130,2969,2031,4626,11386,1597,0,0,0,0,0
2564,แม่โถ (เตรียมการฯ),สำนักบริหารพื้นที่อนุรักษ์ที่ 16,54,163,176,73,137,96,21,0,0,0,0,0
2564,แม่ตะไคร้,สำนักบริหารพื้นที่อนุรักษ์ที่ 16,152,383,246,682,564,628,38,0,0,0,0,0
2564,ขุนขาน,สำนักบริหารพื้นที่อนุรักษ์ที่ 16,26,958,170,118,48,32,10,0,0,0,5,0
2564,แม่วาง,สำนักบริหารพื้นที่อนุรักษ์ที่ 16,6516,11618,10109,3494,2341,0,0,0,758,0,0,0
2564,น้ำตกบัวตอง - น้ำพุเจ็ดสี (เตรียมการฯ),สำนักบริหารพื้นที่อนุรักษ์ที่ 16,5754,6809,4640,3243,6967,11074,2087,0,0,0,0,0
2564,ถ้ำปลา-น้ำตกผาเสื่อ,สำนักบริหารพื้นที่อนุรักษ์ที่ 16 สาขาแม่สะเรียง,9344,30361,22019,5708,5573,3138,1865,398,884,478,252,761
2564,น้ำตกแม่สุรินทร์,สำนักบริหารพื้นที่อนุรักษ์ที่ 16 สาขาแม่สะเรียง,184,3783,859,73,52,24,29,0,0,0,0,0
2564,สาละวิน,สำนักบริหารพื้นที่อนุรักษ์ที่ 16 สาขาแม่สะเรียง,26,118,147,21,60,21,0,0,0,0,0,0
2564,แม่เงา (เตรียมการฯ),สำนักบริหารพื้นที่อนุรักษ์ที่ 16 สาขาแม่สะเรียง,257,743,1444,191,170,707,463,0,0,0,0,0
2564,แม่สะเรียง (เตรียมการฯ),สำนักบริหารพื้นที่อนุรักษ์ที่ 16 สาขาแม่สะเรียง,0,0,0,0,0,0,0,0,0,0,0,0
2565,เขาใหญ่,สำนักบริหารพื้นที่อนุรักษ์ที่ 1 (ปราจีนบุรี),157662,156093,250501,158936,79772,65480,98123,96790,85674,133876,84645,61213
2565,ทับลาน,สำนักบริหารพื้นที่อนุรักษ์ที่ 1 (ปราจีนบุรี),0,14391,33159,21317,14329,5084,5159,4695,4698,9071,6582,4865
2565,ปางสีดา,สำนักบริหารพื้นที่อนุรักษ์ที่ 1 (ปราจีนบุรี),9256,6273,4599,4472,1356,1313,2632,1795,2115,5622,5177,2462
2565,ตาพระยา,สำนักบริหารพื้นที่อนุรักษ์ที่ 1 (ปราจีนบุรี),186,263,629,332,265,193,176,107,79,229,189,123
2565,น้ำตกสามหลั่น,สำนักบริหารพื้นที่อนุรักษ์ที่ 1 สาขาสระบุรี,4793,5852,6787,4420,1384,2735,4106,0,0,5065,5280,5583
2565,น้ำตกเจ็ดสาวน้อย,สำนักบริหารพื้นที่อนุรักษ์ที่ 1 สาขาสระบุรี,12434,15762,21127,19876,14740,16634,36454,28969,17176,21678,10637,5742
2565,หมู่เกาะช้าง,สำนักบริหารพื้นที่อนุรักษ์ที่ 2 (ศรีราชา),11657,12827,23590,9554,8681,11309,26121,15002,5832,8062,6623,3294
2565,เขาแหลมหญ้า-หมู่เกาะเสม็ด,สำนักบริหารพื้นที่อนุรักษ์ที่ 2 (ศรีราชา),61993,54738,88084,46721,25991,41185,109079,86770,49803,61449,43640,26349
2565,น้ำตกพลิ้ว,สำนักบริหารพื้นที่อนุรักษ์ที่ 2 (ศรีราชา),12213,16878,29452,24207,17687,24439,68193,45085,24816,23896,14831,8957
2565,เขาชะเมา-เขาวง,สำนักบริหารพื้นที่อนุรักษ์ที่ 2 (ศรีราชา),9150,12287,11853,12679,5981,7284,23753,12362,8889,8580,7217,2217
2565,เขาคิชฌกูฎ,สำนักบริหารพื้นที่อนุรักษ์ที่ 2 (ศรีราชา),1443,3557,5922,6559,64949,66064,20141,6050,4991,3725,2303,950
2565,น้ำตกคลองแก้ว,สำนักบริหารพื้นที่อนุรักษ์ที่ 2 (ศรีราชา),241,1031,1884,2246,803,1164,4154,999,806,504,336,323
2565,เขาสิบห้าชั้น,สำนักบริหารพื้นที่อนุรักษ์ที่ 2 (ศรีราชา),306,957,2870,1861,599,279,869,432,439,562,381,178
2565,เขื่อนศรีนครินทร์,สำนักบริหารพื้นที่อนุรักษ์ที่ 3 (บ้านโป่ง),2880,6431,10680,8328,3685,3581,14164,9424,4806,6076,2594,2369
2565,เอราวัณ,สำนักบริหารพื้นที่อนุรักษ์ที่ 3 (บ้านโป่ง),19651,21458,35215,29471,18398,21708,61715,33853,25033,44011,30965,16989
2565,ไทรโยค,สำนักบริหารพื้นที่อนุรักษ์ที่ 3 (บ้านโป่ง),5995,5859,11489,8844,4617,3602,10551,5077,3872,6173,4222,2726
2565,เขาแหลม,สำนักบริหารพื้นที่อนุรักษ์ที่ 3 (บ้านโป่ง),5654,6000,14460,9315,3939,1732,2297,1799,2454,5386,3252,2596
2565,เฉลิมรัตนโกสินทร์,สำนักบริหารพื้นที่อนุรักษ์ที่ 3 (บ้านโป่ง),3350,3121,5089,5315,2015,2072,6954,2498,2018,3021,1991,1294
2565,ทองผาภูมิ,สำนักบริหารพื้นที่อนุรักษ์ที่ 3 (บ้านโป่ง),4643,7497,19667,12257,4006,2342,4707,3881,4108,7319,4656,3920
2565,ลำคลองงู,สำนักบริหารพื้นที่อนุรักษ์ที่ 3 (บ้านโป่ง),0,113,727,571,191,1825,2341,123,47,0,0,0
2565,เฉลิมพระเกียรติไทยประจัน,สำนักบริหารพื้นที่อนุรักษ์ที่ 3 (บ้านโป่ง),1093,3532,5677,5276,3092,2377,4008,2977,4064,4930,3542,2944
2565,พุเตย,สำนักบริหารพื้นที่อนุรักษ์ที่ 3 (บ้านโป่ง),896,1078,3893,2215,844,425,662,446,562,1115,675,311
2565,แก่งกระจาน,สำนักบริหารพื้นที่อนุรักษ์ที่ 3 สาขาเพชรบุรี,2516,6375,14476,11013,5137,6370,19020,9816,10975,11448,4871,2625
2565,กุยบุรี,สำนักบริหารพื้นที่อนุรักษ์ที่ 3 สาขาเพชรบุรี,790,697,1458,1044,235,633,1462,929,904,2083,1777,0
2565,เขาสามร้อยยอด,สำนักบริหารพื้นที่อนุรักษ์ที่ 3 สาขาเพชรบุรี,15413,9205,19387,14788,7350,7949,20608,11357,3272,5413,10093,6328
2565,น้ำตกห้วยยาง,สำนักบริหารพื้นที่อนุรักษ์ที่ 3 สาขาเพชรบุรี,1174,687,2150,2003,1013,1185,5398,0,0,1749,1132,1044
2565,หาดวนกร,สำนักบริหารพื้นที่อนุรักษ์ที่ 3 สาขาเพชรบุรี,3706,2086,5134,4785,2487,3035,8766,4684,2435,3139,1920,1277
2565,อ่าวสยาม (เตรียมการฯ),สำนักบริหารพื้นที่อนุรักษ์ที่ 3 สาขาเพชรบุรี,0,112,140,130,81,29,400,226,165,239,306,310
2565,เขาสก,สำนักบริหารพื้นที่อนุรักษ์ที่ 4 (สุราษฎร์ธานี),7413,7803,20648,20101,13701,15914,31040,17160,10133,20122,21082,12472
2565,หมู่เกาะอ่างทอง,สำนักบริหารพื้นที่อนุรักษ์ที่ 4 (สุราษฎร์ธานี),1282,719,3049,4063,2266,4807,7054,4888,5205,7867,10126,5241
2565,หมู่เกาะชุมพร,สำนักบริหารพื้นที่อนุรักษ์ที่ 4 (สุราษฎร์ธานี),1118,927,2882,4238,2002,2813,8768,3701,3162,3222,3169,2477
2565,แหลมสน,สำนักบริหารพื้นที่อนุรักษ์ที่ 4 (สุราษฎร์ธานี),643,1002,3922,4824,1580,1726,5923,1616,674,855,706,480
2565,ใต้ร่มเย็น,สำนักบริหารพื้นที่อนุรักษ์ที่ 4 (สุราษฎร์ธานี),0,0,429,1484,584,507,2280,596,466,442,474,318
2565,น้ำตกหงาว,สำนักบริหารพื้นที่อนุรักษ์ที่ 4 (สุราษฎร์ธานี),0,804,4587,4985,1474,1467,6423,3035,3824,7953,10186,8316
2565,แก่งกรุง,สำนักบริหารพื้นที่อนุรักษ์ที่ 4 (สุราษฎร์ธานี),0,0,182,233,75,58,250,12,26,21,4,70
2565,คลองพนม,สำนักบริหารพื้นที่อนุรักษ์ที่ 4 (สุราษฎร์ธานี),17,24,197,278,175,204,190,108,45,46,74,75
2565,ธารเสด็จ-เกาะพะงัน,สำนักบริหารพื้นที่อนุรักษ์ที่ 4 (สุราษฎร์ธานี),412,801,3451,4555,3177,4046,5084,4075,3727,5936,7884,5135
2565,ลำน้ำกระบุรี,สำนักบริหารพื้นที่อนุรักษ์ที่ 4 (สุราษฎร์ธานี),0,1438,3747,3246,1570,1382,3599,1998,2002,2956,2497,1775
2565,หมู่เกาะระนอง,สำนักบริหารพื้นที่อนุรักษ์ที่ 4 (สุราษฎร์ธานี),27,80,141,119,68,28,129,3,15,0,8,12
2565,เขาหลวง,สำนักบริหารพื้นที่อนุรักษ์ที่ 5 (นครศรีธรรมราช),560,176,1257,2467,699,1168,4447,2383,2814,2865,3355,2664
2565,หาดนพรัตน์ธารา-หมู่เกาะพีพี,สำนักบริหารพื้นที่อนุรักษ์ที่ 5 (นครศรีธรรมราช),11449,22113,47545,51038,36361,48020,73226,53388,39330,40605,36459,31455
2565,อ่าวพังงา,สำนักบริหารพื้นที่อนุรักษ์ที่ 5 (นครศรีธรรมราช),2322,6249,15349,14183,11243,14075,22904,18016,14553,21636,24608,20498
2565,หมู่เกาะสุรินทร์,สำนักบริหารพื้นที่อนุรักษ์ที่ 5 (นครศรีธรรมราช),1113,2310,5295,3582,3338,4856,7246,2009,0,0,0,0
2565,หมู่เกาะสิมิลัน,สำนักบริหารพื้นที่อนุรักษ์ที่ 5 (นครศรีธรรมราช),4506,11517,25825,20223,15062,19417,28710,9289,0,0,0,0
2565,หาดเจ้าไหม,สำนักบริหารพื้นที่อนุรักษ์ที่ 5 (นครศรีธรรมราช),3748,2402,44225,59111,14673,8807,28147,10515,3138,5386,5012,3855
2565,ตะรุเตา,สำนักบริหารพื้นที่อนุรักษ์ที่ 5 (นครศรีธรรมราช),5136,10316,22787,18468,17645,23077,35619,19185,5398,2,0,0
2565,หมู่เกาะลันตา,สำนักบริหารพื้นที่อนุรักษ์ที่ 5 (นครศรีธรรมราช),2352,3210,9961,10191,5213,6175,12241,5661,0,2949,2644,2258
2565,สิรินาถ,สำนักบริหารพื้นที่อนุรักษ์ที่ 5 (นครศรีธรรมราช),1339,1385,4690,5642,2472,2431,3539,2025,1403,1701,1749,1546
2565,น้ำตกโยง,สำนักบริหารพื้นที่อนุรักษ์ที่ 5 (นครศรีธรรมราช),0,547,4183,9185,4383,3753,15073,4412,3581,4317,4171,3488
2565,เขานัน,สำนักบริหารพื้นที่อนุรักษ์ที่ 5 (นครศรีธรรมราช),69,39,509,810,172,214,2481,611,517,584,525,383
2565,ธารโบกขรณี,สำนักบริหารพื้นที่อนุรักษ์ที่ 5 (นครศรีธรรมราช),3893,6880,13790,13383,7347,9418,21637,11553,4019,4591,4874,2850
2565,หมู่เกาะเภตรา,สำนักบริหารพื้นที่อนุรักษ์ที่ 5 (นครศรีธรรมราช),3933,3977,13954,16484,11481,13479,13876,14514,6246,13199,9277,8350
2565,ทะเลบัน,สำนักบริหารพื้นที่อนุรักษ์ที่ 5 (นครศรีธรรมราช),487,433,897,841,579,684,733,795,679,1217,1517,1333
2565,ศรีพังงา,สำนักบริหารพื้นที่อนุรักษ์ที่ 5 (นครศรีธรรมราช),382,397,1613,2377,825,952,2417,822,431,21,0,373
2565,เขาลำปี-หาดท้ายเหมือง,สำนักบริหารพื้นที่อนุรักษ์ที่ 5 (นครศรีธรรมราช),980,1540,3707,5257,2252,2525,7149,1962,1591,2055,2518,2367
2565,เขาพนมเบญจา,สำนักบริหารพื้นที่อนุรักษ์ที่ 5 (นครศรีธรรมราช),138,126,857,1617,668,852,1848,615,574,692,1291,682
2565,น้ำตกสี่ขีด,สำนักบริหารพื้นที่อนุรักษ์ที่ 5 (นครศรีธรรมราช),100,43,314,900,218,491,2340,463,361,388,567,264
2565,หาดขนอม-หมู่เกาะทะเลใต้ (เตรียมการฯ),สำนักบริหารพื้นที่อนุรักษ์ที่ 5 (นครศรีธรรมราช),1960,1361,5076,6810,3252,3323,6086,3596,2992,3867,3404,3157
2565,เขาหลัก-ลำรู่,สำนักบริหารพื้นที่อนุรักษ์ที่ 5 (นครศรีธรรมราช),1198,1708,4671,4996,2503,2314,6123,2529,1682,2297,0,0
2565,เขาน้ำค้าง,สำนักบริหารพื้นที่อนุรักษ์ที่ 6 (สงขลา),0,0,88,244,128,8,0,0,497,640,441,434
2565,เขาปู่-เขาย่า,สำนักบริหารพื้นที่อนุรักษ์ที่ 6 (สงขลา),2211,2427,8243,12055,6949,5540,14545,7423,3771,9817,6522,6138
2565,สันกาลาคีรี (เตรียมการฯ),สำนักบริหารพื้นที่อนุรักษ์ที่ 6 (สงขลา),0,0,279,4152,868,62,292,236,174,358,125,129
2565,บางลาง,สำนักบริหารพื้นที่อนุรักษ์ที่ 6 สาขาปัตตานี,0,0,301,1742,1040,1293,1209,1597,860,1525,1064,714
2565,น้ำตกทรายขาว,สำนักบริหารพื้นที่อนุรักษ์ที่ 6 สาขาปัตตานี,0,0,0,1463,2149,7338,13358,12153,6091,10255,6087,5273
2565,บูโด-สุไหงปาดี,สำนักบริหารพื้นที่อนุรักษ์ที่ 6 สาขาปัตตานี,0,0,0,0,1983,4040,2995,5923,2826,3840,2353,1953
2565,อ่าวมะนาว-เขาตันหยง (เตรียมการฯ),สำนักบริหารพื้นที่อนุรักษ์ที่ 6 สาขาปัตตานี,0,0,3527,4817,3500,4485,3617,4815,3616,5316,4321,4665
2565,น้ำตกซีโป (เตรียมการฯ),สำนักบริหารพื้นที่อนุรักษ์ที่ 6 สาขาปัตตานี,0,0,0,8062,3399,4671,778,4171,2821,2469,1529,1555
2565,ตาดโตน,สำนักบริหารพื้นที่อนุรักษ์ที่ 7 (นครราชสีมา),3554,8731,12113,12253,8444,22530,46090,16614,13040,16707,8950,3533
2565,ไทรทอง,สำนักบริหารพื้นที่อนุรักษ์ที่ 7 (นครราชสีมา),442,758,1321,977,337,10,0,632,1410,15641,4343,638
2565,ป่าหินงาม,สำนักบริหารพื้นที่อนุรักษ์ที่ 7 (นครราชสีมา),1583,1502,3825,2931,957,288,1174,1285,8607,52638,17441,2879
2565,ภูแลนคา,สำนักบริหารพื้นที่อนุรักษ์ที่ 7 (นครราชสีมา),6118,11518,23305,15870,5155,2985,6072,0,0,10653,8007,4385
2565,ภูกระดึง,สำนักบริหารพื้นที่อนุรักษ์ที่ 8 (ขอนแก่น),10085,14926,28981,10593,4497,1593,2422,2039,402,604,490,1643
2565,ภูเรือ,สำนักบริหารพื้นที่อนุรักษ์ที่ 8 (ขอนแก่น),9164,12132,42486,20043,6336,2284,3358,2259,2024,6300,2779,2985
2565,ภูเวียง,สำนักบริหารพื้นที่อนุรักษ์ที่ 8 (ขอนแก่น),8342,6718,11382,10482,4936,3354,7611,4341,3712,6306,7365,5074
2565,ภูผาม่าน,สำนักบริหารพื้นที่อนุรักษ์ที่ 8 (ขอนแก่น),3900,3815,6512,3128,1794,1050,1728,1557,1249,3059,1860,1563
2565,น้ำพอง,สำนักบริหารพื้นที่อนุรักษ์ที่ 8 (ขอนแก่น),9809,3949,6887,6519,2993,2176,3670,2540,2160,3516,3612,3767
2565,ภูสวนทราย,สำนักบริหารพื้นที่อนุรักษ์ที่ 8 (ขอนแก่น),2010,3106,5997,1859,851,376,575,363,455,970,665,490
2565,ผาแต้ม,สำนักบริหารพื้นที่อนุรักษ์ที่ 9 (อุบลราชธานี),27396,21113,37619,14902,8573,6900,11305,7451,7453,18758,10813,8090
2565,แก่งตะนะ,สำนักบริหารพื้นที่อนุรักษ์ที่ 9 (อุบลราชธานี),2002,1897,4726,2440,1297,1660,2940,1394,1051,2019,1243,915
2565,ภูจองนายอย,สำนักบริหารพื้นที่อนุรักษ์ที่ 9 (อุบลราชธานี),16328,7547,6246,4545,1832,1853,6172,3006,4062,7052,6001,4215
2565,เขาพระวิหาร,สำนักบริหารพื้นที่อนุรักษ์ที่ 9 (อุบลราชธานี),0,16920,46927,25006,5272,4818,7764,5765,10120,21577,21839,11266
2565,ภูผาเทิบ,สำนักบริหารพื้นที่อนุรักษ์ที่ 9 (อุบลราชธานี),1782,1669,3395,1999,1499,1426,1696,595,0,1280,1159,1731
2565,ภูสระดอกบัว,สำนักบริหารพื้นที่อนุรักษ์ที่ 9 (อุบลราชธานี),1770,1157,1331,1045,665,454,452,0,0,0,219,241
2565,ภูพาน,สำนักบริหารพื้นที่อนุรักษ์ที่ 10 (อุดรธานี),69,68,218,197,73,29,54,30,23,37,35,47
2565,นายูง-น้ำโสม (เตรียมการฯ),สำนักบริหารพื้นที่อนุรักษ์ที่ 10 (อุดรธานี),0,491,529,576,359,0,0,563,538,1302,933,589
2565,ภูผาเหล็ก,สำนักบริหารพื้นที่อนุรักษ์ที่ 10 (อุดรธานี),83,136,326,186,43,21,170,12,9,160,80,64
2565,ภูผายล,สำนักบริหารพื้นที่อนุรักษ์ที่ 10 (อุดรธานี),1263,1025,1058,996,484,330,636,0,0,1017,867,843
2565,ภูลังกา,สำนักบริหารพื้นที่อนุรักษ์ที่ 10 (อุดรธานี),14034,21183,40717,39039,33318,21368,24598,0,16594,24719,16604,13130
2565,ภูเก้า-ภูพานคำ,สำนักบริหารพื้นที่อนุรักษ์ที่ 10 (อุดรธานี),1069,1085,2986,4082,2107,1604,2658,820,601,812,551,540
2565,ภูหินจอมธาตุ-ภูพระบาท (เตรียมการฯ),สำนักบริหารพื้นที่อนุรักษ์ที่ 10 (อุดรธานี),0,1743,3790,3535,1514,1280,3752,1375,1295,2589,0,0
2565,ทุ่งแสลงหลวง,สำนักบริหารพื้นที่อนุรักษ์ที่ 11 (พิษณุโลก),4154,6746,13066,8239,3050,1606,4183,1979,2256,4382,2532,1828
2565,ภูหินร่องกล้า,สำนักบริหารพื้นที่อนุรักษ์ที่ 11 (พิษณุโลก),9772,11268,36696,53461,7626,2854,4935,1971,3014,12514,8990,7210
2565,น้ำหนาว,สำนักบริหารพื้นที่อนุรักษ์ที่ 11 (พิษณุโลก),2595,2524,10197,4686,1490,1039,1443,1003,0,0,4,1137
2565,น้ำตกชาติตระการ,สำนักบริหารพื้นที่อนุรักษ์ที่ 11 (พิษณุโลก),1067,1643,2260,2305,812,972,3470,900,595,718,276,0
2565,ภูสอยดาว,สำนักบริหารพื้นที่อนุรักษ์ที่ 11 (พิษณุโลก),1365,2929,3813,1536,259,510,2160,379,176,2435,1935,2654
2565,ลำน้ำน่าน,สำนักบริหารพื้นที่อนุรักษ์ที่ 11 (พิษณุโลก),3929,4509,7428,5165,3030,2835,7487,3727,2481,3382,1665,1673
2565,เขาค้อ,สำนักบริหารพื้นที่อนุรักษ์ที่ 11 (พิษณุโลก),3883,3798,9211,5571,1855,2057,4884,2375,1011,1767,1415,1480
2565,แควน้อย (เตรียมการฯ),สำนักบริหารพื้นที่อนุรักษ์ที่ 11 (พิษณุโลก),0,381,764,444,0,37,216,105,55,200,42,18
2565,ต้นสักใหญ่,สำนักบริหารพื้นที่อนุรักษ์ที่ 11 (พิษณุโลก),0,1605,3039,3025,1216,953,1942,0,1162,1875,1719,1187
2565,ตาดหมอก,สำนักบริหารพื้นที่อนุรักษ์ที่ 11 (พิษณุโลก),2223,3127,4843,3057,1443,572,1944,1300,999,1517,1293,1396
2565,แม่วงก์,สำนักบริหารพื้นที่อนุรักษ์ที่ 12 (นครสวรรค์),0,3060,7708,5849,2452,1375,3014,1873,1629,4089,2803,2009
2565,คลองลาน,สำนักบริหารพื้นที่อนุรักษ์ที่ 12 (นครสวรรค์),35507,38128,53711,46093,18689,17410,54213,18962,16894,31817,18947,11189
2565,คลองวังเจ้า,สำนักบริหารพื้นที่อนุรักษ์ที่ 12 (นครสวรรค์),731,2483,6211,4315,2209,2835,5332,1677,1166,2936,1051,989
2565,แม่ยม,สำนักบริหารพื้นที่อนุรักษ์ที่ 13 (แพร่),636,98,1736,1012,226,491,1136,271,269,171,168,201
2565,เวียงโกศัย,สำนักบริหารพื้นที่อนุรักษ์ที่ 13 (แพร่),459,695,1338,1535,476,1042,4047,888,432,0,0,0
2565,ดอยผากลอง,สำนักบริหารพื้นที่อนุรักษ์ที่ 13 (แพร่),151,191,518,547,204,191,537,119,202,0,0,50
2565,ขุนน่าน,สำนักบริหารพื้นที่อนุรักษ์ที่ 13 (แพร่),393,218,1279,509,136,26,84,30,0,0,103,345
2565,ขุนสถาน,สำนักบริหารพื้นที่อนุรักษ์ที่ 13 (แพร่),167,2657,5004,6325,1154,0,0,0,440,1095,696,686
2565,ดอยภูคา,สำนักบริหารพื้นที่อนุรักษ์ที่ 13 (แพร่),3537,4092,9894,5777,4023,910,679,474,675,1379,785,1009
2565,ถ้ำสะเกิน,สำนักบริหารพื้นที่อนุรักษ์ที่ 13 (แพร่),796,796,2972,1950,268,145,237,122,0,0,0,161
2565,นันทบุรี (เตรียมการฯ),สำนักบริหารพื้นที่อนุรักษ์ที่ 13 (แพร่),1010,1048,2369,2580,441,143,305,164,223,310,141,241
2565,แม่จริม,สำนักบริหารพื้นที่อนุรักษ์ที่ 13 (แพร่),361,678,1574,1466,826,699,1898,646,431,469,320,271
2565,ศรีน่าน,สำนักบริหารพื้นที่อนุรักษ์ที่ 13 (แพร่),8130,12525,27286,14011,3567,0,0,0,474,1170,725,756
2565,แจ้ซ้อน,สำนักบริหารพื้นที่อนุรักษ์ที่ 13 สาขาลำปาง,8460,14886,35047,29110,12801,12377,37445,12293,7655,12328,6066,4724
2565,ดอยขุนตาล,สำนักบริหารพื้นที่อนุรักษ์ที่ 13 สาขาลำปาง,1019,864,1043,1223,864,412,300,0,290,2244,1282,1045
2565,ถ้ำผาไท (เตรียมการฯ),สำนักบริหารพื้นที่อนุรักษ์ที่ 13 สาขาลำปาง,0,1097,4631,4172,1967,1357,4990,1400,1284,0,0,896
2565,แม่วะ,สำนักบริหารพื้นที่อนุรักษ์ที่ 13 สาขาลำปาง,641,690,1533,1256,335,140,220,181,102,220,291,111
2565,ดอยจง,สำนักบริหารพื้นที่อนุรักษ์ที่ 13 สาขาลำปาง,25,190,472,358,285,221,7,0,0,0,0,0
2565,เขลางค์บรรพต (เตรียมการฯ),สำนักบริหารพื้นที่อนุรักษ์ที่ 13 สาขาลำปาง,371,430,681,518,764,7,329,284,579,388,252,293
2565,ตากสินมหาราช,สำนักบริหารพื้นที่อนุรักษ์ที่ 14 (ตาก),0,1651,7570,2964,1145,607,1036,572,439,970,1011,974
2565,แม่เมย,สำนักบริหารพื้นที่อนุรักษ์ที่ 14 (ตาก),0,0,1095,1001,580,183,503,90,70,212,151,252
2565,น้ำตกพาเจริญ (เตรียมการฯ),สำนักบริหารพื้นที่อนุรักษ์ที่ 14 (ตาก),0,0,1082,5466,3058,3396,699,0,0,4356,2836,2473
2565,รามคำแหง,สำนักบริหารพื้นที่อนุรักษ์ที่ 14 (ตาก),0,2232,5087,3575,1913,0,0,1240,1783,1789,1069,773
2565,ศรีสัชนาลัย,สำนักบริหารพื้นที่อนุรักษ์ที่ 14 (ตาก),828,1044,3044,2756,967,669,1975,532,636,0,0,669
2565,ลานสาง,สำนักบริหารพื้นที่อนุรักษ์ที่ 14 (ตาก),0,1074,4365,3881,1584,2817,8017,2033,1393,2702,1188,808
2565,ขุนพะวอ,สำนักบริหารพื้นที่อนุรักษ์ที่ 14 (ตาก),0,0,1022,859,383,141,0,57,195,448,152,318
2565,ดอยสอยมาลัย-ไม้กลายเป็นหิน (เตรียมการฯ),สำนักบริหารพื้นที่อนุรักษ์ที่ 14 (ตาก),0,0,2105,4577,1741,1481,4566,1303,1120,4402,2627,2550
2565,ดอยหลวง,สำนักบริหารพื้นที่อนุรักษ์ที่ 15 (เชียงราย),1286,1219,1669,1618,783,3299,12164,2043,1130,0,0,0
2565,ขุนแจ,สำนักบริหารพื้นที่อนุรักษ์ที่ 15 (เชียงราย),70,373,620,676,446,144,585,356,482,464,366,293
2565,ภูซาง,สำนักบริหารพื้นที่อนุรักษ์ที่ 15 (เชียงราย),3724,4453,8221,8673,3739,5449,16641,4863,3292,0,0,1546
2565,ดอยภูนาง,สำนักบริหารพื้นที่อนุรักษ์ที่ 15 (เชียงราย),763,1469,2879,2266,971,1064,3114,730,676,0,0,0
2565,ลำน้ำกก (เตรียมการฯ),สำนักบริหารพื้นที่อนุรักษ์ที่ 15 (เชียงราย),3377,3925,7151,6439,4462,13608,27255,5978,3833,0,0,0
2565,แม่ปืม,สำนักบริหารพื้นที่อนุรักษ์ที่ 15 (เชียงราย),1409,1723,4945,3655,1393,1077,649,814,952,1260,0,0
2565,ถ้ำหลวง-ขุนน้ำนางนอน (เตรียมการฯ),สำนักบริหารพื้นที่อนุรักษ์ที่ 15 (เชียงราย),7942,16773,49843,40098,21875,12472,19997,0,0,0,0,0
2565,ภูชี้ฟ้า (เตรียมการฯ),สำนักบริหารพื้นที่อนุรักษ์ที่ 15 (เชียงราย),4288,4303,56038,29211,3945,1094,1109,967,887,0,0,1453
2565,ดอยอินทนนท์,สำนักบริหารพื้นที่อนุรักษ์ที่ 16 (เชียงใหม่),0,33534,127240,86547,29519,15992,35394,16065,15907,27433,27454,24080
2565,แม่ปิง,สำนักบริหารพื้นที่อนุรักษ์ที่ 16 (เชียงใหม่),619,1253,4238,3374,1774,1367,3300,969,675,0,0,0
2565,ผาแดง,สำนักบริหารพื้นที่อนุรักษ์ที่ 16 (เชียงใหม่),697,1093,4258,3898,1464,1579,3924,1419,991,1260,978,1042
2565,ดอยผ้าห่มปก,สำนักบริหารพื้นที่อนุรักษ์ที่ 16 (เชียงใหม่),1197,3341,16266,15394,7338,3738,12193,2917,3097,4813,2210,2381
2565,ห้วยน้ำดัง,สำนักบริหารพื้นที่อนุรักษ์ที่ 16 (เชียงใหม่),3814,8343,34376,19810,7795,2578,4158,3068,3240,3648,3034,2097
2565,ดอยสุเทพ-ปุย,สำนักบริหารพื้นที่อนุรักษ์ที่ 16 (เชียงใหม่),2497,7451,11721,16497,9147,10119,21180,8907,9811,12688,10290,7169
2565,ออบหลวง,สำนักบริหารพื้นที่อนุรักษ์ที่ 16 (เชียงใหม่),0,1157,7043,5666,2422,1263,2226,1281,1040,1724,1098,1077
2565,ศรีลานนา,สำนักบริหารพื้นที่อนุรักษ์ที่ 16 (เชียงใหม่),4086,4395,8814,7168,5000,6675,12331,8318,5747,7900,5363,4896
2565,ดอยเวียงผา (เตรียมการฯ),สำนักบริหารพื้นที่อนุรักษ์ที่ 16 (เชียงใหม่),0,37,297,320,59,15,113,23,37,115,28,5
2565,ออบขาน (เตรียมการฯ),สำนักบริหารพื้นที่อนุรักษ์ที่ 16 (เชียงใหม่),738,1440,2655,2702,60,3669,17629,3603,788,1426,739,292
2565,แม่โถ (เตรียมการฯ),สำนักบริหารพื้นที่อนุรักษ์ที่ 16 (เชียงใหม่),0,48,178,177,10,9,99,2,0,0,0,0
2565,แม่ตะไคร้,สำนักบริหารพื้นที่อนุรักษ์ที่ 16 (เชียงใหม่),0,512,1452,1223,670,1254,2333,941,0,0,13,226
2565,ขุนขาน,สำนักบริหารพื้นที่อนุรักษ์ที่ 16 (เชียงใหม่),49,152,350,545,91,60,473,260,45,61,14,30
2565,แม่วาง,สำนักบริหารพื้นที่อนุรักษ์ที่ 16 (เชียงใหม่),0,2527,10205,6639,3190,1694,2377,1864,1665,2642,1979,2390
2565,น้ำตกบัวตอง-น้ำพุเจ็ดสี (เตรียมการฯ),สำนักบริหารพื้นที่อนุรักษ์ที่ 16 (เชียงใหม่),2384,4173,6982,6966,4593,10935,25568,10939,8387,14396,11916,9198
2565,ถ้ำปลา-น้ำตกผาเสื่อ,สำนักบริหารพื้นที่อนุรักษ์ที่ 16 สาขาแม่สะเรียง,6161,15133,24768,21793,10245,3622,4178,2239,1996,3022,2045,2014
2565,น้ำตกแม่สุรินทร์,สำนักบริหารพื้นที่อนุรักษ์ที่ 16 สาขาแม่สะเรียง,200,3369,1202,382,185,109,149,0,0,0,0,0
2565,สาละวิน,สำนักบริหารพื้นที่อนุรักษ์ที่ 16 สาขาแม่สะเรียง,0,0,292,289,80,0,0,12,9,0,0,0
2565,แม่เงา (เตรียมการฯ),สำนักบริหารพื้นที่อนุรักษ์ที่ 16 สาขาแม่สะเรียง,0,340,1420,535,374,347,5137,352,0,0,0,0
2565,แม่สะเรียง (เตรียมการฯ),สำนักบริหารพื้นที่อนุรักษ์ที่ 16 สาขาแม่สะเรียง,0,9,96,69,32,17,14,12,12,28,12,3
2566,เขาใหญ่,สำนักบริหารพื้นที่อนุรักษ์ที่ 1 (ปราจีนบุรี),161520,132783,224702,155717,81379,76321,80898,69871,108037,158408,140364,96532
2566,ทับลาน,สำนักบริหารพื้นที่อนุรักษ์ที่ 1 (ปราจีนบุรี),13734,10811,25011,16098,11410,5664,9663,3421,3961,8315,7456,4855
2566,ปางสีดา,สำนักบริหารพื้นที่อนุรักษ์ที่ 1 (ปราจีนบุรี),5903,2866,4194,2514,1314,1976,1277,883,3246,6959,5271,2880
2566,ตาพระยา,สำนักบริหารพื้นที่อนุรักษ์ที่ 1 (ปราจีนบุรี),279,274,432,361,321,420,177,140,207,333,571,395
2566,น้ำตกสามหลั่น,สำนักบริหารพื้นที่อนุรักษ์ที่ 1 สาขาสระบุรี,11284,5683,8895,6982,3447,3652,3042,2310,3672,4977,5362,7372
2566,น้ำตกเจ็ดสาวน้อย,สำนักบริหารพื้นที่อนุรักษ์ที่ 1 สาขาสระบุรี,16506,18628,28080,24426,21757,39554,87253,50184,27067,27428,29174,14793
2566,เจ็ดคด-โป่งก้อนเส้า (เตรียมการฯ),สำนักบริหารพื้นที่อนุรักษ์ที่ 1 สาขาสระบุรี,0,0,0,0,0,0,481,693,928,2025,1335,1339
2566,หมู่เกาะช้าง,สำนักบริหารพื้นที่อนุรักษ์ที่ 2 (ศรีราชา),15786,13133,19462,17286,14634,19033,28130,14672,7104,10324,10412,4761
2566,เขาแหลมหญ้า-หมู่เกาะเสม็ด,สำนักบริหารพื้นที่อนุรักษ์ที่ 2 (ศรีราชา),63685,41664,64155,62849,61374,113930,156866,114736,80032,94533,85961,51401
2566,น้ำตกพลิ้ว,สำนักบริหารพื้นที่อนุรักษ์ที่ 2 (ศรีราชา),27663,15806,23546,23525,25139,52317,82252,48884,19475,22058,25606,13901
2566,เขาชะเมา-เขาวง,สำนักบริหารพื้นที่อนุรักษ์ที่ 2 (ศรีราชา),10286,5793,10331,9469,6007,10018,24344,12519,9509,9210,11865,6737
2566,เขาคิชฌกูฎ,สำนักบริหารพื้นที่อนุรักษ์ที่ 2 (ศรีราชา),6227,3424,6345,53980,263494,356701,19086,11551,3935,3339,4856,1838
2566,น้ำตกคลองแก้ว,สำนักบริหารพื้นที่อนุรักษ์ที่ 2 (ศรีราชา),1786,889,1416,1743,854,2214,4951,2100,587,398,1164,265
2566,เขาสิบห้าชั้น,สำนักบริหารพื้นที่อนุรักษ์ที่ 2 (ศรีราชา),1133,822,2411,1955,683,864,837,323,332,558,550,309
2566,เขื่อนศรีนครินทร์,สำนักบริหารพื้นที่อนุรักษ์ที่ 3 (บ้านโป่ง),235,3084,6600,4044,2295,6801,12103,4171,3469,5312,8016,2501
2566,เอราวัณ,สำนักบริหารพื้นที่อนุรักษ์ที่ 3 (บ้านโป่ง),30878,28046,42384,42627,34934,28461,75877,38548,27474,43768,42441,20049
2566,ไทรโยค,สำนักบริหารพื้นที่อนุรักษ์ที่ 3 (บ้านโป่ง),5214,3944,7714,6130,3930,5699,10820,4300,3860,6291,5130,2772
2566,เขาแหลม,สำนักบริหารพื้นที่อนุรักษ์ที่ 3 (บ้านโป่ง),10201,6211,11989,6440,2914,1721,914,407,860,4427,2800,1927
2566,เฉลิมรัตนโกสินทร์,สำนักบริหารพื้นที่อนุรักษ์ที่ 3 (บ้านโป่ง),2713,2065,3789,3201,1544,2577,5519,1643,1847,2195,2426,1203
2566,ทองผาภูมิ,สำนักบริหารพื้นที่อนุรักษ์ที่ 3 (บ้านโป่ง),10506,9622,16531,11780,3824,2867,3580,2796,4533,7066,7280,5846
2566,ลำคลองงู,สำนักบริหารพื้นที่อนุรักษ์ที่ 3 (บ้านโป่ง),0,58,524,310,113,1691,1863,0,0,0,0,0
2566,เฉลิมพระเกียรติไทยประจัน,สำนักบริหารพื้นที่อนุรักษ์ที่ 3 (บ้านโป่ง),4632,4313,6751,6392,3861,4102,2715,2342,3885,5120,5601,4899
2566,พุเตย,สำนักบริหารพื้นที่อนุรักษ์ที่ 3 (บ้านโป่ง),1063,879,2538,1674,799,342,173,322,685,1026,2311,868
2566,แก่งกระจาน,สำนักบริหารพื้นที่อนุรักษ์ที่ 3 สาขาเพชรบุรี,5696,8653,16609,12544,7944,11072,29060,26014,9836,10496,6286,3550
2566,กุยบุรี,สำนักบริหารพื้นที่อนุรักษ์ที่ 3 สาขาเพชรบุรี,0,1636,2567,2560,1911,2123,1622,1136,0,2747,2662,1096
2566,เขาสามร้อยยอด,สำนักบริหารพื้นที่อนุรักษ์ที่ 3 สาขาเพชรบุรี,10578,8233,16530,15199,11810,14637,19111,9830,8248,13118,12079,6762
2566,น้ำตกห้วยยาง,สำนักบริหารพื้นที่อนุรักษ์ที่ 3 สาขาเพชรบุรี,1619,1004,2306,2470,1142,1553,3044,0,0,1182,1640,1044
2566,หาดวนกร,สำนักบริหารพื้นที่อนุรักษ์ที่ 3 สาขาเพชรบุรี,3198,733,3365,2671,1761,5033,11362,4643,2937,3492,2601,1574
2566,อ่าวสยาม (เตรียมการฯ),สำนักบริหารพื้นที่อนุรักษ์ที่ 3 สาขาเพชรบุรี,267,39,170,719,4234,1106,2121,908,825,1504,1915,1345
2566,เขาสก,สำนักบริหารพื้นที่อนุรักษ์ที่ 4 (สุราษฎร์ธานี),18377,18481,26539,33309,39558,46690,46799,22554,15949,30932,32384,15747
2566,หมู่เกาะอ่างทอง,สำนักบริหารพื้นที่อนุรักษ์ที่ 4 (สุราษฎร์ธานี),5387,2853,5875,11649,12082,15922,16805,11931,12957,17293,24173,10768
2566,หมู่เกาะชุมพร,สำนักบริหารพื้นที่อนุรักษ์ที่ 4 (สุราษฎร์ธานี),1836,1674,3774,7353,3208,5272,8398,4079,2063,3573,3064,1417
2566,แหลมสน,สำนักบริหารพื้นที่อนุรักษ์ที่ 4 (สุราษฎร์ธานี),1288,985,2380,3141,1088,2085,5807,1718,476,847,723,376
2566,ใต้ร่มเย็น,สำนักบริหารพื้นที่อนุรักษ์ที่ 4 (สุราษฎร์ธานี),163,39,418,1765,1024,1981,5879,1201,485,686,634,420
2566,น้ำตกหงาว,สำนักบริหารพื้นที่อนุรักษ์ที่ 4 (สุราษฎร์ธานี),16706,10055,15218,16375,8806,10079,11304,5770,7792,9523,9114,7386
2566,แก่งกรุง,สำนักบริหารพื้นที่อนุรักษ์ที่ 4 (สุราษฎร์ธานี),0,0,54,303,94,305,970,168,46,58,53,8
2566,คลองพนม,สำนักบริหารพื้นที่อนุรักษ์ที่ 4 (สุราษฎร์ธานี),99,225,368,462,415,319,390,149,113,128,119,91
2566,ธารเสด็จ-เกาะพะงัน,สำนักบริหารพื้นที่อนุรักษ์ที่ 4 (สุราษฎร์ธานี),4909,2809,6810,10053,8683,9538,5514,3163,2247,3862,5531,3621
2566,ลำน้ำกระบุรี,สำนักบริหารพื้นที่อนุรักษ์ที่ 4 (สุราษฎร์ธานี),3868,2294,3839,3971,2040,2805,3299,1414,1876,3056,2799,2000
2566,หมู่เกาะระนอง,สำนักบริหารพื้นที่อนุรักษ์ที่ 4 (สุราษฎร์ธานี),22,24,108,75,22,23,65,7,12,8,21,27
2566,เขาหลวง,สำนักบริหารพื้นที่อนุรักษ์ที่ 5 (นครศรีธรรมราช),1799,890,2513,6610,3076,8736,27713,5971,3308,3100,4490,2449
2566,หาดนพรัตน์ธารา-หมู่เกาะพีพี,สำนักบริหารพื้นที่อนุรักษ์ที่ 5 (นครศรีธรรมราช),51421,58119,75951,81050,97787,148892,148155,117383,104584,110436,94245,65492
2566,อ่าวพังงา,สำนักบริหารพื้นที่อนุรักษ์ที่ 5 (นครศรีธรรมราช),26075,23568,25120,29522,43951,48295,46610,32903,29366,37294,35547,25206
2566,หมู่เกาะสุรินทร์,สำนักบริหารพื้นที่อนุรักษ์ที่ 5 (นครศรีธรรมราช),1835,3812,6265,9001,9466,12126,14085,3640,0,0,0,0
2566,หมู่เกาะสิมิลัน,สำนักบริหารพื้นที่อนุรักษ์ที่ 5 (นครศรีธรรมราช),7241,25201,37730,50299,57733,78435,73934,22128,0,0,0,0
2566,หาดเจ้าไหม,สำนักบริหารพื้นที่อนุรักษ์ที่ 5 (นครศรีธรรมราช),5622,3677,7508,15296,7379,10477,31773,11348,2834,3070,1944,1184
2566,ตะรุเตา,สำนักบริหารพื้นที่อนุรักษ์ที่ 5 (นครศรีธรรมราช),13559,11756,24320,25124,25546,33910,38130,18288,7429,9113,8115,4940
2566,หมู่เกาะลันตา,สำนักบริหารพื้นที่อนุรักษ์ที่ 5 (นครศรีธรรมราช),5012,8148,12302,17365,16565,15912,13662,5193,1688,1826,1505,1278
2566,สิรินาถ,สำนักบริหารพื้นที่อนุรักษ์ที่ 5 (นครศรีธรรมราช),2189,3784,4914,7716,6063,6014,4882,3196,3012,2292,2277,1648
2566,น้ำตกโยง,สำนักบริหารพื้นที่อนุรักษ์ที่ 5 (นครศรีธรรมราช),3450,2289,4405,12505,7020,14892,26812,5630,2881,2789,4563,2349
2566,เขานัน,สำนักบริหารพื้นที่อนุรักษ์ที่ 5 (นครศรีธรรมราช),0,0,513,1347,663,1329,4323,545,392,421,392,221
2566,ธารโบกขรณี,สำนักบริหารพื้นที่อนุรักษ์ที่ 5 (นครศรีธรรมราช),5653,6848,10758,15543,13320,17236,21482,7819,4894,4829,6300,4040
2566,หมู่เกาะเภตรา,สำนักบริหารพื้นที่อนุรักษ์ที่ 5 (นครศรีธรรมราช),11633,4769,9545,22168,14013,20890,17961,11385,7740,10843,8657,7595
2566,ทะเลบัน,สำนักบริหารพื้นที่อนุรักษ์ที่ 5 (นครศรีธรรมราช),831,633,1181,2567,2287,1663,1067,627,677,917,721,783
2566,ศรีพังงา,สำนักบริหารพื้นที่อนุรักษ์ที่ 5 (นครศรีธรรมราช),753,645,1367,2273,1680,2042,2563,940,510,0,0,322
2566,เขาลำปี-หาดท้ายเหมือง,สำนักบริหารพื้นที่อนุรักษ์ที่ 5 (นครศรีธรรมราช),1819,3004,5719,8581,6088,6918,9849,3667,2512,2988,4284,1968
2566,เขาพนมเบญจา,สำนักบริหารพื้นที่อนุรักษ์ที่ 5 (นครศรีธรรมราช),671,993,1709,2880,2319,2766,3688,1379,857,1163,969,707
2566,น้ำตกสี่ขีด,สำนักบริหารพื้นที่อนุรักษ์ที่ 5 (นครศรีธรรมราช),154,0,420,1376,496,1413,5880,1089,343,403,661,190
2566,หาดขนอม-หมู่เกาะทะเลใต้ (เตรียมการฯ),สำนักบริหารพื้นที่อนุรักษ์ที่ 5 (นครศรีธรรมราช),4701,3040,4129,4481,3111,3664,6590,2861,2709,3161,2383,2508
2566,เขาหลัก-ลำรู่,สำนักบริหารพื้นที่อนุรักษ์ที่ 5 (นครศรีธรรมราช),3423,4067,6009,8368,7364,7859,9800,3723,2072,2968,3425,2060
2566,เขาน้ำค้าง,สำนักบริหารพื้นที่อนุรักษ์ที่ 6 (สงขลา),243,197,191,992,661,1201,3486,1420,1106,528,618,234
2566,เขาปู่-เขาย่า,สำนักบริหารพื้นที่อนุรักษ์ที่ 6 (สงขลา),6700,3127,5547,7928,6894,10613,22388,5413,3217,4992,4053,3429
2566,สันกาลาคีรี (เตรียมการฯ),สำนักบริหารพื้นที่อนุรักษ์ที่ 6 (สงขลา),187,25,67,611,545,331,389,244,160,207,131,147
2566,บางลาง,สำนักบริหารพื้นที่อนุรักษ์ที่ 6 สาขาปัตตานี,1254,205,379,628,614,1279,1554,1174,578,933,839,390
2566,น้ำตกทรายขาว,สำนักบริหารพื้นที่อนุรักษ์ที่ 6 สาขาปัตตานี,4319,1404,1807,7065,5845,14611,24916,19574,5486,8221,5449,3981
2566,บูโด-สุไหงปาดี,สำนักบริหารพื้นที่อนุรักษ์ที่ 6 สาขาปัตตานี,2577,0,440,1977,2521,5019,7676,4000,1353,2141,1184,1795
2566,อ่าวมะนาว-เขาตันหยง (เตรียมการฯ),สำนักบริหารพื้นที่อนุรักษ์ที่ 6 สาขาปัตตานี,4746,0,4420,4531,5938,9398,5326,3552,3689,4419,4285,4240
2566,น้ำตกซีโป (เตรียมการฯ),สำนักบริหารพื้นที่อนุรักษ์ที่ 6 สาขาปัตตานี,2140,0,0,1050,1585,2161,2239,2651,1878,2205,1823,1899
2566,ตาดโตน,สำนักบริหารพื้นที่อนุรักษ์ที่ 7 (นครราชสีมา),6428,7711,11476,8876,12985,38735,116615,27283,14449,19991,14929,5167
2566,ไทรทอง,สำนักบริหารพื้นที่อนุรักษ์ที่ 7 (นครราชสีมา),951,595,1418,787,361,0,0,441,2113,28214,15546,743
2566,ป่าหินงาม,สำนักบริหารพื้นที่อนุรักษ์ที่ 7 (นครราชสีมา),3057,1577,3605,2812,973,834,884,1025,11876,66167,37904,3973
2566,ภูแลนคา,สำนักบริหารพื้นที่อนุรักษ์ที่ 7 (นครราชสีมา),9707,7655,19628,14820,5282,0,2311,2751,4801,15449,14146,8567
2566,ภูกระดึง,สำนักบริหารพื้นที่อนุรักษ์ที่ 8 (ขอนแก่น),9639,10058,17018,8748,4774,2414,1533,1378,323,523,449,253
2566,ภูเรือ,สำนักบริหารพื้นที่อนุรักษ์ที่ 8 (ขอนแก่น),11122,9307,25435,17027,5935,2438,1553,1515,3187,3987,3180,2752
2566,ภูเวียง,สำนักบริหารพื้นที่อนุรักษ์ที่ 8 (ขอนแก่น),7615,4799,10244,8327,3631,3789,4136,2110,2547,5419,5989,5336
2566,ภูผาม่าน,สำนักบริหารพื้นที่อนุรักษ์ที่ 8 (ขอนแก่น),5124,2740,5911,3665,2497,2248,931,809,880,2779,1906,1509
2566,น้ำพอง,สำนักบริหารพื้นที่อนุรักษ์ที่ 8 (ขอนแก่น),3573,1761,3135,3587,1401,1539,1704,1210,1601,2521,2469,1311
2566,ภูสวนทราย,สำนักบริหารพื้นที่อนุรักษ์ที่ 8 (ขอนแก่น),2128,1219,3491,1747,738,276,544,241,941,1108,875,555
2566,ผาแต้ม,สำนักบริหารพื้นที่อนุรักษ์ที่ 9 (อุบลราชธานี),11835,11166,24406,19100,9447,10091,9831,6357,7192,11617,15572,9298
2566,แก่งตะนะ,สำนักบริหารพื้นที่อนุรักษ์ที่ 9 (อุบลราชธานี),927,1117,2981,2172,1852,1953,3320,1166,974,1885,1834,1227
2566,ภูจองนายอย,สำนักบริหารพื้นที่อนุรักษ์ที่ 9 (อุบลราชธานี),4755,3039,4608,3838,2116,2009,3115,1211,3103,6754,12372,9249
2566,เขาพระวิหาร,สำนักบริหารพื้นที่อนุรักษ์ที่ 9 (อุบลราชธานี),20800,15994,34330,24776,6539,5383,7187,4664,15046,18861,16853,10994
2566,ภูผาเทิบ,สำนักบริหารพื้นที่อนุรักษ์ที่ 9 (อุบลราชธานี),2414,2741,3547,3239,2038,2359,1215,751,1034,1862,1942,1330
2566,ภูสระดอกบัว,สำนักบริหารพื้นที่อนุรักษ์ที่ 9 (อุบลราชธานี),771,368,754,782,712,321,206,134,161,0,320,236
2566,ภูพาน,สำนักบริหารพื้นที่อนุรักษ์ที่ 10 (อุดรธานี),143,66,273,123,158,121,31,0,0,12,59,50
2566,นายูง-น้ำโสม (เตรียมการฯ),สำนักบริหารพื้นที่อนุรักษ์ที่ 10 (อุดรธานี),785,430,472,703,1802,0,0,1126,1274,874,1059,632
2566,ภูผาเหล็ก,สำนักบริหารพื้นที่อนุรักษ์ที่ 10 (อุดรธานี),70,167,360,422,724,0,0,45,120,129,195,131
2566,ภูผายล,สำนักบริหารพื้นที่อนุรักษ์ที่ 10 (อุดรธานี),2002,1489,1867,1138,795,472,1238,150,570,940,1314,1451
2566,ภูลังกา,สำนักบริหารพื้นที่อนุรักษ์ที่ 10 (อุดรธานี),26304,18499,25082,22612,16084,16534,15537,0,14309,21577,13786,11175
2566,ภูเก้า-ภูพานคำ,สำนักบริหารพื้นที่อนุรักษ์ที่ 10 (อุดรธานี),716,827,1742,1491,926,1387,8351,5334,3782,4328,9137,5013
2566,ภูหินจอมธาตุ-ภูพระบาท (เตรียมการฯ),สำนักบริหารพื้นที่อนุรักษ์ที่ 10 (อุดรธานี),2204,1140,3417,4306,1763,2063,4469,1296,1174,1798,0,0
2566,ทุ่งแสลงหลวง,สำนักบริหารพื้นที่อนุรักษ์ที่ 11 (พิษณุโลก),9461,5561,11185,8063,2692,2733,4266,848,2475,4565,3756,1886
2566,ภูหินร่องกล้า,สำนักบริหารพื้นที่อนุรักษ์ที่ 11 (พิษณุโลก),25455,16671,40996,78055,11620,5123,3575,4484,8248,14157,11876,7865
2566,น้ำหนาว,สำนักบริหารพื้นที่อนุรักษ์ที่ 11 (พิษณุโลก),3788,2826,7497,4057,1675,1297,1089,748,0,2087,1462,787
2566,น้ำตกชาติตระการ,สำนักบริหารพื้นที่อนุรักษ์ที่ 11 (พิษณุโลก),1122,1333,2042,1886,190,920,3032,683,642,880,762,461
2566,ภูสอยดาว,สำนักบริหารพื้นที่อนุรักษ์ที่ 11 (พิษณุโลก),2730,3853,2620,541,202,522,2438,589,170,2940,2507,4567
2566,ลำน้ำน่าน,สำนักบริหารพื้นที่อนุรักษ์ที่ 11 (พิษณุโลก),3679,3175,6031,3935,2426,3628,8156,3749,2343,2689,0,1404
2566,เขาค้อ,สำนักบริหารพื้นที่อนุรักษ์ที่ 11 (พิษณุโลก),3562,3337,6191,3491,1617,1782,4929,1401,858,1204,1385,855
2566,แควน้อย (เตรียมการฯ),สำนักบริหารพื้นที่อนุรักษ์ที่ 11 (พิษณุโลก),413,380,563,446,33,0,2559,37,65,47,161,64
2566,ต้นสักใหญ่,สำนักบริหารพื้นที่อนุรักษ์ที่ 11 (พิษณุโลก),2649,2310,3171,3012,1660,1927,2104,1084,1360,2214,1865,1601
2566,ตาดหมอก,สำนักบริหารพื้นที่อนุรักษ์ที่ 11 (พิษณุโลก),4924,3354,6174,3371,3256,1940,1268,1189,1364,2284,2054,1508
2566,แม่วงก์,สำนักบริหารพื้นที่อนุรักษ์ที่ 12 (นครสวรรค์),5109,4147,7831,4926,2358,1617,1851,2868,4653,5952,6141,3526
2566,คลองลาน,สำนักบริหารพื้นที่อนุรักษ์ที่ 12 (นครสวรรค์),31556,23707,45458,39579,23202,35453,93745,31653,20427,29217,25769,14047
2566,คลองวังเจ้า,สำนักบริหารพื้นที่อนุรักษ์ที่ 12 (นครสวรรค์),2989,3247,8597,5551,3331,4265,11825,3451,2757,3159,2673,1316
2566,แม่ยม,สำนักบริหารพื้นที่อนุรักษ์ที่ 13 (แพร่),364,425,1257,383,306,446,1631,318,239,248,238,90
2566,เวียงโกศัย,สำนักบริหารพื้นที่อนุรักษ์ที่ 13 (แพร่),335,440,1410,1258,889,1450,7883,1521,816,585,9,0
2566,ดอยผากลอง,สำนักบริหารพื้นที่อนุรักษ์ที่ 13 (แพร่),241,218,874,740,238,196,269,302,51,0,0,58
2566,ขุนน่าน,สำนักบริหารพื้นที่อนุรักษ์ที่ 13 (แพร่),400,204,623,298,60,23,26,5,0,0,102,440
2566,ขุนสถาน,สำนักบริหารพื้นที่อนุรักษ์ที่ 13 (แพร่),2526,2102,6254,6138,1544,0,0,0,486,1016,1002,880
2566,ดอยภูคา,สำนักบริหารพื้นที่อนุรักษ์ที่ 13 (แพร่),4032,3258,6347,3998,3014,1037,6426,318,441,1425,517,554
2566,ถ้ำสะเกิน,สำนักบริหารพื้นที่อนุรักษ์ที่ 13 (แพร่),913,653,1925,1055,169,34,53,24,0,0,0,298
2566,นันทบุรี (เตรียมการฯ),สำนักบริหารพื้นที่อนุรักษ์ที่ 13 (แพร่),674,657,2087,868,344,189,233,159,193,353,268,252
2566,แม่จริม,สำนักบริหารพื้นที่อนุรักษ์ที่ 13 (แพร่),668,544,987,660,370,545,1467,583,1230,307,296,207
2566,ศรีน่าน,สำนักบริหารพื้นที่อนุรักษ์ที่ 13 (แพร่),10943,7850,15001,8796,2649,0,0,0,654,1916,1489,1115
2566,แจ้ซ้อน,สำนักบริหารพื้นที่อนุรักษ์ที่ 13 สาขาลำปาง,14464,14057,32800,27421,11920,15487,42766,12000,7504,13763,10071,5993
2566,ดอยขุนตาล,สำนักบริหารพื้นที่อนุรักษ์ที่ 13 สาขาลำปาง,2702,2092,3898,2832,1257,936,347,0,385,1971,1731,1254
2566,ถ้ำผาไท (เตรียมการฯ),สำนักบริหารพื้นที่อนุรักษ์ที่ 13 สาขาลำปาง,2046,1910,4398,4092,1959,1879,3379,1438,1349,1399,1100,932
2566,แม่วะ,สำนักบริหารพื้นที่อนุรักษ์ที่ 13 สาขาลำปาง,1071,525,1193,958,321,118,100,78,144,225,142,85
2566,ดอยจง,สำนักบริหารพื้นที่อนุรักษ์ที่ 13 สาขาลำปาง,160,132,270,333,78,93,156,80,23,0,186,206
2566,เขลางค์บรรพต (เตรียมการฯ),สำนักบริหารพื้นที่อนุรักษ์ที่ 13 สาขาลำปาง,555,517,400,613,0,0,324,279,299,311,343,367
2566,ตากสินมหาราช,สำนักบริหารพื้นที่อนุรักษ์ที่ 14 (ตาก),3964,2699,7183,3571,1088,806,663,530,515,1563,2045,1346
2566,แม่เมย,สำนักบริหารพื้นที่อนุรักษ์ที่ 14 (ตาก),527,913,2933,1229,409,348,516,207,24,114,18,0
2566,น้ำตกพาเจริญ (เตรียมการฯ),สำนักบริหารพื้นที่อนุรักษ์ที่ 14 (ตาก),10105,8283,20177,15713,9487,10744,20065,0,0,5275,3651,4661
2566,รามคำแหง,สำนักบริหารพื้นที่อนุรักษ์ที่ 14 (ตาก),1895,1660,3548,2690,1673,0,0,0,1703,2039,1654,1151
2566,ศรีสัชนาลัย,สำนักบริหารพื้นที่อนุรักษ์ที่ 14 (ตาก),922,1160,2901,2413,679,995,2110,832,518,990,839,383
2566,ลานสาง,สำนักบริหารพื้นที่อนุรักษ์ที่ 14 (ตาก),2864,2186,5336,4023,2582,3221,9244,2754,0,0,0,959
2566,ขุนพะวอ,สำนักบริหารพื้นที่อนุรักษ์ที่ 14 (ตาก),1462,1153,2438,1118,329,111,79,114,225,324,378,377
2566,ดอยสอยมาลัย-ไม้กลายเป็นหิน (เตรียมการฯ),สำนักบริหารพื้นที่อนุรักษ์ที่ 14 (ตาก),3520,3104,4610,4344,2381,2259,2144,1172,1859,3182,3423,2097
2566,ดอยหลวง,สำนักบริหารพื้นที่อนุรักษ์ที่ 15 (เชียงราย),1219,1598,1824,1381,1411,3759,17381,2688,1219,0,0,0
2566,ขุนแจ,สำนักบริหารพื้นที่อนุรักษ์ที่ 15 (เชียงราย),481,462,407,1116,373,386,375,343,390,294,253,291
2566,ภูซาง,สำนักบริหารพื้นที่อนุรักษ์ที่ 15 (เชียงราย),6046,4665,11356,9294,5636,8210,20646,4455,2764,2580,2140,2313
2566,ดอยภูนาง,สำนักบริหารพื้นที่อนุรักษ์ที่ 15 (เชียงราย),1255,991,2353,1542,1066,1692,5410,1541,929,0,0,0
2566,ลำน้ำกก (เตรียมการฯ),สำนักบริหารพื้นที่อนุรักษ์ที่ 15 (เชียงราย),5421,5301,8796,8674,7810,11353,28688,9938,4463,0,0,0
2566,แม่ปืม,สำนักบริหารพื้นที่อนุรักษ์ที่ 15 (เชียงราย),2425,2132,3880,3153,736,0,0,541,856,1427,2215,2512
2566,ถ้ำหลวง-ขุนน้ำนางนอน (เตรียมการฯ),สำนักบริหารพื้นที่อนุรักษ์ที่ 15 (เชียงราย),23588,29941,59398,50723,27778,35984,47801,25826,18209,11544,0,0
2566,ภูชี้ฟ้า (เตรียมการฯ),สำนักบริหารพื้นที่อนุรักษ์ที่ 15 (เชียงราย),4138,6723,28826,25937,8198,1291,0,0,1965,2847,2049,1332
2566,ดอยอินทนนท์,สำนักบริหารพื้นที่อนุรักษ์ที่ 16 (เชียงใหม่),66475,95117,168307,131995,62377,37011,44622,22185,26403,36784,35789,30973
2566,แม่ปิง,สำนักบริหารพื้นที่อนุรักษ์ที่ 16 (เชียงใหม่),1057,1710,3618,3391,1470,1802,4218,894,790,998,936,704
2566,ผาแดง,สำนักบริหารพื้นที่อนุรักษ์ที่ 16 (เชียงใหม่),2327,2592,5227,7200,3010,3027,7052,1927,1494,1954,1659,1173
2566,ดอยผ้าห่มปก,สำนักบริหารพื้นที่อนุรักษ์ที่ 16 (เชียงใหม่),5752,5527,16471,19096,7586,4908,10927,2354,2380,3871,3820,2027
2566,ห้วยน้ำดัง,สำนักบริหารพื้นที่อนุรักษ์ที่ 16 (เชียงใหม่),10292,17881,36287,26788,12958,7769,4938,2123,3290,5567,4885,2549
2566,ดอยสุเทพ-ปุย,สำนักบริหารพื้นที่อนุรักษ์ที่ 16 (เชียงใหม่),13590,20758,27056,26497,21391,20565,29631,17098,14449,24398,15129,11495
2566,ออบหลวง,สำนักบริหารพื้นที่อนุรักษ์ที่ 16 (เชียงใหม่),2755,4842,7511,5776,2757,1504,1822,1123,1184,1864,1616,1410
2566,ศรีลานนา,สำนักบริหารพื้นที่อนุรักษ์ที่ 16 (เชียงใหม่),6629,5469,9246,7474,5352,6871,10611,6352,5491,7107,6624,4934
2566,ดอยเวียงผา (เตรียมการฯ),สำนักบริหารพื้นที่อนุรักษ์ที่ 16 (เชียงใหม่),55,43,183,221,90,56,134,33,35,40,45,35
2566,ออบขาน (เตรียมการฯ),สำนักบริหารพื้นที่อนุรักษ์ที่ 16 (เชียงใหม่),0,818,3112,3162,3116,8623,26501,6582,2525,1373,984,708
2566,แม่โถ (เตรียมการฯ),สำนักบริหารพื้นที่อนุรักษ์ที่ 16 (เชียงใหม่),86,202,556,132,32,14,406,28,0,0,0,0
2566,แม่ตะไคร้,สำนักบริหารพื้นที่อนุรักษ์ที่ 16 (เชียงใหม่),769,1923,2466,2699,1535,2393,7074,1306,1137,1105,1253,1037
2566,ขุนขาน,สำนักบริหารพื้นที่อนุรักษ์ที่ 16 (เชียงใหม่),917,2147,3916,3962,2668,1326,812,652,752,1198,226,75
2566,แม่วาง,สำนักบริหารพื้นที่อนุรักษ์ที่ 16 (เชียงใหม่),5070,6261,10853,9713,4547,0,0,1647,2650,3593,3393,3329
2566,น้ำตกบัวตอง - น้ำพุเจ็ดสี (เตรียมการฯ),สำนักบริหารพื้นที่อนุรักษ์ที่ 16 (เชียงใหม่),12538,12291,17571,18153,15776,16939,33715,19054,17039,28198,24883,12594
2566,ถ้ำปลา-น้ำตกผาเสื่อ,สำนักบริหารพื้นที่อนุรักษ์ที่ 16 สาขาแม่สะเรียง,13104,21726,28834,19320,9955,4105,2739,1638,1852,3164,2615,883
2566,น้ำตกแม่สุรินทร์,สำนักบริหารพื้นที่อนุรักษ์ที่ 16 สาขาแม่สะเรียง,442,3399,1298,720,527,253,95,130,40,94,135,23
2566,สาละวิน,สำนักบริหารพื้นที่อนุรักษ์ที่ 16 สาขาแม่สะเรียง,66,126,728,300,75,64,0,0,0,0,0,0
2566,แม่เงา (เตรียมการฯ),สำนักบริหารพื้นที่อนุรักษ์ที่ 16 สาขาแม่สะเรียง,1270,3643,7644,3909,2020,5203,5828,372,0,0,0,0
2566,แม่สะเรียง (เตรียมการฯ),สำนักบริหารพื้นที่อนุรักษ์ที่ 16 สาขาแม่สะเรียง,70,76,168,75,38,10,12,8,3,29,19,7
2567,เขาใหญ่,สำนักบริหารพื้นที่อนุรักษ์ที่ 1 (ปราจีนบุรี),191743,145138,291262,170378,118983,89439,96875,104577,186902,199008,172290,120740
2567,ทับลาน,สำนักบริหารพื้นที่อนุรักษ์ที่ 1 (ปราจีนบุรี),11067,8575,21617,10942,11320,854,5980,786,5621,8033,6962,5095
2567,ปางสีดา,สำนักบริหารพื้นที่อนุรักษ์ที่ 1 (ปราจีนบุรี),11089,4096,3709,2379,1153,1290,1164,1049,6279,5477,8816,3414
2567,ตาพระยา,สำนักบริหารพื้นที่อนุรักษ์ที่ 1 (ปราจีนบุรี),497,427,795,487,407,400,333,219,391,480,382,844
2567,น้ำตกสามหลั่น,สำนักบริหารพื้นที่อนุรักษ์ที่ 1 สาขาสระบุรี,17694,5392,10430,6376,3107,2539,2456,2866,4154,5471,8540,11226
2567,น้ำตกเจ็ดสาวน้อย,สำนักบริหารพื้นที่อนุรักษ์ที่ 1 สาขาสระบุรี,26998,19559,33212,27927,30466,41858,76226,47104,29617,22368,19551,11488
2567,เจ็ดคด-โป่งก้อนเส้า (เตรียมการฯ),สำนักบริหารพื้นที่อนุรักษ์ที่ 1 สาขาสระบุรี,2325,1886,3860,1696,1125,178,0,227,946,977,775,28
2567,หมู่เกาะช้าง,สำนักบริหารพื้นที่อนุรักษ์ที่ 2 (ศรีราชา),17579,16763,23348,20808,21863,21027,24578,7570,5722,7894,9980,5503
2567,เขาแหลมหญ้า-หมู่เกาะเสม็ด,สำนักบริหารพื้นที่อนุรักษ์ที่ 2 (ศรีราชา),87003,67645,104414,108827,147656,137520,169070,119095,79058,100221,94528,56275
2567,น้ำตกพลิ้ว,สำนักบริหารพื้นที่อนุรักษ์ที่ 2 (ศรีราชา),33988,17925,32711,26233,34552,57731,98597,57081,23008,16873,20733,14678
2567,เขาชะเมา-เขาวง,สำนักบริหารพื้นที่อนุรักษ์ที่ 2 (ศรีราชา),13424,7619,13392,10614,8609,10486,17418,8738,10421,14584,24787,15917
2567,เขาคิชฌกูฎ,สำนักบริหารพื้นที่อนุรักษ์ที่ 2 (ศรีราชา),5148,4193,7215,7357,212803,252413,75504,6101,3215,2182,4120,2493
2567,น้ำตกคลองแก้ว,สำนักบริหารพื้นที่อนุรักษ์ที่ 2 (ศรีราชา),1890,1289,2072,2992,1075,1851,4486,1183,464,257,784,597
2567,เขาสิบห้าชั้น,สำนักบริหารพื้นที่อนุรักษ์ที่ 2 (ศรีราชา),724,694,1896,1147,798,462,615,218,530,503,1391,1081
2567,เขื่อนศรีนครินทร์,สำนักบริหารพื้นที่อนุรักษ์ที่ 3 (บ้านโป่ง),5404,3720,8261,6331,4046,6844,7511,4301,4130,5585,5738,9109
2567,เอราวัณ,สำนักบริหารพื้นที่อนุรักษ์ที่ 3 (บ้านโป่ง),37074,33687,58435,47804,47143,46485,70660,38578,31983,45655,39701,22030
2567,ไทรโยค,สำนักบริหารพื้นที่อนุรักษ์ที่ 3 (บ้านโป่ง),5540,4561,9255,6193,6188,5383,9131,5177,5206,4975,3905,2184
2567,เขาแหลม,สำนักบริหารพื้นที่อนุรักษ์ที่ 3 (บ้านโป่ง),6924,4435,12660,6753,3347,1207,939,640,3285,3802,2783,1824
2567,เฉลิมรัตนโกสินทร์,สำนักบริหารพื้นที่อนุรักษ์ที่ 3 (บ้านโป่ง),2413,2359,4428,2605,2008,1742,2850,1125,1981,2372,2332,1500
2567,ทองผาภูมิ,สำนักบริหารพื้นที่อนุรักษ์ที่ 3 (บ้านโป่ง),15280,11390,19895,13043,6726,3002,5222,4990,11586,13868,10596,7687
2567,ลำคลองงู,สำนักบริหารพื้นที่อนุรักษ์ที่ 3 (บ้านโป่ง),0,0,848,624,0,2416,2138,0,0,0,0,0
2567,เฉลิมพระเกียรติไทยประจัน,สำนักบริหารพื้นที่อนุรักษ์ที่ 3 (บ้านโป่ง),5924,4738,7777,5421,4428,3080,2214,2141,4323,6003,5402,4859
2567,พุเตย,สำนักบริหารพื้นที่อนุรักษ์ที่ 3 (บ้านโป่ง),1341,1961,3605,1006,1008,303,107,278,885,1672,1581,1575
2567,แก่งกระจาน,สำนักบริหารพื้นที่อนุรักษ์ที่ 3 สาขาเพชรบุรี,6135,10363,18176,11032,9184,11670,24546,14018,19673,9177,2663,3037
2567,กุยบุรี,สำนักบริหารพื้นที่อนุรักษ์ที่ 3 สาขาเพชรบุรี,1634,2246,3569,3033,3493,2761,2075,1269,1356,3661,3662,1440
2567,เขาสามร้อยยอด,สำนักบริหารพื้นที่อนุรักษ์ที่ 3 สาขาเพชรบุรี,11643,8957,17872,15901,16581,15379,17668,9893,8988,13214,12135,7429
2567,น้ำตกห้วยยาง,สำนักบริหารพื้นที่อนุรักษ์ที่ 3 สาขาเพชรบุรี,2200,1116,2321,1618,891,523,0,0,0,758,2258,1066
2567,หาดวนกร,สำนักบริหารพื้นที่อนุรักษ์ที่ 3 สาขาเพชรบุรี,4074,1081,4473,2607,3476,4330,9332,4154,2241,2105,2043,1425
2567,อ่าวสยาม (เตรียมการฯ),สำนักบริหารพื้นที่อนุรักษ์ที่ 3 สาขาเพชรบุรี,1622,1418,2756,1833,1327,1587,1770,1648,1255,1719,1326,1196
2567,เขาสก,สำนักบริหารพื้นที่อนุรักษ์ที่ 4 (สุราษฎร์ธานี),23750,38745,42867,52608,51285,52656,46111,25251,16774,29160,31170,13999
2567,หมู่เกาะอ่างทอง,สำนักบริหารพื้นที่อนุรักษ์ที่ 4 (สุราษฎร์ธานี),7992,5785,12628,21894,21996,22417,19370,14280,13404,22078,30035,11187
2567,หมู่เกาะชุมพร,สำนักบริหารพื้นที่อนุรักษ์ที่ 4 (สุราษฎร์ธานี),2734,1813,3422,3673,3151,3176,6799,3061,2230,3071,2677,1353
2567,แหลมสน,สำนักบริหารพื้นที่อนุรักษ์ที่ 4 (สุราษฎร์ธานี),1177,895,2985,2318,1984,2275,6340,1508,674,747,712,296
2567,ใต้ร่มเย็น,สำนักบริหารพื้นที่อนุรักษ์ที่ 4 (สุราษฎร์ธานี),538,57,624,1752,1324,2219,4273,1215,417,517,462,477
2567,น้ำตกหงาว,สำนักบริหารพื้นที่อนุรักษ์ที่ 4 (สุราษฎร์ธานี),16074,8363,15396,10774,9298,5384,7432,1802,5202,9660,3264,2042
2567,แก่งกรุง,สำนักบริหารพื้นที่อนุรักษ์ที่ 4 (สุราษฎร์ธานี),0,0,39,116,436,253,442,174,71,12,78,52
2567,คลองพนม,สำนักบริหารพื้นที่อนุรักษ์ที่ 4 (สุราษฎร์ธานี),170,200,398,522,676,561,403,196,205,324,298,64
2567,ธารเสด็จ-เกาะพะงัน,สำนักบริหารพื้นที่อนุรักษ์ที่ 4 (สุราษฎร์ธานี),3836,3012,7462,11875,10491,9395,5381,4027,3307,4310,6871,3805
2567,ลำน้ำกระบุรี,สำนักบริหารพื้นที่อนุรักษ์ที่ 4 (สุราษฎร์ธานี),4341,2659,5366,3435,2547,2244,2705,1104,1695,2903,3158,1978
2567,หมู่เกาะระนอง,สำนักบริหารพื้นที่อนุรักษ์ที่ 4 (สุราษฎร์ธานี),24,19,74,35,211,225,433,195,106,103,218,73
2567,เขาหลวง,สำนักบริหารพื้นที่อนุรักษ์ที่ 5 (นครศรีธรรมราช),3786,480,1893,5061,7389,10929,32616,7149,3887,3064,4507,2548
2567,หาดนพรัตน์ธารา-หมู่เกาะพีพี,สำนักบริหารพื้นที่อนุรักษ์ที่ 5 (นครศรีธรรมราช),116099,179632,208905,210172,205327,201548,187053,148700,129758,139134,120654,63065
2567,อ่าวพังงา,สำนักบริหารพื้นที่อนุรักษ์ที่ 5 (นครศรีธรรมราช),32941,42886,52044,59603,56419,55892,49110,36715,33385,41170,41533,28506
2567,หมู่เกาะสุรินทร์,สำนักบริหารพื้นที่อนุรักษ์ที่ 5 (นครศรีธรรมราช),2818,6408,10226,11583,12420,14231,15489,4434,0,0,0,0
2567,หมู่เกาะสิมิลัน,สำนักบริหารพื้นที่อนุรักษ์ที่ 5 (นครศรีธรรมราช),18074,54366,78207,96525,105863,98229,94613,32658,0,0,0,0
2567,หาดเจ้าไหม,สำนักบริหารพื้นที่อนุรักษ์ที่ 5 (นครศรีธรรมราช),8872,4950,21868,21813,20502,21509,36790,12786,4249,3525,2209,535
2567,ตะรุเตา,สำนักบริหารพื้นที่อนุรักษ์ที่ 5 (นครศรีธรรมราช),10127,16910,28442,30693,36598,32260,35919,19260,6861,9917,9863,5118
2567,หมู่เกาะลันตา,สำนักบริหารพื้นที่อนุรักษ์ที่ 5 (นครศรีธรรมราช),4622,6706,12623,13967,13786,14331,12934,4973,2071,2199,2314,1581
2567,สิรินาถ,สำนักบริหารพื้นที่อนุรักษ์ที่ 5 (นครศรีธรรมราช),3852,4650,7571,7914,7722,6785,6165,3723,1958,1786,1994,1722
2567,น้ำตกโยง,สำนักบริหารพื้นที่อนุรักษ์ที่ 5 (นครศรีธรรมราช),5113,856,3808,8477,10009,13999,27132,6199,2973,3187,3628,1988
2567,เขานัน,สำนักบริหารพื้นที่อนุรักษ์ที่ 5 (นครศรีธรรมราช),0,0,764,1341,1207,1348,4157,746,506,303,543,344
2567,ธารโบกขรณี,สำนักบริหารพื้นที่อนุรักษ์ที่ 5 (นครศรีธรรมราช),8029,10212,18743,20880,21263,22439,21641,9787,5907,6566,8761,3474
2567,หมู่เกาะเภตรา,สำนักบริหารพื้นที่อนุรักษ์ที่ 5 (นครศรีธรรมราช),14549,6611,14481,13514,18163,15111,25147,13143,10514,8188,8865,5999
2567,ทะเลบัน,สำนักบริหารพื้นที่อนุรักษ์ที่ 5 (นครศรีธรรมราช),708,705,947,1174,727,936,1027,714,550,496,577,492
2567,ศรีพังงา,สำนักบริหารพื้นที่อนุรักษ์ที่ 5 (นครศรีธรรมราช),1103,1153,2168,2925,2178,2483,3662,1507,861,1218,1452,799
2567,เขาลำปี-หาดท้ายเหมือง,สำนักบริหารพื้นที่อนุรักษ์ที่ 5 (นครศรีธรรมราช),4681,4283,7587,9293,9317,9426,10858,4676,2823,3341,3718,2762
2567,เขาพนมเบญจา,สำนักบริหารพื้นที่อนุรักษ์ที่ 5 (นครศรีธรรมราช),1363,1587,2325,3389,3155,3151,3782,1538,3257,1959,1598,1001
2567,น้ำตกสี่ขีด,สำนักบริหารพื้นที่อนุรักษ์ที่ 5 (นครศรีธรรมราช),690,0,501,1456,955,1641,6066,1035,676,442,458,373
2567,หาดขนอม-หมู่เกาะทะเลใต้ (เตรียมการฯ),สำนักบริหารพื้นที่อนุรักษ์ที่ 5 (นครศรีธรรมราช),1226,0,3589,4494,3496,3360,4645,2672,2605,2489,3674,3335
2567,เขาหลัก-ลำรู่,สำนักบริหารพื้นที่อนุรักษ์ที่ 5 (นครศรีธรรมราช),5253,5867,9296,10462,10308,9643,10490,4726,2756,3488,3675,2391
2567,เขาน้ำค้าง,สำนักบริหารพื้นที่อนุรักษ์ที่ 6 (สงขลา),732,0,485,1040,1771,1611,4653,1476,620,634,532,190
2567,เขาปู่-เขาย่า,สำนักบริหารพื้นที่อนุรักษ์ที่ 6 (สงขลา),5302,1297,3595,4887,9187,13760,24691,7236,4378,3845,5372,3605
2567,สันกาลาคีรี (เตรียมการฯ),สำนักบริหารพื้นที่อนุรักษ์ที่ 6 (สงขลา),100,43,90,147,226,235,496,1901,1412,408,289,125
2567,บางลาง,สำนักบริหารพื้นที่อนุรักษ์ที่ 6 สาขาปัตตานี,753,113,516,612,1872,1825,5015,3439,2178,2418,2604,1123
2567,น้ำตกทรายขาว,สำนักบริหารพื้นที่อนุรักษ์ที่ 6 สาขาปัตตานี,2656,0,758,5280,9231,11569,46098,18837,9503,4585,7397,4755
2567,บูโด-สุไหงปาดี,สำนักบริหารพื้นที่อนุรักษ์ที่ 6 สาขาปัตตานี,1825,0,20,767,1420,1262,14655,4697,2329,1077,1194,720
2567,อ่าวมะนาว-เขาตันหยง (เตรียมการฯ),สำนักบริหารพื้นที่อนุรักษ์ที่ 6 สาขาปัตตานี,7046,0,2775,5208,4876,3281,43312,7079,8370,9263,10504,10710
2567,น้ำตกซีโป (เตรียมการฯ),สำนักบริหารพื้นที่อนุรักษ์ที่ 6 สาขาปัตตานี,2716,0,0,0,1914,1794,3137,2219,1793,1374,1349,1409
2567,ตาดโตน,สำนักบริหารพื้นที่อนุรักษ์ที่ 7 (นครราชสีมา),12056,7479,14093,12729,15355,35294,124841,36686,12717,14330,15524,5642
2567,ไทรทอง,สำนักบริหารพื้นที่อนุรักษ์ที่ 7 (นครราชสีมา),1280,1172,2030,929,0,0,0,0,3481,31888,27274,1549
2567,ป่าหินงาม,สำนักบริหารพื้นที่อนุรักษ์ที่ 7 (นครราชสีมา),2956,3166,3317,1807,914,707,841,981,11724,98680,36015,3266
2567,ภูแลนคา,สำนักบริหารพื้นที่อนุรักษ์ที่ 7 (นครราชสีมา),13123,8155,28118,16053,5571,0,2803,4037,7596,16830,16826,7364
2567,ภูกระดึง,สำนักบริหารพื้นที่อนุรักษ์ที่ 8 (ขอนแก่น),10226,8686,20957,10989,8676,2505,2204,1796,223,314,237,128
2567,ภูเรือ,สำนักบริหารพื้นที่อนุรักษ์ที่ 8 (ขอนแก่น),7328,7586,24780,13797,5629,2151,1616,1482,2712,6245,3273,2310
2567,ภูเวียง,สำนักบริหารพื้นที่อนุรักษ์ที่ 8 (ขอนแก่น),8293,4677,9001,7578,4272,3802,3926,2279,2607,4897,8596,8698
2567,ภูผาม่าน,สำนักบริหารพื้นที่อนุรักษ์ที่ 8 (ขอนแก่น),4686,3133,7507,3921,2825,1086,916,822,1794,3180,4130,3404
2567,น้ำพอง,สำนักบริหารพื้นที่อนุรักษ์ที่ 8 (ขอนแก่น),3577,1942,2839,3003,1578,94,788,1415,1937,2906,3337,3840
2567,ภูสวนทราย,สำนักบริหารพื้นที่อนุรักษ์ที่ 8 (ขอนแก่น),1626,1074,3656,1922,789,470,310,165,643,2206,642,439
2567,ผาแต้ม,สำนักบริหารพื้นที่อนุรักษ์ที่ 9 (อุบลราชธานี),19328,13441,29459,16551,12122,7795,8123,5190,8045,15279,18575,12467
2567,แก่งตะนะ,สำนักบริหารพื้นที่อนุรักษ์ที่ 9 (อุบลราชธานี),1925,1371,3680,2838,2799,2292,3467,1255,1460,2028,3885,2773
2567,ภูจองนายอย,สำนักบริหารพื้นที่อนุรักษ์ที่ 9 (อุบลราชธานี),23982,7405,8300,5534,2697,2178,2627,1452,3685,12200,39637,17746
2567,เขาพระวิหาร,สำนักบริหารพื้นที่อนุรักษ์ที่ 9 (อุบลราชธานี),19842,14575,37504,18034,7131,4022,5052,6009,19134,19162,23022,12789
2567,ภูผาเทิบ,สำนักบริหารพื้นที่อนุรักษ์ที่ 9 (อุบลราชธานี),2555,2317,5691,4190,2689,1408,910,603,994,1539,1549,1269
2567,ภูสระดอกบัว,สำนักบริหารพื้นที่อนุรักษ์ที่ 9 (อุบลราชธานี),565,470,1244,957,621,314,358,185,969,1108,1226,823
2567,ภูพาน,สำนักบริหารพื้นที่อนุรักษ์ที่ 10 (อุดรธานี),140,202,333,262,293,124,108,0,0,0,3607,2608
2567,นายูง-น้ำโสม (เตรียมการฯ),สำนักบริหารพื้นที่อนุรักษ์ที่ 10 (อุดรธานี),877,315,587,426,499,0,0,201,443,985,2060,3127
2567,ภูผาเหล็ก,สำนักบริหารพื้นที่อนุรักษ์ที่ 10 (อุดรธานี),248,212,747,658,656,0,0,41,35,56,1595,1321
2567,ภูผายล,สำนักบริหารพื้นที่อนุรักษ์ที่ 10 (อุดรธานี),1765,1063,2272,1452,963,666,695,0,961,1306,4563,3355
2567,ภูลังกา,สำนักบริหารพื้นที่อนุรักษ์ที่ 10 (อุดรธานี),27294,15757,28320,22339,22978,19341,18135,3200,13468,25391,27006,22033
2567,ภูเก้า-ภูพานคำ,สำนักบริหารพื้นที่อนุรักษ์ที่ 10 (อุดรธานี),9532,6312,10570,8835,6493,7053,8867,4290,4507,7668,6351,4389
2567,ภูหินจอมธาตุ-ภูพระบาท (เตรียมการฯ),สำนักบริหารพื้นที่อนุรักษ์ที่ 10 (อุดรธานี),3468,1563,4101,3540,2625,2634,3657,1124,1448,1705,0,0
2567,ทุ่งแสลงหลวง,สำนักบริหารพื้นที่อนุรักษ์ที่ 11 (พิษณุโลก),5578,4070,10994,6580,3771,1725,3201,1514,2519,3504,2578,1361
2567,ภูหินร่องกล้า,สำนักบริหารพื้นที่อนุรักษ์ที่ 11 (พิษณุโลก),20741,12971,39790,71153,17322,4627,4560,5118,11709,16477,11634,7688
2567,น้ำหนาว,สำนักบริหารพื้นที่อนุรักษ์ที่ 11 (พิษณุโลก),2933,2328,8345,4818,1933,980,1147,656,0,1599,1361,842
2567,น้ำตกชาติตระการ,สำนักบริหารพื้นที่อนุรักษ์ที่ 11 (พิษณุโลก),942,879,2190,1687,1104,1001,2270,0,627,756,741,647
2567,ภูสอยดาว,สำนักบริหารพื้นที่อนุรักษ์ที่ 11 (พิษณุโลก),3474,1960,3312,678,176,661,2149,328,131,3193,4823,5926
2567,ลำน้ำน่าน,สำนักบริหารพื้นที่อนุรักษ์ที่ 11 (พิษณุโลก),3052,1901,5197,3011,2583,4057,7884,3836,2080,2470,0,1103
2567,เขาค้อ,สำนักบริหารพื้นที่อนุรักษ์ที่ 11 (พิษณุโลก),3610,2584,5234,2388,1885,1548,3250,1235,1636,2202,2009,1449
2567,แควน้อย (เตรียมการฯ),สำนักบริหารพื้นที่อนุรักษ์ที่ 11 (พิษณุโลก),522,269,407,319,223,883,1179,144,67,301,348,288
2567,ต้นสักใหญ่,สำนักบริหารพื้นที่อนุรักษ์ที่ 11 (พิษณุโลก),1914,1635,3147,2092,1559,1264,1485,1002,1170,1175,1699,898
2567,ตาดหมอก,สำนักบริหารพื้นที่อนุรักษ์ที่ 11 (พิษณุโลก),2451,2305,6371,3020,4681,1905,2148,1762,2502,3261,2944,4552
2567,แม่วงก์,สำนักบริหารพื้นที่อนุรักษ์ที่ 12 (นครสวรรค์),6164,4555,10880,5833,3963,1861,5067,8415,8064,8893,6335,3884
2567,คลองลาน,สำนักบริหารพื้นที่อนุรักษ์ที่ 12 (นครสวรรค์),35699,32006,56859,36453,25098,30233,51403,22699,20890,29510,32358,20051
2567,คลองวังเจ้า,สำนักบริหารพื้นที่อนุรักษ์ที่ 12 (นครสวรรค์),2604,2647,8188,5736,4620,5249,11159,4287,2280,3122,2000,1340
2567,แม่ยม,สำนักบริหารพื้นที่อนุรักษ์ที่ 13 (แพร่),335,242,1532,982,555,458,1006,118,217,0,0,0
2567,เวียงโกศัย,สำนักบริหารพื้นที่อนุรักษ์ที่ 13 (แพร่),385,604,1468,1403,880,1972,7767,1403,370,364,0,0
2567,ดอยผากลอง,สำนักบริหารพื้นที่อนุรักษ์ที่ 13 (แพร่),106,116,672,565,482,269,145,31,67,100,0,0
2567,ขุนน่าน,สำนักบริหารพื้นที่อนุรักษ์ที่ 13 (แพร่),352,118,764,315,425,209,39,11,56,60,227,468
2567,ขุนสถาน,สำนักบริหารพื้นที่อนุรักษ์ที่ 13 (แพร่),3240,2142,5835,5159,1488,0,0,0,0,1278,1068,864
2567,ดอยภูคา,สำนักบริหารพื้นที่อนุรักษ์ที่ 13 (แพร่),3267,2540,7259,3690,2973,740,3807,270,652,1642,985,1120
2567,ถ้ำสะเกิน,สำนักบริหารพื้นที่อนุรักษ์ที่ 13 (แพร่),635,637,2507,878,178,66,66,63,0,0,0,194
2567,นันทบุรี (เตรียมการฯ),สำนักบริหารพื้นที่อนุรักษ์ที่ 13 (แพร่),662,401,1456,1036,257,150,190,174,234,280,153,128
2567,แม่จริม,สำนักบริหารพื้นที่อนุรักษ์ที่ 13 (แพร่),397,358,811,590,608,489,1169,829,394,267,246,93
2567,ศรีน่าน,สำนักบริหารพื้นที่อนุรักษ์ที่ 13 (แพร่),5652,4436,15036,7316,1802,0,0,0,852,1502,966,933
2567,แจ้ซ้อน,สำนักบริหารพื้นที่อนุรักษ์ที่ 13 สาขาลำปาง,12041,11904,31459,20948,13175,13152,35137,10568,6225,7712,6016,3086
2567,ดอยขุนตาล,สำนักบริหารพื้นที่อนุรักษ์ที่ 13 สาขาลำปาง,1952,1597,3631,2381,2081,0,0,0,2061,2802,2255,1015
2567,ถ้ำผาไท (เตรียมการฯ),สำนักบริหารพื้นที่อนุรักษ์ที่ 13 สาขาลำปาง,1468,1462,2933,2259,2148,1525,2650,1209,974,1434,1058,658
2567,แม่วะ,สำนักบริหารพื้นที่อนุรักษ์ที่ 13 สาขาลำปาง,366,467,1538,655,182,83,101,101,216,294,240,189
2567,ดอยจง,สำนักบริหารพื้นที่อนุรักษ์ที่ 13 สาขาลำปาง,128,110,228,128,114,65,49,42,89,81,175,101
2567,เขลางค์บรรพต (เตรียมการฯ),สำนักบริหารพื้นที่อนุรักษ์ที่ 13 สาขาลำปาง,363,368,508,470,423,409,306,264,315,292,264,201
2567,ตากสินมหาราช,สำนักบริหารพื้นที่อนุรักษ์ที่ 14 (ตาก),2867,2372,8327,3380,1662,828,855,642,1034,1482,1668,1228
2567,แม่เมย,สำนักบริหารพื้นที่อนุรักษ์ที่ 14 (ตาก),446,401,1821,809,520,188,221,14,66,93,107,127
2567,น้ำตกพาเจริญ (เตรียมการฯ),สำนักบริหารพื้นที่อนุรักษ์ที่ 14 (ตาก),14464,11882,24786,19437,12586,12072,24521,0,0,3353,4281,4532
2567,รามคำแหง,สำนักบริหารพื้นที่อนุรักษ์ที่ 14 (ตาก),1873,2664,3666,2651,2242,0,0,0,3167,3472,1797,1235
2567,ศรีสัชนาลัย,สำนักบริหารพื้นที่อนุรักษ์ที่ 14 (ตาก),716,870,3395,2178,1214,898,1946,781,592,953,74,0
2567,ลานสาง,สำนักบริหารพื้นที่อนุรักษ์ที่ 14 (ตาก),1719,2255,5867,3827,3018,2833,5660,1691,1163,1653,1755,1255
2567,ขุนพะวอ,สำนักบริหารพื้นที่อนุรักษ์ที่ 14 (ตาก),625,628,2341,905,523,154,130,72,335,526,380,354
2567,ดอยสอยมาลัย-ไม้กลายเป็นหิน (เตรียมการฯ),สำนักบริหารพื้นที่อนุรักษ์ที่ 14 (ตาก),2953,2360,6095,5460,2970,3047,2320,1470,2037,2253,2037,1300
2567,ดอยหลวง,สำนักบริหารพื้นที่อนุรักษ์ที่ 15 (เชียงราย),1002,1088,1937,1816,1940,5103,12775,2396,1122,0,0,0
2567,ขุนแจ,สำนักบริหารพื้นที่อนุรักษ์ที่ 15 (เชียงราย),332,382,577,1175,243,137,157,213,169,205,155,133
2567,ภูซาง,สำนักบริหารพื้นที่อนุรักษ์ที่ 15 (เชียงราย),4733,3852,8067,6732,7522,8986,17659,4011,2065,2377,864,0
2567,ดอยภูนาง,สำนักบริหารพื้นที่อนุรักษ์ที่ 15 (เชียงราย),455,834,1961,1554,1221,1953,4428,1332,606,0,0,0
2567,ลำน้ำกก (เตรียมการฯ),สำนักบริหารพื้นที่อนุรักษ์ที่ 15 (เชียงราย),4321,6260,9302,8861,7945,13171,23078,9600,4249,0,0,0
2567,แม่ปืม,สำนักบริหารพื้นที่อนุรักษ์ที่ 15 (เชียงราย),5661,4305,7700,4883,1723,0,1405,1120,1865,2413,2983,1568
2567,ถ้ำหลวง-ขุนน้ำนางนอน (เตรียมการฯ),สำนักบริหารพื้นที่อนุรักษ์ที่ 15 (เชียงราย),22548,26683,50317,46662,30457,23110,32860,15933,9788,0,0,0
2567,ภูชี้ฟ้า (เตรียมการฯ),สำนักบริหารพื้นที่อนุรักษ์ที่ 15 (เชียงราย),5627,10567,57168,35693,13384,1860,1064,1010,1880,0,0,758
2567,ดอยอินทนนท์,สำนักบริหารพื้นที่อนุรักษ์ที่ 16 (เชียงใหม่),64243,104443,193320,137066,75987,45241,52338,28636,29899,44644,46257,31782
2567,แม่ปิง,สำนักบริหารพื้นที่อนุรักษ์ที่ 16 (เชียงใหม่),984,1333,6420,6856,5686,5216,4526,1947,1350,466,403,228
2567,ผาแดง,สำนักบริหารพื้นที่อนุรักษ์ที่ 16 (เชียงใหม่),2242,2419,5739,6178,4283,3787,7375,2321,1360,1872,1249,709
2567,ดอยผ้าห่มปก,สำนักบริหารพื้นที่อนุรักษ์ที่ 16 (เชียงใหม่),4451,4319,14424,14980,6919,3738,10329,1959,2317,3087,2611,995
2567,ห้วยน้ำดัง,สำนักบริหารพื้นที่อนุรักษ์ที่ 16 (เชียงใหม่),9337,14696,33176,22170,12411,5319,4407,2348,3975,5878,4437,2955
2567,ดอยสุเทพ-ปุย,สำนักบริหารพื้นที่อนุรักษ์ที่ 16 (เชียงใหม่),21012,26675,37344,34995,29156,29707,34067,19615,16471,20404,17282,9360
2567,ออบหลวง,สำนักบริหารพื้นที่อนุรักษ์ที่ 16 (เชียงใหม่),3077,5500,7950,6353,3138,1423,1887,1084,1327,1766,1567,1198
2567,ศรีลานนา,สำนักบริหารพื้นที่อนุรักษ์ที่ 16 (เชียงใหม่),6959,5870,12136,9122,7339,7443,10267,7145,5564,6920,5568,5049
2567,ดอยเวียงผา (เตรียมการฯ),สำนักบริหารพื้นที่อนุรักษ์ที่ 16 (เชียงใหม่),79,124,220,222,76,24,24,28,16,34,78,14
2567,ออบขาน (เตรียมการฯ),สำนักบริหารพื้นที่อนุรักษ์ที่ 16 (เชียงใหม่),1144,1970,3986,3863,6928,24583,36566,11299,3251,2667,1766,949
2567,แม่โถ (เตรียมการฯ),สำนักบริหารพื้นที่อนุรักษ์ที่ 16 (เชียงใหม่),46,185,279,137,72,38,625,5,0,0,0,0
2567,แม่ตะไคร้,สำนักบริหารพื้นที่อนุรักษ์ที่ 16 (เชียงใหม่),1345,1936,4820,4449,3835,3484,5054,0,0,60,0,0
2567,ขุนขาน,สำนักบริหารพื้นที่อนุรักษ์ที่ 16 (เชียงใหม่),1102,1993,3551,2864,2337,970,863,533,675,1554,1549,62
2567,แม่วาง,สำนักบริหารพื้นที่อนุรักษ์ที่ 16 (เชียงใหม่),5784,7624,12144,10129,7003,0,0,2422,4175,6673,5824,4264
2567,น้ำตกบัวตอง - น้ำพุเจ็ดสี (เตรียมการฯ),สำนักบริหารพื้นที่อนุรักษ์ที่ 16 (เชียงใหม่),5906,21196,25228,30180,38895,35514,47960,31471,27911,51546,46755,22754
2567,ถ้ำปลา-น้ำตกผาเสื่อ,สำนักบริหารพื้นที่อนุรักษ์ที่ 16 สาขาแม่สะเรียง,10763,18356,28238,17842,9356,3245,3778,1563,1882,2620,1651,1235
2567,น้ำตกแม่สุรินทร์,สำนักบริหารพื้นที่อนุรักษ์ที่ 16 สาขาแม่สะเรียง,320,3678,1215,719,566,214,100,111,44,105,112,21
2567,สาละวิน,สำนักบริหารพื้นที่อนุรักษ์ที่ 16 สาขาแม่สะเรียง,73,134,547,359,173,53,21,20,0,0,0,0
2567,แม่เงา (เตรียมการฯ),สำนักบริหารพื้นที่อนุรักษ์ที่ 16 สาขาแม่สะเรียง,328,1490,3038,2122,2265,2888,4615,2088,1531,0,0,0
2567,แม่สะเรียง (เตรียมการฯ),สำนักบริหารพื้นที่อนุรักษ์ที่ 16 สาขาแม่สะเรียง,60,138,209,79,14,2,18,2,15,22,4,24
2568,เขาใหญ่,สำนักบริหารพื้นที่อนุรักษ์ที่ 1 (ปราจีนบุรี),212590,192380,314755,204240,112257,92211,100638,148585,182891,228119,208897,144316
2568,ทับลาน,สำนักบริหารพื้นที่อนุรักษ์ที่ 1 (ปราจีนบุรี),10918,9933,23314,13070,12592,486,2875,435,6052,7462,7578,5773
2568,ปางสีดา,สำนักบริหารพื้นที่อนุรักษ์ที่ 1 (ปราจีนบุรี),6357,3986,2545,1940,851,1234,2234,2947,5750,6682,5761,3507
2568,ตาพระยา,สำนักบริหารพื้นที่อนุรักษ์ที่ 1 (ปราจีนบุรี),456,512,732,500,452,340,277,284,500,350,0,0
2568,น้ำตกสามหลั่น,สำนักบริหารพื้นที่อนุรักษ์ที่ 1 สาขาสระบุรี,8812,5934,9000,6725,3707,3416,3526,4025,0,12993,8609,7623
2568,น้ำตกเจ็ดสาวน้อย,สำนักบริหารพื้นที่อนุรักษ์ที่ 1 สาขาสระบุรี,28076,20828,30981,19520,19219,28199,37958,29339,21480,27185,28777,13393
2568,เจ็ดคด-โป่งก้อนเส้า (เตรียมการฯ),สำนักบริหารพื้นที่อนุรักษ์ที่ 1 สาขาสระบุรี,1102,1773,2952,1806,920,0,368,466,802,1233,816,493
2568,หมู่เกาะช้าง,สำนักบริหารพื้นที่อนุรักษ์ที่ 2 (ศรีราชา),16074,21741,28368,25686,22095,21032,30436,17225,7539,10778,9138,5273
2568,เขาแหลมหญ้า-หมู่เกาะเสม็ด,สำนักบริหารพื้นที่อนุรักษ์ที่ 2 (ศรีราชา),88795,79050,112491,117803,88950,99047,114248,90472,59877,73559,72536,43275
2568,น้ำตกพลิ้ว,สำนักบริหารพื้นที่อนุรักษ์ที่ 2 (ศรีราชา),36661,24286,31332,23414,23753,48905,65025,40837,20369,18534,17955,10787
2568,เขาชะเมา-เขาวง,สำนักบริหารพื้นที่อนุรักษ์ที่ 2 (ศรีราชา),24746,15923,15452,10618,8076,11733,19340,13210,13141,16238,18565,8773
2568,เขาคิชฌกูฎ,สำนักบริหารพื้นที่อนุรักษ์ที่ 2 (ศรีราชา),8286,6211,7055,14979,201558,325193,13565,6167,3529,3180,5308,2627
2568,น้ำตกคลองแก้ว,สำนักบริหารพื้นที่อนุรักษ์ที่ 2 (ศรีราชา),2641,1655,1812,2062,958,1719,3464,1234,720,479,536,335
2568,เขาสิบห้าชั้น,สำนักบริหารพื้นที่อนุรักษ์ที่ 2 (ศรีราชา),1621,1875,2943,2202,1140,1017,1217,817,624,894,811,413
2568,เขื่อนศรีนครินทร์,สำนักบริหารพื้นที่อนุรักษ์ที่ 3 (บ้านโป่ง),12865,10375,15903,6889,3768,5504,10614,7446,5760,12763,16393,7212
2568,เอราวัณ,สำนักบริหารพื้นที่อนุรักษ์ที่ 3 (บ้านโป่ง),41848,44377,66276,53528,44587,43743,56318,36275,29193,57447,53704,24615
2568,ไทรโยค,สำนักบริหารพื้นที่อนุรักษ์ที่ 3 (บ้านโป่ง),5116,4864,9065,6297,4085,3805,6791,4994,3885,6214,5576,3102
2568,เขาแหลม,สำนักบริหารพื้นที่อนุรักษ์ที่ 3 (บ้านโป่ง),6569,5806,11794,6497,3494,1751,1093,1578,2910,4434,3650,2328
2568,เฉลิมรัตนโกสินทร์,สำนักบริหารพื้นที่อนุรักษ์ที่ 3 (บ้านโป่ง),3508,3443,5336,3224,1532,1821,3424,1968,2101,3709,4377,2272
2568,ทองผาภูมิ,สำนักบริหารพื้นที่อนุรักษ์ที่ 3 (บ้านโป่ง),18011,13934,24433,16741,7406,3586,5159,6384,7680,7708,7411,5385
2568,ลำคลองงู,สำนักบริหารพื้นที่อนุรักษ์ที่ 3 (บ้านโป่ง),0,256,898,473,263,2251,1572,0,0,0,0,0
2568,เฉลิมพระเกียรติไทยประจัน,สำนักบริหารพื้นที่อนุรักษ์ที่ 3 (บ้านโป่ง),5887,5731,10211,9311,5243,3394,4109,4371,6680,7517,7095,6029
2568,พุเตย,สำนักบริหารพื้นที่อนุรักษ์ที่ 3 (บ้านโป่ง),1819,1924,6251,2903,945,426,523,628,1204,1654,1229,813
2568,แก่งกระจาน,สำนักบริหารพื้นที่อนุรักษ์ที่ 3 สาขาเพชรบุรี,5516,13730,22106,14857,11729,20889,24057,16489,10338,11029,8144,4631
2568,กุยบุรี,สำนักบริหารพื้นที่อนุรักษ์ที่ 3 สาขาเพชรบุรี,2606,2964,4247,4484,3906,2558,3033,1662,1574,4144,4316,1956
2568,เขาสามร้อยยอด,สำนักบริหารพื้นที่อนุรักษ์ที่ 3 สาขาเพชรบุรี,11673,11291,22060,21294,19806,21564,29022,19390,13778,21641,21218,11350
2568,น้ำตกห้วยยาง,สำนักบริหารพื้นที่อนุรักษ์ที่ 3 สาขาเพชรบุรี,2057,1397,2471,1782,805,591,0,0,1082,2026,2209,1173
2568,หาดวนกร,สำนักบริหารพื้นที่อนุรักษ์ที่ 3 สาขาเพชรบุรี,3279,877,4100,3081,2325,3507,7845,3592,1866,2319,2493,1218
2568,อ่าวสยาม (เตรียมการฯ),สำนักบริหารพื้นที่อนุรักษ์ที่ 3 สาขาเพชรบุรี,1193,302,952,962,1375,999,1973,1084,1134,1325,1411,1123
2568,เขาสก,สำนักบริหารพื้นที่อนุรักษ์ที่ 4 (สุราษฎร์ธานี),23966,38615,41926,51091,51647,46797,39347,20031,13216,27807,30438,13062
2568,หมู่เกาะอ่างทอง,สำนักบริหารพื้นที่อนุรักษ์ที่ 4 (สุราษฎร์ธานี),10039,0,6579,14261,16541,19741,18626,13251,13061,21459,27441,12835
2568,หมู่เกาะชุมพร,สำนักบริหารพื้นที่อนุรักษ์ที่ 4 (สุราษฎร์ธานี),1643,905,2949,3638,2400,3520,5788,3566,3094,3453,3684,2222
2568,แหลมสน,สำนักบริหารพื้นที่อนุรักษ์ที่ 4 (สุราษฎร์ธานี),1292,1142,3316,3823,2065,2983,6248,2571,1022,985,1187,816
2568,ใต้ร่มเย็น,สำนักบริหารพื้นที่อนุรักษ์ที่ 4 (สุราษฎร์ธานี),427,49,280,1168,1473,2206,2217,639,502,1052,1026,695
2568,น้ำตกหงาว,สำนักบริหารพื้นที่อนุรักษ์ที่ 4 (สุราษฎร์ธานี),14711,15001,23054,19844,12175,13627,23804,15489,13537,18179,19407,13884
2568,แก่งกรุง,สำนักบริหารพื้นที่อนุรักษ์ที่ 4 (สุราษฎร์ธานี),0,0,9,5,7,4,311,31,4,2,4,0
2568,คลองพนม,สำนักบริหารพื้นที่อนุรักษ์ที่ 4 (สุราษฎร์ธานี),179,265,439,708,700,508,388,174,189,401,347,148
2568,ธารเสด็จ-เกาะพะงัน,สำนักบริหารพื้นที่อนุรักษ์ที่ 4 (สุราษฎร์ธานี),4961,2701,7033,11806,10062,10578,7706,5381,4665,8273,9693,6001
2568,ลำน้ำกระบุรี,สำนักบริหารพื้นที่อนุรักษ์ที่ 4 (สุราษฎร์ธานี),4152,2545,4752,4587,2561,3051,4037,2665,2514,3798,3215,2560
2568,หมู่เกาะระนอง,สำนักบริหารพื้นที่อนุรักษ์ที่ 4 (สุราษฎร์ธานี),164,187,273,276,255,280,543,195,172,244,235,116
2568,เขาหลวง,สำนักบริหารพื้นที่อนุรักษ์ที่ 5 (นครศรีธรรมราช),3387,1143,926,3830,6104,6380,12278,3535,3354,5168,4455,4428
2568,หาดนพรัตน์ธารา-หมู่เกาะพีพี,สำนักบริหารพื้นที่อนุรักษ์ที่ 5 (นครศรีธรรมราช),141348,188900,200395,210157,196651,194797,190328,127739,115592,136996,101922,68482
2568,อ่าวพังงา,สำนักบริหารพื้นที่อนุรักษ์ที่ 5 (นครศรีธรรมราช),39529,46594,46500,54496,60616,46049,41571,22294,17472,22760,27343,20478
2568,หมู่เกาะสุรินทร์,สำนักบริหารพื้นที่อนุรักษ์ที่ 5 (นครศรีธรรมราช),2582,8876,13048,13459,14567,15658,15581,3859,0,0,0,0
2568,หมู่เกาะสิมิลัน,สำนักบริหารพื้นที่อนุรักษ์ที่ 5 (นครศรีธรรมราช),23291,68594,84414,101190,82731,68836,74086,19695,0,0,0,0
2568,หาดเจ้าไหม,สำนักบริหารพื้นที่อนุรักษ์ที่ 5 (นครศรีธรรมราช),8066,18518,44314,57806,39706,32116,52413,23006,11121,10329,10911,8358
2568,ตะรุเตา,สำนักบริหารพื้นที่อนุรักษ์ที่ 5 (นครศรีธรรมราช),12732,19554,29149,35411,32563,28843,30256,16358,5898,7774,8647,5249
2568,หมู่เกาะลันตา,สำนักบริหารพื้นที่อนุรักษ์ที่ 5 (นครศรีธรรมราช),5362,9340,12386,15088,13756,13590,12824,4790,2850,2566,2641,2414
2568,สิรินาถ,สำนักบริหารพื้นที่อนุรักษ์ที่ 5 (นครศรีธรรมราช),3646,4884,8082,9902,7069,6350,4472,2296,1658,1855,1791,1273
2568,น้ำตกโยง,สำนักบริหารพื้นที่อนุรักษ์ที่ 5 (นครศรีธรรมราช),4690,1905,3091,7521,7879,10795,15641,4628,3524,4967,5078,4896
2568,เขานัน,สำนักบริหารพื้นที่อนุรักษ์ที่ 5 (นครศรีธรรมราช),0,0,842,3045,4427,3588,6175,1530,1142,1359,1193,1150
2568,ธารโบกขรณี,สำนักบริหารพื้นที่อนุรักษ์ที่ 5 (นครศรีธรรมราช),8636,11080,17725,20495,20516,20257,17742,7739,5101,11087,10029,6732
2568,หมู่เกาะเภตรา,สำนักบริหารพื้นที่อนุรักษ์ที่ 5 (นครศรีธรรมราช),10567,6662,12275,15183,21199,9552,30866,16301,13792,9910,12680,10299
2568,ทะเลบัน,สำนักบริหารพื้นที่อนุรักษ์ที่ 5 (นครศรีธรรมราช),472,334,1037,783,1085,503,1406,857,622,979,1461,924
2568,ศรีพังงา,สำนักบริหารพื้นที่อนุรักษ์ที่ 5 (นครศรีธรรมราช),1589,2230,3001,3137,1922,3152,3051,1343,1383,4183,2628,1902
2568,เขาลำปี-หาดท้ายเหมือง,สำนักบริหารพื้นที่อนุรักษ์ที่ 5 (นครศรีธรรมราช),6638,8782,11948,13227,10821,11148,12199,5028,4602,7442,6209,5306
2568,เขาพนมเบญจา,สำนักบริหารพื้นที่อนุรักษ์ที่ 5 (นครศรีธรรมราช),1841,2079,2321,3386,3219,2877,2744,1140,1475,3637,2334,1680
2568,น้ำตกสี่ขีด,สำนักบริหารพื้นที่อนุรักษ์ที่ 5 (นครศรีธรรมราช),468,0,392,1098,840,1693,4230,802,614,992,745,661
2568,หาดขนอม-หมู่เกาะทะเลใต้ (เตรียมการฯ),สำนักบริหารพื้นที่อนุรักษ์ที่ 5 (นครศรีธรรมราช),1499,0,4235,4244,2779,3330,8393,3022,2758,2782,2537,2438
2568,เขาหลัก-ลำรู่,สำนักบริหารพื้นที่อนุรักษ์ที่ 5 (นครศรีธรรมราช),5674,8356,11118,12862,10924,12286,15205,6594,4820,6508,6126,4303
2568,เขาน้ำค้าง,สำนักบริหารพื้นที่อนุรักษ์ที่ 6 (สงขลา),178,0,257,661,1207,1272,4062,1366,960,1337,964,1020
2568,เขาปู่-เขาย่า,สำนักบริหารพื้นที่อนุรักษ์ที่ 6 (สงขลา),7228,3273,4641,11009,10735,11123,16967,5959,5190,5569,6017,4062
2568,สันกาลาคีรี (เตรียมการฯ),สำนักบริหารพื้นที่อนุรักษ์ที่ 6 (สงขลา),165,120,124,214,183,331,682,244,302,335,494,142
2568,บางลาง,สำนักบริหารพื้นที่อนุรักษ์ที่ 6 สาขาปัตตานี,942,74,277,774,1250,451,3526,968,925,1606,2161,1612
2568,น้ำตกทรายขาว,สำนักบริหารพื้นที่อนุรักษ์ที่ 6 สาขาปัตตานี,3567,0,1701,5291,8829,4432,36100,2785,2552,4872,4611,3719
2568,บูโด-สุไหงปาดี,สำนักบริหารพื้นที่อนุรักษ์ที่ 6 สาขาปัตตานี,1169,0,183,526,1197,255,7936,1472,1083,1050,998,1057
2568,อ่าวมะนาว-เขาตันหยง (เตรียมการฯ),สำนักบริหารพื้นที่อนุรักษ์ที่ 6 สาขาปัตตานี,11871,6513,2578,10968,12043,5358,25198,16259,14304,11669,10478,9786
2568,น้ำตกชีโป (เตรียมการฯ),สำนักบริหารพื้นที่อนุรักษ์ที่ 6 สาขาปัตตานี,2458,0,0,1563,1757,1269,4443,2522,2097,1845,1869,2026
2568,ตาดโตน,สำนักบริหารพื้นที่อนุรักษ์ที่ 7 (นครราชสีมา),12007,7891,10865,8033,7865,24350,68683,17114,10549,20028,16259,5028
2568,ไทรทอง,สำนักบริหารพื้นที่อนุรักษ์ที่ 7 (นครราชสีมา),2221,1257,2589,1363,0,0,0,1437,16087,71120,12335,1146
2568,ป่าหินงาม,สำนักบริหารพื้นที่อนุรักษ์ที่ 7 (นครราชสีมา),3082,2007,4349,2963,891,1068,1347,3023,26908,101978,23522,2463
2568,ภูแลนคา,สำนักบริหารพื้นที่อนุรักษ์ที่ 7 (นครราชสีมา),13890,10642,34164,23772,5944,0,0,7639,15745,24461,15841,7801
2568,ภูกระดึง,สำนักบริหารพื้นที่อนุรักษ์ที่ 8 (ขอนแก่น),13231,14436,15219,9441,5422,1974,1503,2215,282,366,443,155
2568,ภูเรือ,สำนักบริหารพื้นที่อนุรักษ์ที่ 8 (ขอนแก่น),10025,11683,36533,22186,6402,2300,2100,2249,4661,4669,4221,2976
2568,ภูเวียง,สำนักบริหารพื้นที่อนุรักษ์ที่ 8 (ขอนแก่น),8867,5839,10331,7924,5330,5215,4891,4531,5559,9379,11587,10888
2568,ภูผาม่าน,สำนักบริหารพื้นที่อนุรักษ์ที่ 8 (ขอนแก่น),6407,4805,9757,5678,2659,1394,1366,1556,2948,4070,4155,2418
2568,น้ำพอง,สำนักบริหารพื้นที่อนุรักษ์ที่ 8 (ขอนแก่น),4058,2367,8024,6575,3885,4548,3020,3032,3335,3204,3348,3375
2568,ภูสวนทราย,สำนักบริหารพื้นที่อนุรักษ์ที่ 8 (ขอนแก่น),1680,1028,3485,1759,799,325,490,424,1382,1010,760,421
2568,ผาแต้ม,สำนักบริหารพื้นที่อนุรักษ์ที่ 9 (อุบลราชธานี),21256,13869,28173,18752,10457,8182,8540,6411,11836,17654,11636,10340
2568,แก่งตะนะ,สำนักบริหารพื้นที่อนุรักษ์ที่ 9 (อุบลราชธานี),3934,2275,3713,2839,2567,2308,3201,1571,1409,2388,3406,2400
2568,ภูจองนายอย,สำนักบริหารพื้นที่อนุรักษ์ที่ 9 (อุบลราชธานี),24475,7410,6501,3909,1544,1827,2886,2711,4225,10054,3340,8331
2568,เขาพระวิหาร,สำนักบริหารพื้นที่อนุรักษ์ที่ 9 (อุบลราชธานี),25243,14800,36759,25777,6701,3560,6965,6198,0,0,0,0
2568,ภูผาเทิบ,สำนักบริหารพื้นที่อนุรักษ์ที่ 9 (อุบลราชธานี),2148,1294,2656,3261,2036,2356,1240,891,972,1727,1968,1864
2568,ภูสระดอกบัว,สำนักบริหารพื้นที่อนุรักษ์ที่ 9 (อุบลราชธานี),1552,1847,3604,1726,1109,1016,349,330,1320,2526,3662,3782
2568,ภูพาน,สำนักบริหารพื้นที่อนุรักษ์ที่ 10 (อุดรธานี),1069,126,447,259,350,83,45,0,0,4983,7373,2407
2568,นายูง-น้ำโสม (เตรียมการฯ),สำนักบริหารพื้นที่อนุรักษ์ที่ 10 (อุดรธานี),3814,648,773,520,486,540,0,925,4487,4799,2826,2056
2568,ภูผาเหล็ก,สำนักบริหารพื้นที่อนุรักษ์ที่ 10 (อุดรธานี),317,353,637,575,408,0,236,124,134,1703,1254,385
2568,ภูผายล,สำนักบริหารพื้นที่อนุรักษ์ที่ 10 (อุดรธานี),3201,1522,3415,1658,1551,1214,1305,0,2944,6910,11195,5084
2568,ภูลังกา,สำนักบริหารพื้นที่อนุรักษ์ที่ 10 (อุดรธานี),39304,17609,26761,20803,19071,14660,14515,4400,14509,36765,37039,23017
2568,ภูเก้า-ภูพานคำ,สำนักบริหารพื้นที่อนุรักษ์ที่ 10 (อุดรธานี),7479,4380,10775,7837,2281,2152,3174,2359,4444,7727,10994,6692
2568,ภูหินจอมธาตุ-ภูพระบาท (เตรียมการฯ),สำนักบริหารพื้นที่อนุรักษ์ที่ 10 (อุดรธานี),2099,1612,3306,3035,1917,1394,3858,1197,1450,1346,299,289
2568,ทุ่งแสลงหลวง,สำนักบริหารพื้นที่อนุรักษ์ที่ 11 (พิษณุโลก),5036,4286,11152,5458,3647,1872,2559,1880,2245,3339,3218,1455
2568,ภูหินร่องกล้า,สำนักบริหารพื้นที่อนุรักษ์ที่ 11 (พิษณุโลก),20551,14181,42648,92406,18100,4280,5190,7244,11989,13982,13434,7921
2568,น้ำหนาว,สำนักบริหารพื้นที่อนุรักษ์ที่ 11 (พิษณุโลก),2958,2983,10265,5606,2696,1432,1446,965,0,1892,1665,774
2568,น้ำตกชาติตระการ,สำนักบริหารพื้นที่อนุรักษ์ที่ 11 (พิษณุโลก),1841,1357,2823,2088,1310,1315,2326,1037,1091,1365,2778,1563
2568,ภูสอยดาว,สำนักบริหารพื้นที่อนุรักษ์ที่ 11 (พิษณุโลก),5535,4626,6453,878,0,0,1249,44,115,3685,5818,9307
2568,ลำน้ำน่าน,สำนักบริหารพื้นที่อนุรักษ์ที่ 11 (พิษณุโลก),4642,2902,5909,3788,2763,3954,6185,3586,1804,1600,1742,987
2568,เขาค้อ,สำนักบริหารพื้นที่อนุรักษ์ที่ 11 (พิษณุโลก),3712,2462,3821,2637,1079,1454,1640,955,1539,1613,2401,1569
2568,แควน้อย (เตรียมการฯ),สำนักบริหารพื้นที่อนุรักษ์ที่ 11 (พิษณุโลก),607,682,1422,2034,2581,860,631,335,338,364,358,321
2568,ต้นสักใหญ่,สำนักบริหารพื้นที่อนุรักษ์ที่ 11 (พิษณุโลก),1689,1205,2925,2095,965,1074,1638,863,1261,1164,1545,737
2568,ตาดหมอก,สำนักบริหารพื้นที่อนุรักษ์ที่ 11 (พิษณุโลก),8616,5458,8583,3960,2731,1902,2191,2211,2332,3077,3487,1821
2568,แม่วงก์,สำนักบริหารพื้นที่อนุรักษ์ที่ 12 (นครสวรรค์),7726,7562,14169,7633,3028,2644,5668,6061,7337,9408,6804,4516
2568,คลองลาน,สำนักบริหารพื้นที่อนุรักษ์ที่ 12 (นครสวรรค์),49232,41196,58862,45256,20487,31783,55724,37918,37372,42818,39626,20204
2568,คลองวังเจ้า,สำนักบริหารพื้นที่อนุรักษ์ที่ 12 (นครสวรรค์),3937,3986,10008,7105,4220,4716,6018,4592,3771,5544,3438,1372
2568,แม่ยม,สำนักบริหารพื้นที่อนุรักษ์ที่ 13 (แพร่),0,141,885,100,100,0,818,210,0,0,232,0
2568,เวียงโกศัย,สำนักบริหารพื้นที่อนุรักษ์ที่ 13 (แพร่),586,856,2187,1493,941,1856,4326,1115,456,311,0,0
2568,ดอยผากลอง,สำนักบริหารพื้นที่อนุรักษ์ที่ 13 (แพร่),173,169,616,904,246,173,126,112,105,87,0,0
2568,ขุนน่าน,สำนักบริหารพื้นที่อนุรักษ์ที่ 13 (แพร่),365,333,2904,1163,316,378,137,172,153,134,312,649
2568,ขุนสถาน,สำนักบริหารพื้นที่อนุรักษ์ที่ 13 (แพร่),2769,2443,6082,4947,1394,0,0,0,973,933,784,894
2568,ดอยภูคา,สำนักบริหารพื้นที่อนุรักษ์ที่ 13 (แพร่),3533,2610,7698,4236,2858,916,1668,580,1272,905,806,1075
2568,ถ้ำสะเกิน,สำนักบริหารพื้นที่อนุรักษ์ที่ 13 (แพร่),669,588,2046,1000,348,88,95,211,41,14,39,258
2568,นันทบุรี (เตรียมการฯ),สำนักบริหารพื้นที่อนุรักษ์ที่ 13 (แพร่),537,454,1484,1088,216,185,192,195,194,157,191,197
2568,แม่จริม,สำนักบริหารพื้นที่อนุรักษ์ที่ 13 (แพร่),0,342,891,698,437,714,810,528,328,69,0,0
2568,ศรีน่าน,สำนักบริหารพื้นที่อนุรักษ์ที่ 13 (แพร่),5510,3768,13643,7007,1454,154,291,131,862,983,1122,910
2568,แจ้ซ้อน,สำนักบริหารพื้นที่อนุรักษ์ที่ 13 สาขาลำปาง,8483,10295,32981,27415,12174,12414,25264,9248,6212,7146,8838,5046
2568,ดอยขุนตาล,สำนักบริหารพื้นที่อนุรักษ์ที่ 13 สาขาลำปาง,1127,2057,4114,3070,2005,21,0,3419,4199,4462,3713,2607
2568,ถ้ำผาไท (เตรียมการฯ),สำนักบริหารพื้นที่อนุรักษ์ที่ 13 สาขาลำปาง,1173,1590,3463,2359,1624,1533,1779,1080,912,916,1096,591
2568,แม่วะ,สำนักบริหารพื้นที่อนุรักษ์ที่ 13 สาขาลำปาง,403,548,1234,791,170,144,89,140,320,261,313,72
2568,ดอยจง,สำนักบริหารพื้นที่อนุรักษ์ที่ 13 สาขาลำปาง,153,220,378,292,69,78,128,68,103,157,236,210
2568,เขลางค์บรรพต (เตรียมการฯ),สำนักบริหารพื้นที่อนุรักษ์ที่ 13 สาขาลำปาง,286,277,698,383,180,155,393,173,226,205,193,192
2568,ตากสินมหาราช,สำนักบริหารพื้นที่อนุรักษ์ที่ 14 (ตาก),2572,3164,9657,5000,1955,785,962,1128,1579,2278,2373,1303
2568,แม่เมย,สำนักบริหารพื้นที่อนุรักษ์ที่ 14 (ตาก),495,703,1895,691,332,98,77,42,86,243,67,192
2568,น้ำตกพาเจริญ (เตรียมการฯ),สำนักบริหารพื้นที่อนุรักษ์ที่ 14 (ตาก),14135,12015,28585,17642,11816,11923,17534,0,0,4473,5985,4825
2568,รามคำแหง,สำนักบริหารพื้นที่อนุรักษ์ที่ 14 (ตาก),1836,334,0,0,0,0,0,0,3881,4071,3036,3408
2568,ศรีสัชนาลัย,สำนักบริหารพื้นที่อนุรักษ์ที่ 14 (ตาก),1221,1279,3656,2485,950,1201,1294,909,660,1072,0,0
2568,ลานสาง,สำนักบริหารพื้นที่อนุรักษ์ที่ 14 (ตาก),2362,2503,5178,3042,1730,1940,2696,1930,1186,1563,2083,976
2568,ขุนพะวอ,สำนักบริหารพื้นที่อนุรักษ์ที่ 14 (ตาก),717,874,2818,984,264,93,97,124,311,557,603,314
2568,ดอยสอยมาลัย-ไม้กลายเป็นหิน (เตรียมการฯ),สำนักบริหารพื้นที่อนุรักษ์ที่ 14 (ตาก),2159,2334,4787,3467,3223,1854,2084,1296,1409,1768,1813,1671
2568,ดอยหลวง,สำนักบริหารพื้นที่อนุรักษ์ที่ 15 (เชียงราย),1243,1082,2025,1467,1898,3470,7413,1405,957,0,0,0
2568,ขุนแจ,สำนักบริหารพื้นที่อนุรักษ์ที่ 15 (เชียงราย),119,311,394,1005,233,30,11,9,0,0,0,0
2568,ภูซาง,สำนักบริหารพื้นที่อนุรักษ์ที่ 15 (เชียงราย),2952,3468,8526,8131,5249,7271,14866,3625,1762,938,2113,1896
2568,ดอยภูนาง,สำนักบริหารพื้นที่อนุรักษ์ที่ 15 (เชียงราย),730,1220,2157,1543,1110,2225,2291,775,388,0,0,0
2568,ลำน้ำกก (เตรียมการฯ),สำนักบริหารพื้นที่อนุรักษ์ที่ 15 (เชียงราย),3876,6671,9231,9366,10009,16932,24408,6686,3358,0,0,0
2568,แม่ปืม,สำนักบริหารพื้นที่อนุรักษ์ที่ 15 (เชียงราย),3853,4837,11237,7030,2702,0,2177,2052,2545,2530,2905,2054
2568,ถ้ำหลวง-ขุนน้ำนางนอน (เตรียมการฯ),สำนักบริหารพื้นที่อนุรักษ์ที่ 15 (เชียงราย),0,7864,30672,32064,16454,16687,22015,9034,6352,0,0,0
2568,ภูชี้ฟ้า (เตรียมการฯ),สำนักบริหารพื้นที่อนุรักษ์ที่ 15 (เชียงราย),2740,10541,54584,72206,19976,2290,1367,750,1180,0,0,1788
2568,ดอยอินทนนท์,สำนักบริหารพื้นที่อนุรักษ์ที่ 16 (เชียงใหม่),57549,111441,201696,164545,74594,40895,40742,28952,27311,39648,45221,33688
2568,แม่ปิง,สำนักบริหารพื้นที่อนุรักษ์ที่ 16 (เชียงใหม่),511,1998,11476,10228,6077,4484,6640,1120,362,633,756,497
2568,ผาแดง,สำนักบริหารพื้นที่อนุรักษ์ที่ 16 (เชียงใหม่),1793,2691,7408,7346,4610,4866,7782,2602,1533,1719,1562,954
2568,ดอยผ้าห่มปก,สำนักบริหารพื้นที่อนุรักษ์ที่ 16 (เชียงใหม่),3125,3826,12979,17016,5361,2396,8092,2159,2154,2425,3350,2166
2568,ห้วยน้ำดัง,สำนักบริหารพื้นที่อนุรักษ์ที่ 16 (เชียงใหม่),8405,18521,35912,26853,15757,7130,5231,2844,3718,6139,5345,5511
2568,ดอยสุเทพ-ปุย,สำนักบริหารพื้นที่อนุรักษ์ที่ 16 (เชียงใหม่),22386,36598,52637,48675,39460,42827,37238,30364,27375,29503,36139,29560
2568,ออบหลวง,สำนักบริหารพื้นที่อนุรักษ์ที่ 16 (เชียงใหม่),2339,5111,8715,7359,3565,2055,2227,1309,1117,1448,1786,1478
2568,ศรีลานนา,สำนักบริหารพื้นที่อนุรักษ์ที่ 16 (เชียงใหม่),5358,6369,11285,9325,9443,11727,10718,7058,4927,5690,5802,4907
2568,ดอยเวียงผา (เตรียมการฯ),สำนักบริหารพื้นที่อนุรักษ์ที่ 16 (เชียงใหม่),37,57,229,288,159,75,87,90,75,93,78,66
2568,ออบขาน (เตรียมการฯ),สำนักบริหารพื้นที่อนุรักษ์ที่ 16 (เชียงใหม่),1539,2804,6080,7102,12025,23127,23901,6141,2449,2383,2290,1463
2568,แม่โถ (เตรียมการฯ),สำนักบริหารพื้นที่อนุรักษ์ที่ 16 (เชียงใหม่),90,217,509,353,127,68,401,61,0,0,0,0
2568,แม่ตะไคร้,สำนักบริหารพื้นที่อนุรักษ์ที่ 16 (เชียงใหม่),0,1588,4160,2515,1601,1864,4924,1231,803,0,1419,1169
2568,ขุนขาน,สำนักบริหารพื้นที่อนุรักษ์ที่ 16 (เชียงใหม่),791,2544,6463,4764,3746,1968,1083,1092,1080,1494,1266,329
2568,แม่วาง,สำนักบริหารพื้นที่อนุรักษ์ที่ 16 (เชียงใหม่),6392,9608,19051,17804,12438,0,0,4323,4831,5820,5746,5674
2568,น้ำตกบัวตอง - น้ำพุเจ็ดสี (เตรียมการฯ),สำนักบริหารพื้นที่อนุรักษ์ที่ 16 (เชียงใหม่),30755,43905,51796,70507,71077,56396,60161,38635,35056,58794,61546,31699
2568,ถ้ำปลา-น้ำตกผาเสื่อ,สำนักบริหารพื้นที่อนุรักษ์ที่ 16 สาขาแม่สะเรียง,9238,20875,29289,17892,9147,2990,2504,2018,1673,2406,2413,1897
2568,น้ำตกแม่สุรินทร์,สำนักบริหารพื้นที่อนุรักษ์ที่ 16 สาขาแม่สะเรียง,808,5093,1839,780,648,212,100,142,38,124,121,47
2568,สาละวิน,สำนักบริหารพื้นที่อนุรักษ์ที่ 16 สาขาแม่สะเรียง,88,164,609,344,196,25,51,0,0,0,0,0
2568,แม่เงา (เตรียมการฯ),สำนักบริหารพื้นที่อนุรักษ์ที่ 16 สาขาแม่สะเรียง,938,1580,2867,3620,1594,1777,4603,4115,4043,0,0,0
2568,แม่สะเรียง (เตรียมการฯ),สำนักบริหารพื้นที่อนุรักษ์ที่ 16 สาขาแม่สะเรียง,64,233,442,129,52,16,13,19,0,0,0,0
